ISO-10303-21;
HEADER;
FILE_DESCRIPTION(('FreeCAD Model'),'2;1');
FILE_NAME('Open CASCADE Shape Model','2026-09-26T21:25:04',(''),(''),
  'Open CASCADE STEP processor 7.8','FreeCAD','Unknown');
FILE_SCHEMA(('AUTOMOTIVE_DESIGN { 1 0 10303 214 1 1 1 1 }'));
ENDSEC;
DATA;
#1 = APPLICATION_PROTOCOL_DEFINITION('international standard',
  'automotive_design',2000,#2);
#2 = APPLICATION_CONTEXT(
  'core data for automotive mechanical design processes');
#3 = SHAPE_DEFINITION_REPRESENTATION(#4,#10);
#4 = PRODUCT_DEFINITION_SHAPE('','',#5);
#5 = PRODUCT_DEFINITION('design','',#6,#9);
#6 = PRODUCT_DEFINITION_FORMATION('','',#7);
#7 = PRODUCT('chargerbase','chargerbase','',(#8));
#8 = PRODUCT_CONTEXT('',#2,'mechanical');
#9 = PRODUCT_DEFINITION_CONTEXT('part definition',#2,'design');
#10 = SHAPE_REPRESENTATION('',(#11,#15,#19,#23,#27,#31,#35,#39,#43,#47,
    #51,#55),#59);
#11 = AXIS2_PLACEMENT_3D('',#12,#13,#14);
#12 = CARTESIAN_POINT('',(0.,0.,0.));
#13 = DIRECTION('',(0.,0.,1.));
#14 = DIRECTION('',(1.,0.,-0.));
#15 = AXIS2_PLACEMENT_3D('',#16,#17,#18);
#16 = CARTESIAN_POINT('',(0.,0.,0.));
#17 = DIRECTION('',(0.,0.,1.));
#18 = DIRECTION('',(1.,0.,0.));
#19 = AXIS2_PLACEMENT_3D('',#20,#21,#22);
#20 = CARTESIAN_POINT('',(1.110223024625E-16,62.,44.5));
#21 = DIRECTION('',(-0.,1.,1.7763568394E-15));
#22 = DIRECTION('',(0.,-1.7763568394E-15,1.));
#23 = AXIS2_PLACEMENT_3D('',#24,#25,#26);
#24 = CARTESIAN_POINT('',(0.,0.,0.));
#25 = DIRECTION('',(0.,0.,1.));
#26 = DIRECTION('',(1.,0.,0.));
#27 = AXIS2_PLACEMENT_3D('',#28,#29,#30);
#28 = CARTESIAN_POINT('',(0.,0.,0.));
#29 = DIRECTION('',(0.,0.,1.));
#30 = DIRECTION('',(1.,0.,0.));
#31 = AXIS2_PLACEMENT_3D('',#32,#33,#34);
#32 = CARTESIAN_POINT('',(0.,0.,0.));
#33 = DIRECTION('',(0.,0.,1.));
#34 = DIRECTION('',(1.,0.,0.));
#35 = AXIS2_PLACEMENT_3D('',#36,#37,#38);
#36 = CARTESIAN_POINT('',(0.,0.,0.));
#37 = DIRECTION('',(0.,0.,1.));
#38 = DIRECTION('',(1.,0.,0.));
#39 = AXIS2_PLACEMENT_3D('',#40,#41,#42);
#40 = CARTESIAN_POINT('',(0.,0.,0.));
#41 = DIRECTION('',(0.,0.,1.));
#42 = DIRECTION('',(1.,0.,0.));
#43 = AXIS2_PLACEMENT_3D('',#44,#45,#46);
#44 = CARTESIAN_POINT('',(0.,0.,0.));
#45 = DIRECTION('',(0.,0.,1.));
#46 = DIRECTION('',(1.,0.,0.));
#47 = AXIS2_PLACEMENT_3D('',#48,#49,#50);
#48 = CARTESIAN_POINT('',(0.,0.,0.));
#49 = DIRECTION('',(0.,0.,1.));
#50 = DIRECTION('',(1.,0.,0.));
#51 = AXIS2_PLACEMENT_3D('',#52,#53,#54);
#52 = CARTESIAN_POINT('',(0.,0.,0.));
#53 = DIRECTION('',(0.,0.,1.));
#54 = DIRECTION('',(1.,0.,0.));
#55 = AXIS2_PLACEMENT_3D('',#56,#57,#58);
#56 = CARTESIAN_POINT('',(28.243053600677,-13.3429,35.));
#57 = DIRECTION('',(0.,0.,1.));
#58 = DIRECTION('',(1.,0.,0.));
#59 = ( GEOMETRIC_REPRESENTATION_CONTEXT(3) 
GLOBAL_UNCERTAINTY_ASSIGNED_CONTEXT((#63)) GLOBAL_UNIT_ASSIGNED_CONTEXT(
(#60,#61,#62)) REPRESENTATION_CONTEXT('Context #1',
  '3D Context with UNIT and UNCERTAINTY') );
#60 = ( LENGTH_UNIT() NAMED_UNIT(*) SI_UNIT(.MILLI.,.METRE.) );
#61 = ( NAMED_UNIT(*) PLANE_ANGLE_UNIT() SI_UNIT($,.RADIAN.) );
#62 = ( NAMED_UNIT(*) SI_UNIT($,.STERADIAN.) SOLID_ANGLE_UNIT() );
#63 = UNCERTAINTY_MEASURE_WITH_UNIT(LENGTH_MEASURE(1.E-05),#60,
  'distance_accuracy_value','confusion accuracy');
#64 = PRODUCT_RELATED_PRODUCT_CATEGORY('part',$,(#7));
#65 = SHAPE_DEFINITION_REPRESENTATION(#66,#72);
#66 = PRODUCT_DEFINITION_SHAPE('','',#67);
#67 = PRODUCT_DEFINITION('design','',#68,#71);
#68 = PRODUCT_DEFINITION_FORMATION('','',#69);
#69 = PRODUCT('Body','Body','',(#70));
#70 = PRODUCT_CONTEXT('',#2,'mechanical');
#71 = PRODUCT_DEFINITION_CONTEXT('part definition',#2,'design');
#72 = ADVANCED_BREP_SHAPE_REPRESENTATION('',(#11,#73),#859);
#73 = MANIFOLD_SOLID_BREP('',#74);
#74 = CLOSED_SHELL('',(#75,#115,#178,#226,#243,#310,#334,#358,#382,#447,
    #459,#477,#510,#535,#559,#584,#612,#637,#661,#679,#712,#729,#754,
    #771,#796,#813,#836,#847));
#75 = ADVANCED_FACE('',(#76),#110,.T.);
#76 = FACE_BOUND('',#77,.T.);
#77 = EDGE_LOOP('',(#78,#88,#96,#104));
#78 = ORIENTED_EDGE('',*,*,#79,.T.);
#79 = EDGE_CURVE('',#80,#82,#84,.T.);
#80 = VERTEX_POINT('',#81);
#81 = CARTESIAN_POINT('',(32.5,-65.,1.42108547152E-14));
#82 = VERTEX_POINT('',#83);
#83 = CARTESIAN_POINT('',(32.5,-65.,45.));
#84 = LINE('',#85,#86);
#85 = CARTESIAN_POINT('',(32.5,-65.,-7.105427357601E-15));
#86 = VECTOR('',#87,1.);
#87 = DIRECTION('',(1.1E-16,1.1E-16,1.));
#88 = ORIENTED_EDGE('',*,*,#89,.T.);
#89 = EDGE_CURVE('',#82,#90,#92,.T.);
#90 = VERTEX_POINT('',#91);
#91 = CARTESIAN_POINT('',(32.5,65.,45.));
#92 = LINE('',#93,#94);
#93 = CARTESIAN_POINT('',(32.5,-65.,45.));
#94 = VECTOR('',#95,1.);
#95 = DIRECTION('',(-1.1E-16,1.,-3.3E-16));
#96 = ORIENTED_EDGE('',*,*,#97,.F.);
#97 = EDGE_CURVE('',#98,#90,#100,.T.);
#98 = VERTEX_POINT('',#99);
#99 = CARTESIAN_POINT('',(32.5,65.,-2.84217094304E-14));
#100 = LINE('',#101,#102);
#101 = CARTESIAN_POINT('',(32.5,65.,-5.684341886081E-14));
#102 = VECTOR('',#103,1.);
#103 = DIRECTION('',(1.1E-16,1.1E-16,1.));
#104 = ORIENTED_EDGE('',*,*,#105,.F.);
#105 = EDGE_CURVE('',#80,#98,#106,.T.);
#106 = LINE('',#107,#108);
#107 = CARTESIAN_POINT('',(32.5,-65.,-7.105427357601E-15));
#108 = VECTOR('',#109,1.);
#109 = DIRECTION('',(-1.1E-16,1.,-3.3E-16));
#110 = PLANE('',#111);
#111 = AXIS2_PLACEMENT_3D('',#112,#113,#114);
#112 = CARTESIAN_POINT('',(32.5,-65.,-7.105427357601E-15));
#113 = DIRECTION('',(-1.,1.1E-16,3.3E-16));
#114 = DIRECTION('',(1.1E-16,1.,-3.3E-16));
#115 = ADVANCED_FACE('',(#116),#173,.T.);
#116 = FACE_BOUND('',#117,.T.);
#117 = EDGE_LOOP('',(#118,#126,#134,#142,#150,#158,#166,#172));
#118 = ORIENTED_EDGE('',*,*,#119,.F.);
#119 = EDGE_CURVE('',#120,#80,#122,.T.);
#120 = VERTEX_POINT('',#121);
#121 = CARTESIAN_POINT('',(-32.5,-65.,1.42108547152E-14));
#122 = LINE('',#123,#124);
#123 = CARTESIAN_POINT('',(-32.5,-65.,1.42108547152E-14));
#124 = VECTOR('',#125,1.);
#125 = DIRECTION('',(1.,-1.1E-16,-3.3E-16));
#126 = ORIENTED_EDGE('',*,*,#127,.T.);
#127 = EDGE_CURVE('',#120,#128,#130,.T.);
#128 = VERTEX_POINT('',#129);
#129 = CARTESIAN_POINT('',(-32.5,-65.,45.));
#130 = LINE('',#131,#132);
#131 = CARTESIAN_POINT('',(-32.5,-65.,1.42108547152E-14));
#132 = VECTOR('',#133,1.);
#133 = DIRECTION('',(1.1E-16,1.1E-16,1.));
#134 = ORIENTED_EDGE('',*,*,#135,.T.);
#135 = EDGE_CURVE('',#128,#136,#138,.T.);
#136 = VERTEX_POINT('',#137);
#137 = CARTESIAN_POINT('',(-25.,-65.,45.));
#138 = LINE('',#139,#140);
#139 = CARTESIAN_POINT('',(-32.5,-65.,45.));
#140 = VECTOR('',#141,1.);
#141 = DIRECTION('',(1.,-1.1E-16,-3.3E-16));
#142 = ORIENTED_EDGE('',*,*,#143,.T.);
#143 = EDGE_CURVE('',#136,#144,#146,.T.);
#144 = VERTEX_POINT('',#145);
#145 = CARTESIAN_POINT('',(-25.,-65.,40.));
#146 = LINE('',#147,#148);
#147 = CARTESIAN_POINT('',(-25.,-65.,20.));
#148 = VECTOR('',#149,1.);
#149 = DIRECTION('',(-1.1E-16,-1.1E-16,-1.));
#150 = ORIENTED_EDGE('',*,*,#151,.T.);
#151 = EDGE_CURVE('',#144,#152,#154,.T.);
#152 = VERTEX_POINT('',#153);
#153 = CARTESIAN_POINT('',(-6.,-65.,40.));
#154 = LINE('',#155,#156);
#155 = CARTESIAN_POINT('',(-28.75,-65.,40.));
#156 = VECTOR('',#157,1.);
#157 = DIRECTION('',(1.,-1.1E-16,-3.3E-16));
#158 = ORIENTED_EDGE('',*,*,#159,.F.);
#159 = EDGE_CURVE('',#160,#152,#162,.T.);
#160 = VERTEX_POINT('',#161);
#161 = CARTESIAN_POINT('',(-6.,-65.,45.));
#162 = LINE('',#163,#164);
#163 = CARTESIAN_POINT('',(-6.,-65.,20.));
#164 = VECTOR('',#165,1.);
#165 = DIRECTION('',(-2.2E-16,-1.1E-16,-1.));
#166 = ORIENTED_EDGE('',*,*,#167,.T.);
#167 = EDGE_CURVE('',#160,#82,#168,.T.);
#168 = LINE('',#169,#170);
#169 = CARTESIAN_POINT('',(-32.5,-65.,45.));
#170 = VECTOR('',#171,1.);
#171 = DIRECTION('',(1.,-1.1E-16,-3.3E-16));
#172 = ORIENTED_EDGE('',*,*,#79,.F.);
#173 = PLANE('',#174);
#174 = AXIS2_PLACEMENT_3D('',#175,#176,#177);
#175 = CARTESIAN_POINT('',(-32.5,-65.,1.42108547152E-14));
#176 = DIRECTION('',(-1.1E-16,1.,-3.3E-16));
#177 = DIRECTION('',(1.,1.1E-16,-3.3E-16));
#178 = ADVANCED_FACE('',(#179),#221,.T.);
#179 = FACE_BOUND('',#180,.T.);
#180 = EDGE_LOOP('',(#181,#189,#190,#198,#207,#215));
#181 = ORIENTED_EDGE('',*,*,#182,.F.);
#182 = EDGE_CURVE('',#98,#183,#185,.T.);
#183 = VERTEX_POINT('',#184);
#184 = CARTESIAN_POINT('',(-32.5,65.,-2.84217094304E-14));
#185 = LINE('',#186,#187);
#186 = CARTESIAN_POINT('',(32.5,65.,-5.684341886081E-14));
#187 = VECTOR('',#188,1.);
#188 = DIRECTION('',(-1.,1.1E-16,3.3E-16));
#189 = ORIENTED_EDGE('',*,*,#97,.T.);
#190 = ORIENTED_EDGE('',*,*,#191,.T.);
#191 = EDGE_CURVE('',#90,#192,#194,.T.);
#192 = VERTEX_POINT('',#193);
#193 = CARTESIAN_POINT('',(2.95803989155,65.,45.));
#194 = LINE('',#195,#196);
#195 = CARTESIAN_POINT('',(32.5,65.,45.));
#196 = VECTOR('',#197,1.);
#197 = DIRECTION('',(-1.,1.1E-16,3.3E-16));
#198 = ORIENTED_EDGE('',*,*,#199,.F.);
#199 = EDGE_CURVE('',#200,#192,#202,.T.);
#200 = VERTEX_POINT('',#201);
#201 = CARTESIAN_POINT('',(-2.95803989155,65.,45.));
#202 = CIRCLE('',#203,3.);
#203 = AXIS2_PLACEMENT_3D('',#204,#205,#206);
#204 = CARTESIAN_POINT('',(1.1E-16,65.,44.5));
#205 = DIRECTION('',(0.,-1.,0.));
#206 = DIRECTION('',(0.,0.,1.));
#207 = ORIENTED_EDGE('',*,*,#208,.T.);
#208 = EDGE_CURVE('',#200,#209,#211,.T.);
#209 = VERTEX_POINT('',#210);
#210 = CARTESIAN_POINT('',(-32.5,65.,45.));
#211 = LINE('',#212,#213);
#212 = CARTESIAN_POINT('',(32.5,65.,45.));
#213 = VECTOR('',#214,1.);
#214 = DIRECTION('',(-1.,1.1E-16,3.3E-16));
#215 = ORIENTED_EDGE('',*,*,#216,.F.);
#216 = EDGE_CURVE('',#183,#209,#217,.T.);
#217 = LINE('',#218,#219);
#218 = CARTESIAN_POINT('',(-32.5,65.,-3.552713678801E-14));
#219 = VECTOR('',#220,1.);
#220 = DIRECTION('',(1.1E-16,1.1E-16,1.));
#221 = PLANE('',#222);
#222 = AXIS2_PLACEMENT_3D('',#223,#224,#225);
#223 = CARTESIAN_POINT('',(32.5,65.,-5.684341886081E-14));
#224 = DIRECTION('',(1.1E-16,-1.,3.3E-16));
#225 = DIRECTION('',(-1.,-1.1E-16,3.3E-16));
#226 = ADVANCED_FACE('',(#227),#238,.T.);
#227 = FACE_BOUND('',#228,.T.);
#228 = EDGE_LOOP('',(#229,#230,#231,#237));
#229 = ORIENTED_EDGE('',*,*,#105,.T.);
#230 = ORIENTED_EDGE('',*,*,#182,.T.);
#231 = ORIENTED_EDGE('',*,*,#232,.T.);
#232 = EDGE_CURVE('',#183,#120,#233,.T.);
#233 = LINE('',#234,#235);
#234 = CARTESIAN_POINT('',(-32.5,65.,-3.552713678801E-14));
#235 = VECTOR('',#236,1.);
#236 = DIRECTION('',(1.1E-16,-1.,3.3E-16));
#237 = ORIENTED_EDGE('',*,*,#119,.T.);
#238 = PLANE('',#239);
#239 = AXIS2_PLACEMENT_3D('',#240,#241,#242);
#240 = CARTESIAN_POINT('',(2.13162820728E-14,-1.743E-14,
    -2.13162820728E-14));
#241 = DIRECTION('',(1.1E-16,1.1E-16,1.));
#242 = DIRECTION('',(1.,-1.1E-16,-1.1E-16));
#243 = ADVANCED_FACE('',(#244),#305,.T.);
#244 = FACE_BOUND('',#245,.T.);
#245 = EDGE_LOOP('',(#246,#247,#248,#256,#264,#273,#281,#290,#298,#304)
  );
#246 = ORIENTED_EDGE('',*,*,#89,.F.);
#247 = ORIENTED_EDGE('',*,*,#167,.F.);
#248 = ORIENTED_EDGE('',*,*,#249,.F.);
#249 = EDGE_CURVE('',#250,#160,#252,.T.);
#250 = VERTEX_POINT('',#251);
#251 = CARTESIAN_POINT('',(-6.,-68.,45.));
#252 = LINE('',#253,#254);
#253 = CARTESIAN_POINT('',(-6.,-31.,45.));
#254 = VECTOR('',#255,1.);
#255 = DIRECTION('',(-1.1E-16,1.,-3.3E-16));
#256 = ORIENTED_EDGE('',*,*,#257,.T.);
#257 = EDGE_CURVE('',#250,#258,#260,.T.);
#258 = VERTEX_POINT('',#259);
#259 = CARTESIAN_POINT('',(32.5,-68.,45.));
#260 = LINE('',#261,#262);
#261 = CARTESIAN_POINT('',(-32.5,-68.,45.));
#262 = VECTOR('',#263,1.);
#263 = DIRECTION('',(1.,-1.1E-16,-3.3E-16));
#264 = ORIENTED_EDGE('',*,*,#265,.F.);
#265 = EDGE_CURVE('',#266,#258,#268,.T.);
#266 = VERTEX_POINT('',#267);
#267 = CARTESIAN_POINT('',(35.5,-65.,45.));
#268 = CIRCLE('',#269,3.);
#269 = AXIS2_PLACEMENT_3D('',#270,#271,#272);
#270 = CARTESIAN_POINT('',(32.5,-65.,45.));
#271 = DIRECTION('',(-3.3E-16,-3.3E-16,-1.));
#272 = DIRECTION('',(0.,1.,-3.3E-16));
#273 = ORIENTED_EDGE('',*,*,#274,.T.);
#274 = EDGE_CURVE('',#266,#275,#277,.T.);
#275 = VERTEX_POINT('',#276);
#276 = CARTESIAN_POINT('',(35.5,65.,45.));
#277 = LINE('',#278,#279);
#278 = CARTESIAN_POINT('',(35.5,-65.,45.));
#279 = VECTOR('',#280,1.);
#280 = DIRECTION('',(-1.1E-16,1.,-3.3E-16));
#281 = ORIENTED_EDGE('',*,*,#282,.T.);
#282 = EDGE_CURVE('',#275,#283,#285,.T.);
#283 = VERTEX_POINT('',#284);
#284 = CARTESIAN_POINT('',(32.5,68.,45.));
#285 = CIRCLE('',#286,3.);
#286 = AXIS2_PLACEMENT_3D('',#287,#288,#289);
#287 = CARTESIAN_POINT('',(32.5,65.,45.));
#288 = DIRECTION('',(3.3E-16,3.3E-16,1.));
#289 = DIRECTION('',(2.2E-16,-1.,3.3E-16));
#290 = ORIENTED_EDGE('',*,*,#291,.T.);
#291 = EDGE_CURVE('',#283,#292,#294,.T.);
#292 = VERTEX_POINT('',#293);
#293 = CARTESIAN_POINT('',(2.95803989155,68.,45.));
#294 = LINE('',#295,#296);
#295 = CARTESIAN_POINT('',(32.5,68.,45.));
#296 = VECTOR('',#297,1.);
#297 = DIRECTION('',(-1.,1.1E-16,3.3E-16));
#298 = ORIENTED_EDGE('',*,*,#299,.T.);
#299 = EDGE_CURVE('',#292,#192,#300,.T.);
#300 = LINE('',#301,#302);
#301 = CARTESIAN_POINT('',(2.95803989155,62.,45.));
#302 = VECTOR('',#303,1.);
#303 = DIRECTION('',(-0.,-1.,-0.));
#304 = ORIENTED_EDGE('',*,*,#191,.F.);
#305 = PLANE('',#306);
#306 = AXIS2_PLACEMENT_3D('',#307,#308,#309);
#307 = CARTESIAN_POINT('',(2.986499936242E-14,-7.44E-15,45.));
#308 = DIRECTION('',(1.1E-16,1.1E-16,1.));
#309 = DIRECTION('',(1.,-1.1E-16,-1.1E-16));
#310 = ADVANCED_FACE('',(#311),#329,.F.);
#311 = FACE_BOUND('',#312,.F.);
#312 = EDGE_LOOP('',(#313,#321,#322,#323));
#313 = ORIENTED_EDGE('',*,*,#314,.F.);
#314 = EDGE_CURVE('',#152,#315,#317,.T.);
#315 = VERTEX_POINT('',#316);
#316 = CARTESIAN_POINT('',(-6.,-68.,40.));
#317 = LINE('',#318,#319);
#318 = CARTESIAN_POINT('',(-6.,-62.,40.));
#319 = VECTOR('',#320,1.);
#320 = DIRECTION('',(1.1E-16,-1.,4.4E-16));
#321 = ORIENTED_EDGE('',*,*,#159,.F.);
#322 = ORIENTED_EDGE('',*,*,#249,.F.);
#323 = ORIENTED_EDGE('',*,*,#324,.T.);
#324 = EDGE_CURVE('',#250,#315,#325,.T.);
#325 = LINE('',#326,#327);
#326 = CARTESIAN_POINT('',(-6.,-68.,20.));
#327 = VECTOR('',#328,1.);
#328 = DIRECTION('',(-2.2E-16,-1.1E-16,-1.));
#329 = PLANE('',#330);
#330 = AXIS2_PLACEMENT_3D('',#331,#332,#333);
#331 = CARTESIAN_POINT('',(-6.,-62.,40.));
#332 = DIRECTION('',(1.,-1.1E-16,-4.4E-16));
#333 = DIRECTION('',(-1.1E-16,-1.,4.4E-16));
#334 = ADVANCED_FACE('',(#335),#353,.T.);
#335 = FACE_BOUND('',#336,.T.);
#336 = EDGE_LOOP('',(#337,#338,#339,#347));
#337 = ORIENTED_EDGE('',*,*,#314,.F.);
#338 = ORIENTED_EDGE('',*,*,#151,.F.);
#339 = ORIENTED_EDGE('',*,*,#340,.T.);
#340 = EDGE_CURVE('',#144,#341,#343,.T.);
#341 = VERTEX_POINT('',#342);
#342 = CARTESIAN_POINT('',(-25.,-68.,40.));
#343 = LINE('',#344,#345);
#344 = CARTESIAN_POINT('',(-25.,-62.,40.));
#345 = VECTOR('',#346,1.);
#346 = DIRECTION('',(1.1E-16,-1.,3.3E-16));
#347 = ORIENTED_EDGE('',*,*,#348,.T.);
#348 = EDGE_CURVE('',#341,#315,#349,.T.);
#349 = LINE('',#350,#351);
#350 = CARTESIAN_POINT('',(-27.25,-68.,40.));
#351 = VECTOR('',#352,1.);
#352 = DIRECTION('',(1.,-1.1E-16,-3.3E-16));
#353 = PLANE('',#354);
#354 = AXIS2_PLACEMENT_3D('',#355,#356,#357);
#355 = CARTESIAN_POINT('',(-15.5,-66.5,40.));
#356 = DIRECTION('',(1.1E-16,1.1E-16,1.));
#357 = DIRECTION('',(1.1E-16,-1.,1.1E-16));
#358 = ADVANCED_FACE('',(#359),#377,.T.);
#359 = FACE_BOUND('',#360,.T.);
#360 = EDGE_LOOP('',(#361,#362,#363,#371));
#361 = ORIENTED_EDGE('',*,*,#340,.F.);
#362 = ORIENTED_EDGE('',*,*,#143,.F.);
#363 = ORIENTED_EDGE('',*,*,#364,.T.);
#364 = EDGE_CURVE('',#136,#365,#367,.T.);
#365 = VERTEX_POINT('',#366);
#366 = CARTESIAN_POINT('',(-25.,-68.,45.));
#367 = LINE('',#368,#369);
#368 = CARTESIAN_POINT('',(-25.,-62.,45.));
#369 = VECTOR('',#370,1.);
#370 = DIRECTION('',(1.1E-16,-1.,3.3E-16));
#371 = ORIENTED_EDGE('',*,*,#372,.T.);
#372 = EDGE_CURVE('',#365,#341,#373,.T.);
#373 = LINE('',#374,#375);
#374 = CARTESIAN_POINT('',(-25.,-68.,20.));
#375 = VECTOR('',#376,1.);
#376 = DIRECTION('',(-1.1E-16,-1.1E-16,-1.));
#377 = PLANE('',#378);
#378 = AXIS2_PLACEMENT_3D('',#379,#380,#381);
#379 = CARTESIAN_POINT('',(-25.,-62.,40.));
#380 = DIRECTION('',(1.,-1.1E-16,-3.3E-16));
#381 = DIRECTION('',(-1.1E-16,-1.,3.3E-16));
#382 = ADVANCED_FACE('',(#383),#442,.T.);
#383 = FACE_BOUND('',#384,.T.);
#384 = EDGE_LOOP('',(#385,#386,#394,#402,#411,#419,#428,#434,#435,#436)
  );
#385 = ORIENTED_EDGE('',*,*,#208,.F.);
#386 = ORIENTED_EDGE('',*,*,#387,.F.);
#387 = EDGE_CURVE('',#388,#200,#390,.T.);
#388 = VERTEX_POINT('',#389);
#389 = CARTESIAN_POINT('',(-2.95803989155,68.,45.));
#390 = LINE('',#391,#392);
#391 = CARTESIAN_POINT('',(-2.95803989155,62.,45.));
#392 = VECTOR('',#393,1.);
#393 = DIRECTION('',(-0.,-1.,-0.));
#394 = ORIENTED_EDGE('',*,*,#395,.T.);
#395 = EDGE_CURVE('',#388,#396,#398,.T.);
#396 = VERTEX_POINT('',#397);
#397 = CARTESIAN_POINT('',(-32.5,68.,45.));
#398 = LINE('',#399,#400);
#399 = CARTESIAN_POINT('',(32.5,68.,45.));
#400 = VECTOR('',#401,1.);
#401 = DIRECTION('',(-1.,1.1E-16,3.3E-16));
#402 = ORIENTED_EDGE('',*,*,#403,.T.);
#403 = EDGE_CURVE('',#396,#404,#406,.T.);
#404 = VERTEX_POINT('',#405);
#405 = CARTESIAN_POINT('',(-35.5,65.,45.));
#406 = CIRCLE('',#407,3.);
#407 = AXIS2_PLACEMENT_3D('',#408,#409,#410);
#408 = CARTESIAN_POINT('',(-32.5,65.,45.));
#409 = DIRECTION('',(3.3E-16,3.3E-16,1.));
#410 = DIRECTION('',(1.,0.,-3.3E-16));
#411 = ORIENTED_EDGE('',*,*,#412,.T.);
#412 = EDGE_CURVE('',#404,#413,#415,.T.);
#413 = VERTEX_POINT('',#414);
#414 = CARTESIAN_POINT('',(-35.5,-65.,45.));
#415 = LINE('',#416,#417);
#416 = CARTESIAN_POINT('',(-35.5,65.,45.));
#417 = VECTOR('',#418,1.);
#418 = DIRECTION('',(1.1E-16,-1.,3.3E-16));
#419 = ORIENTED_EDGE('',*,*,#420,.T.);
#420 = EDGE_CURVE('',#413,#421,#423,.T.);
#421 = VERTEX_POINT('',#422);
#422 = CARTESIAN_POINT('',(-32.5,-68.,45.));
#423 = CIRCLE('',#424,3.);
#424 = AXIS2_PLACEMENT_3D('',#425,#426,#427);
#425 = CARTESIAN_POINT('',(-32.5,-65.,45.));
#426 = DIRECTION('',(3.3E-16,3.3E-16,1.));
#427 = DIRECTION('',(-2.2E-16,1.,-3.3E-16));
#428 = ORIENTED_EDGE('',*,*,#429,.T.);
#429 = EDGE_CURVE('',#421,#365,#430,.T.);
#430 = LINE('',#431,#432);
#431 = CARTESIAN_POINT('',(-32.5,-68.,45.));
#432 = VECTOR('',#433,1.);
#433 = DIRECTION('',(1.,-1.1E-16,-3.3E-16));
#434 = ORIENTED_EDGE('',*,*,#364,.F.);
#435 = ORIENTED_EDGE('',*,*,#135,.F.);
#436 = ORIENTED_EDGE('',*,*,#437,.F.);
#437 = EDGE_CURVE('',#209,#128,#438,.T.);
#438 = LINE('',#439,#440);
#439 = CARTESIAN_POINT('',(-32.5,65.,45.));
#440 = VECTOR('',#441,1.);
#441 = DIRECTION('',(1.1E-16,-1.,3.3E-16));
#442 = PLANE('',#443);
#443 = AXIS2_PLACEMENT_3D('',#444,#445,#446);
#444 = CARTESIAN_POINT('',(2.986499936242E-14,-7.44E-15,45.));
#445 = DIRECTION('',(1.1E-16,1.1E-16,1.));
#446 = DIRECTION('',(1.,-1.1E-16,-1.1E-16));
#447 = ADVANCED_FACE('',(#448),#454,.T.);
#448 = FACE_BOUND('',#449,.T.);
#449 = EDGE_LOOP('',(#450,#451,#452,#453));
#450 = ORIENTED_EDGE('',*,*,#216,.T.);
#451 = ORIENTED_EDGE('',*,*,#437,.T.);
#452 = ORIENTED_EDGE('',*,*,#127,.F.);
#453 = ORIENTED_EDGE('',*,*,#232,.F.);
#454 = PLANE('',#455);
#455 = AXIS2_PLACEMENT_3D('',#456,#457,#458);
#456 = CARTESIAN_POINT('',(-32.5,65.,-3.552713678801E-14));
#457 = DIRECTION('',(1.,-1.1E-16,-3.3E-16));
#458 = DIRECTION('',(-1.1E-16,-1.,3.3E-16));
#459 = ADVANCED_FACE('',(#460),#472,.F.);
#460 = FACE_BOUND('',#461,.T.);
#461 = EDGE_LOOP('',(#462,#463,#464,#465));
#462 = ORIENTED_EDGE('',*,*,#387,.T.);
#463 = ORIENTED_EDGE('',*,*,#199,.T.);
#464 = ORIENTED_EDGE('',*,*,#299,.F.);
#465 = ORIENTED_EDGE('',*,*,#466,.F.);
#466 = EDGE_CURVE('',#388,#292,#467,.T.);
#467 = CIRCLE('',#468,3.);
#468 = AXIS2_PLACEMENT_3D('',#469,#470,#471);
#469 = CARTESIAN_POINT('',(1.1E-16,68.,44.5));
#470 = DIRECTION('',(0.,-1.,0.));
#471 = DIRECTION('',(0.,0.,1.));
#472 = CYLINDRICAL_SURFACE('',#473,3.);
#473 = AXIS2_PLACEMENT_3D('',#474,#475,#476);
#474 = CARTESIAN_POINT('',(1.1E-16,62.,44.5));
#475 = DIRECTION('',(-0.,-1.,-0.));
#476 = DIRECTION('',(0.,0.,1.));
#477 = ADVANCED_FACE('',(#478),#505,.F.);
#478 = FACE_BOUND('',#479,.F.);
#479 = EDGE_LOOP('',(#480,#488,#496,#502,#503,#504));
#480 = ORIENTED_EDGE('',*,*,#481,.F.);
#481 = EDGE_CURVE('',#482,#396,#484,.T.);
#482 = VERTEX_POINT('',#483);
#483 = CARTESIAN_POINT('',(-32.5,68.,-2.84217094304E-14));
#484 = LINE('',#485,#486);
#485 = CARTESIAN_POINT('',(-32.5,68.,-3.552713678801E-14));
#486 = VECTOR('',#487,1.);
#487 = DIRECTION('',(1.1E-16,1.1E-16,1.));
#488 = ORIENTED_EDGE('',*,*,#489,.F.);
#489 = EDGE_CURVE('',#490,#482,#492,.T.);
#490 = VERTEX_POINT('',#491);
#491 = CARTESIAN_POINT('',(32.5,68.,-2.84217094304E-14));
#492 = LINE('',#493,#494);
#493 = CARTESIAN_POINT('',(32.5,68.,-5.684341886081E-14));
#494 = VECTOR('',#495,1.);
#495 = DIRECTION('',(-1.,1.1E-16,3.3E-16));
#496 = ORIENTED_EDGE('',*,*,#497,.T.);
#497 = EDGE_CURVE('',#490,#283,#498,.T.);
#498 = LINE('',#499,#500);
#499 = CARTESIAN_POINT('',(32.5,68.,-5.684341886081E-14));
#500 = VECTOR('',#501,1.);
#501 = DIRECTION('',(1.1E-16,1.1E-16,1.));
#502 = ORIENTED_EDGE('',*,*,#291,.T.);
#503 = ORIENTED_EDGE('',*,*,#466,.F.);
#504 = ORIENTED_EDGE('',*,*,#395,.T.);
#505 = PLANE('',#506);
#506 = AXIS2_PLACEMENT_3D('',#507,#508,#509);
#507 = CARTESIAN_POINT('',(32.5,68.,-5.684341886081E-14));
#508 = DIRECTION('',(1.1E-16,-1.,3.3E-16));
#509 = DIRECTION('',(-1.,-1.1E-16,3.3E-16));
#510 = ADVANCED_FACE('',(#511),#530,.T.);
#511 = FACE_BOUND('',#512,.T.);
#512 = EDGE_LOOP('',(#513,#514,#515,#523));
#513 = ORIENTED_EDGE('',*,*,#497,.T.);
#514 = ORIENTED_EDGE('',*,*,#282,.F.);
#515 = ORIENTED_EDGE('',*,*,#516,.F.);
#516 = EDGE_CURVE('',#517,#275,#519,.T.);
#517 = VERTEX_POINT('',#518);
#518 = CARTESIAN_POINT('',(35.5,65.,-2.84217094304E-14));
#519 = LINE('',#520,#521);
#520 = CARTESIAN_POINT('',(35.5,65.,-5.684341886081E-14));
#521 = VECTOR('',#522,1.);
#522 = DIRECTION('',(1.1E-16,1.1E-16,1.));
#523 = ORIENTED_EDGE('',*,*,#524,.T.);
#524 = EDGE_CURVE('',#517,#490,#525,.T.);
#525 = CIRCLE('',#526,3.);
#526 = AXIS2_PLACEMENT_3D('',#527,#528,#529);
#527 = CARTESIAN_POINT('',(32.5,65.,-5.684341886081E-14));
#528 = DIRECTION('',(3.3E-16,3.3E-16,1.));
#529 = DIRECTION('',(2.2E-16,-1.,3.3E-16));
#530 = CYLINDRICAL_SURFACE('',#531,3.);
#531 = AXIS2_PLACEMENT_3D('',#532,#533,#534);
#532 = CARTESIAN_POINT('',(32.5,65.,-5.684341886081E-14));
#533 = DIRECTION('',(1.1E-16,1.1E-16,1.));
#534 = DIRECTION('',(2.2E-16,-1.,1.1E-16));
#535 = ADVANCED_FACE('',(#536),#554,.F.);
#536 = FACE_BOUND('',#537,.F.);
#537 = EDGE_LOOP('',(#538,#546,#547,#548));
#538 = ORIENTED_EDGE('',*,*,#539,.T.);
#539 = EDGE_CURVE('',#540,#266,#542,.T.);
#540 = VERTEX_POINT('',#541);
#541 = CARTESIAN_POINT('',(35.5,-65.,1.42108547152E-14));
#542 = LINE('',#543,#544);
#543 = CARTESIAN_POINT('',(35.5,-65.,-1.42108547152E-14));
#544 = VECTOR('',#545,1.);
#545 = DIRECTION('',(1.1E-16,1.1E-16,1.));
#546 = ORIENTED_EDGE('',*,*,#274,.T.);
#547 = ORIENTED_EDGE('',*,*,#516,.F.);
#548 = ORIENTED_EDGE('',*,*,#549,.F.);
#549 = EDGE_CURVE('',#540,#517,#550,.T.);
#550 = LINE('',#551,#552);
#551 = CARTESIAN_POINT('',(35.5,-65.,-1.42108547152E-14));
#552 = VECTOR('',#553,1.);
#553 = DIRECTION('',(-1.1E-16,1.,-3.3E-16));
#554 = PLANE('',#555);
#555 = AXIS2_PLACEMENT_3D('',#556,#557,#558);
#556 = CARTESIAN_POINT('',(35.5,-65.,-1.42108547152E-14));
#557 = DIRECTION('',(-1.,1.1E-16,3.3E-16));
#558 = DIRECTION('',(1.1E-16,1.,-3.3E-16));
#559 = ADVANCED_FACE('',(#560),#579,.T.);
#560 = FACE_BOUND('',#561,.F.);
#561 = EDGE_LOOP('',(#562,#570,#571,#572));
#562 = ORIENTED_EDGE('',*,*,#563,.T.);
#563 = EDGE_CURVE('',#564,#258,#566,.T.);
#564 = VERTEX_POINT('',#565);
#565 = CARTESIAN_POINT('',(32.5,-68.,1.42108547152E-14));
#566 = LINE('',#567,#568);
#567 = CARTESIAN_POINT('',(32.5,-68.,-7.105427357601E-15));
#568 = VECTOR('',#569,1.);
#569 = DIRECTION('',(1.1E-16,1.1E-16,1.));
#570 = ORIENTED_EDGE('',*,*,#265,.F.);
#571 = ORIENTED_EDGE('',*,*,#539,.F.);
#572 = ORIENTED_EDGE('',*,*,#573,.T.);
#573 = EDGE_CURVE('',#540,#564,#574,.T.);
#574 = CIRCLE('',#575,3.);
#575 = AXIS2_PLACEMENT_3D('',#576,#577,#578);
#576 = CARTESIAN_POINT('',(32.5,-65.,-7.105427357601E-15));
#577 = DIRECTION('',(-3.3E-16,-3.3E-16,-1.));
#578 = DIRECTION('',(0.,1.,-3.3E-16));
#579 = CYLINDRICAL_SURFACE('',#580,3.);
#580 = AXIS2_PLACEMENT_3D('',#581,#582,#583);
#581 = CARTESIAN_POINT('',(32.5,-65.,-7.105427357601E-15));
#582 = DIRECTION('',(1.1E-16,1.1E-16,1.));
#583 = DIRECTION('',(2.42E-32,1.,-1.1E-16));
#584 = ADVANCED_FACE('',(#585),#607,.F.);
#585 = FACE_BOUND('',#586,.F.);
#586 = EDGE_LOOP('',(#587,#595,#601,#602,#603,#604,#605,#606));
#587 = ORIENTED_EDGE('',*,*,#588,.F.);
#588 = EDGE_CURVE('',#589,#564,#591,.T.);
#589 = VERTEX_POINT('',#590);
#590 = CARTESIAN_POINT('',(-32.5,-68.,1.42108547152E-14));
#591 = LINE('',#592,#593);
#592 = CARTESIAN_POINT('',(-32.5,-68.,1.42108547152E-14));
#593 = VECTOR('',#594,1.);
#594 = DIRECTION('',(1.,-1.1E-16,-3.3E-16));
#595 = ORIENTED_EDGE('',*,*,#596,.T.);
#596 = EDGE_CURVE('',#589,#421,#597,.T.);
#597 = LINE('',#598,#599);
#598 = CARTESIAN_POINT('',(-32.5,-68.,1.42108547152E-14));
#599 = VECTOR('',#600,1.);
#600 = DIRECTION('',(1.1E-16,1.1E-16,1.));
#601 = ORIENTED_EDGE('',*,*,#429,.T.);
#602 = ORIENTED_EDGE('',*,*,#372,.T.);
#603 = ORIENTED_EDGE('',*,*,#348,.T.);
#604 = ORIENTED_EDGE('',*,*,#324,.F.);
#605 = ORIENTED_EDGE('',*,*,#257,.T.);
#606 = ORIENTED_EDGE('',*,*,#563,.F.);
#607 = PLANE('',#608);
#608 = AXIS2_PLACEMENT_3D('',#609,#610,#611);
#609 = CARTESIAN_POINT('',(-32.5,-68.,1.42108547152E-14));
#610 = DIRECTION('',(-1.1E-16,1.,-3.3E-16));
#611 = DIRECTION('',(1.,1.1E-16,-3.3E-16));
#612 = ADVANCED_FACE('',(#613),#632,.T.);
#613 = FACE_BOUND('',#614,.T.);
#614 = EDGE_LOOP('',(#615,#616,#617,#625));
#615 = ORIENTED_EDGE('',*,*,#596,.T.);
#616 = ORIENTED_EDGE('',*,*,#420,.F.);
#617 = ORIENTED_EDGE('',*,*,#618,.F.);
#618 = EDGE_CURVE('',#619,#413,#621,.T.);
#619 = VERTEX_POINT('',#620);
#620 = CARTESIAN_POINT('',(-35.5,-65.,1.42108547152E-14));
#621 = LINE('',#622,#623);
#622 = CARTESIAN_POINT('',(-35.5,-65.,1.42108547152E-14));
#623 = VECTOR('',#624,1.);
#624 = DIRECTION('',(1.1E-16,1.1E-16,1.));
#625 = ORIENTED_EDGE('',*,*,#626,.T.);
#626 = EDGE_CURVE('',#619,#589,#627,.T.);
#627 = CIRCLE('',#628,3.);
#628 = AXIS2_PLACEMENT_3D('',#629,#630,#631);
#629 = CARTESIAN_POINT('',(-32.5,-65.,1.42108547152E-14));
#630 = DIRECTION('',(3.3E-16,3.3E-16,1.));
#631 = DIRECTION('',(-2.2E-16,1.,-3.3E-16));
#632 = CYLINDRICAL_SURFACE('',#633,3.);
#633 = AXIS2_PLACEMENT_3D('',#634,#635,#636);
#634 = CARTESIAN_POINT('',(-32.5,-65.,1.42108547152E-14));
#635 = DIRECTION('',(1.1E-16,1.1E-16,1.));
#636 = DIRECTION('',(-2.2E-16,1.,-1.1E-16));
#637 = ADVANCED_FACE('',(#638),#656,.F.);
#638 = FACE_BOUND('',#639,.F.);
#639 = EDGE_LOOP('',(#640,#641,#649,#655));
#640 = ORIENTED_EDGE('',*,*,#618,.F.);
#641 = ORIENTED_EDGE('',*,*,#642,.F.);
#642 = EDGE_CURVE('',#643,#619,#645,.T.);
#643 = VERTEX_POINT('',#644);
#644 = CARTESIAN_POINT('',(-35.5,65.,-2.84217094304E-14));
#645 = LINE('',#646,#647);
#646 = CARTESIAN_POINT('',(-35.5,65.,-2.84217094304E-14));
#647 = VECTOR('',#648,1.);
#648 = DIRECTION('',(1.1E-16,-1.,3.3E-16));
#649 = ORIENTED_EDGE('',*,*,#650,.T.);
#650 = EDGE_CURVE('',#643,#404,#651,.T.);
#651 = LINE('',#652,#653);
#652 = CARTESIAN_POINT('',(-35.5,65.,-2.84217094304E-14));
#653 = VECTOR('',#654,1.);
#654 = DIRECTION('',(1.1E-16,1.1E-16,1.));
#655 = ORIENTED_EDGE('',*,*,#412,.T.);
#656 = PLANE('',#657);
#657 = AXIS2_PLACEMENT_3D('',#658,#659,#660);
#658 = CARTESIAN_POINT('',(-35.5,65.,-2.84217094304E-14));
#659 = DIRECTION('',(1.,-1.1E-16,-3.3E-16));
#660 = DIRECTION('',(-1.1E-16,-1.,3.3E-16));
#661 = ADVANCED_FACE('',(#662),#674,.T.);
#662 = FACE_BOUND('',#663,.T.);
#663 = EDGE_LOOP('',(#664,#665,#666,#667));
#664 = ORIENTED_EDGE('',*,*,#650,.T.);
#665 = ORIENTED_EDGE('',*,*,#403,.F.);
#666 = ORIENTED_EDGE('',*,*,#481,.F.);
#667 = ORIENTED_EDGE('',*,*,#668,.T.);
#668 = EDGE_CURVE('',#482,#643,#669,.T.);
#669 = CIRCLE('',#670,3.);
#670 = AXIS2_PLACEMENT_3D('',#671,#672,#673);
#671 = CARTESIAN_POINT('',(-32.5,65.,-3.552713678801E-14));
#672 = DIRECTION('',(3.3E-16,3.3E-16,1.));
#673 = DIRECTION('',(1.,0.,-3.3E-16));
#674 = CYLINDRICAL_SURFACE('',#675,3.);
#675 = AXIS2_PLACEMENT_3D('',#676,#677,#678);
#676 = CARTESIAN_POINT('',(-32.5,65.,-3.552713678801E-14));
#677 = DIRECTION('',(1.1E-16,1.1E-16,1.));
#678 = DIRECTION('',(1.,2.42E-32,-1.1E-16));
#679 = ADVANCED_FACE('',(#680),#707,.T.);
#680 = FACE_BOUND('',#681,.T.);
#681 = EDGE_LOOP('',(#682,#683,#692,#700));
#682 = ORIENTED_EDGE('',*,*,#489,.F.);
#683 = ORIENTED_EDGE('',*,*,#684,.T.);
#684 = EDGE_CURVE('',#490,#685,#687,.T.);
#685 = VERTEX_POINT('',#686);
#686 = CARTESIAN_POINT('',(32.5,65.,-3.));
#687 = CIRCLE('',#688,3.);
#688 = AXIS2_PLACEMENT_3D('',#689,#690,#691);
#689 = CARTESIAN_POINT('',(32.5,65.,-5.684341886081E-14));
#690 = DIRECTION('',(-1.,-1.1E-16,1.1E-16));
#691 = DIRECTION('',(1.1E-16,2.2E-16,1.));
#692 = ORIENTED_EDGE('',*,*,#693,.T.);
#693 = EDGE_CURVE('',#685,#694,#696,.T.);
#694 = VERTEX_POINT('',#695);
#695 = CARTESIAN_POINT('',(-32.5,65.,-3.));
#696 = LINE('',#697,#698);
#697 = CARTESIAN_POINT('',(32.5,65.,-3.));
#698 = VECTOR('',#699,1.);
#699 = DIRECTION('',(-1.,1.1E-16,3.3E-16));
#700 = ORIENTED_EDGE('',*,*,#701,.F.);
#701 = EDGE_CURVE('',#482,#694,#702,.T.);
#702 = CIRCLE('',#703,3.);
#703 = AXIS2_PLACEMENT_3D('',#704,#705,#706);
#704 = CARTESIAN_POINT('',(-32.5,65.,-3.552713678801E-14));
#705 = DIRECTION('',(-1.,-1.1E-16,1.1E-16));
#706 = DIRECTION('',(1.1E-16,2.2E-16,1.));
#707 = CYLINDRICAL_SURFACE('',#708,3.);
#708 = AXIS2_PLACEMENT_3D('',#709,#710,#711);
#709 = CARTESIAN_POINT('',(32.5,65.,-5.684341886081E-14));
#710 = DIRECTION('',(-1.,1.1E-16,3.3E-16));
#711 = DIRECTION('',(3.3E-16,2.2E-16,1.));
#712 = ADVANCED_FACE('',(#713),#724,.T.);
#713 = FACE_BOUND('',#714,.T.);
#714 = EDGE_LOOP('',(#715,#716,#723));
#715 = ORIENTED_EDGE('',*,*,#524,.F.);
#716 = ORIENTED_EDGE('',*,*,#717,.T.);
#717 = EDGE_CURVE('',#517,#685,#718,.T.);
#718 = CIRCLE('',#719,3.);
#719 = AXIS2_PLACEMENT_3D('',#720,#721,#722);
#720 = CARTESIAN_POINT('',(32.5,65.,-5.684341886081E-14));
#721 = DIRECTION('',(1.1E-16,1.,-1.1E-16));
#722 = DIRECTION('',(2.2E-16,1.1E-16,1.));
#723 = ORIENTED_EDGE('',*,*,#684,.F.);
#724 = SPHERICAL_SURFACE('',#725,3.);
#725 = AXIS2_PLACEMENT_3D('',#726,#727,#728);
#726 = CARTESIAN_POINT('',(32.5,65.,-5.684341886081E-14));
#727 = DIRECTION('',(-0.,-0.707106781187,-0.707106781187));
#728 = DIRECTION('',(-0.57735026919,-0.57735026919,0.57735026919));
#729 = ADVANCED_FACE('',(#730),#749,.T.);
#730 = FACE_BOUND('',#731,.T.);
#731 = EDGE_LOOP('',(#732,#733,#742,#748));
#732 = ORIENTED_EDGE('',*,*,#549,.F.);
#733 = ORIENTED_EDGE('',*,*,#734,.T.);
#734 = EDGE_CURVE('',#540,#735,#737,.T.);
#735 = VERTEX_POINT('',#736);
#736 = CARTESIAN_POINT('',(32.5,-65.,-3.));
#737 = CIRCLE('',#738,3.);
#738 = AXIS2_PLACEMENT_3D('',#739,#740,#741);
#739 = CARTESIAN_POINT('',(32.5,-65.,-7.105427357601E-15));
#740 = DIRECTION('',(1.1E-16,1.,-1.1E-16));
#741 = DIRECTION('',(2.2E-16,1.1E-16,1.));
#742 = ORIENTED_EDGE('',*,*,#743,.T.);
#743 = EDGE_CURVE('',#735,#685,#744,.T.);
#744 = LINE('',#745,#746);
#745 = CARTESIAN_POINT('',(32.5,-65.,-3.));
#746 = VECTOR('',#747,1.);
#747 = DIRECTION('',(-1.1E-16,1.,-3.3E-16));
#748 = ORIENTED_EDGE('',*,*,#717,.F.);
#749 = CYLINDRICAL_SURFACE('',#750,3.);
#750 = AXIS2_PLACEMENT_3D('',#751,#752,#753);
#751 = CARTESIAN_POINT('',(32.5,-65.,-7.105427357601E-15));
#752 = DIRECTION('',(-1.1E-16,1.,-3.3E-16));
#753 = DIRECTION('',(2.2E-16,3.3E-16,1.));
#754 = ADVANCED_FACE('',(#755),#766,.T.);
#755 = FACE_BOUND('',#756,.T.);
#756 = EDGE_LOOP('',(#757,#758,#765));
#757 = ORIENTED_EDGE('',*,*,#573,.T.);
#758 = ORIENTED_EDGE('',*,*,#759,.T.);
#759 = EDGE_CURVE('',#564,#735,#760,.T.);
#760 = CIRCLE('',#761,3.);
#761 = AXIS2_PLACEMENT_3D('',#762,#763,#764);
#762 = CARTESIAN_POINT('',(32.5,-65.,-7.105427357601E-15));
#763 = DIRECTION('',(1.,1.1E-16,-1.1E-16));
#764 = DIRECTION('',(1.1E-16,0.,1.));
#765 = ORIENTED_EDGE('',*,*,#734,.F.);
#766 = SPHERICAL_SURFACE('',#767,3.);
#767 = AXIS2_PLACEMENT_3D('',#768,#769,#770);
#768 = CARTESIAN_POINT('',(32.5,-65.,-7.105427357601E-15));
#769 = DIRECTION('',(1.6E-16,-0.707106781187,0.707106781187));
#770 = DIRECTION('',(-0.57735026919,0.57735026919,0.57735026919));
#771 = ADVANCED_FACE('',(#772),#791,.T.);
#772 = FACE_BOUND('',#773,.T.);
#773 = EDGE_LOOP('',(#774,#775,#784,#790));
#774 = ORIENTED_EDGE('',*,*,#588,.F.);
#775 = ORIENTED_EDGE('',*,*,#776,.T.);
#776 = EDGE_CURVE('',#589,#777,#779,.T.);
#777 = VERTEX_POINT('',#778);
#778 = CARTESIAN_POINT('',(-32.5,-65.,-3.));
#779 = CIRCLE('',#780,3.);
#780 = AXIS2_PLACEMENT_3D('',#781,#782,#783);
#781 = CARTESIAN_POINT('',(-32.5,-65.,1.42108547152E-14));
#782 = DIRECTION('',(1.,1.1E-16,-1.1E-16));
#783 = DIRECTION('',(1.1E-16,0.,1.));
#784 = ORIENTED_EDGE('',*,*,#785,.T.);
#785 = EDGE_CURVE('',#777,#735,#786,.T.);
#786 = LINE('',#787,#788);
#787 = CARTESIAN_POINT('',(-32.5,-65.,-3.));
#788 = VECTOR('',#789,1.);
#789 = DIRECTION('',(1.,-1.1E-16,-3.3E-16));
#790 = ORIENTED_EDGE('',*,*,#759,.F.);
#791 = CYLINDRICAL_SURFACE('',#792,3.);
#792 = AXIS2_PLACEMENT_3D('',#793,#794,#795);
#793 = CARTESIAN_POINT('',(-32.5,-65.,1.42108547152E-14));
#794 = DIRECTION('',(1.,-1.1E-16,-3.3E-16));
#795 = DIRECTION('',(3.3E-16,-2.42E-32,1.));
#796 = ADVANCED_FACE('',(#797),#808,.T.);
#797 = FACE_BOUND('',#798,.T.);
#798 = EDGE_LOOP('',(#799,#800,#807));
#799 = ORIENTED_EDGE('',*,*,#626,.F.);
#800 = ORIENTED_EDGE('',*,*,#801,.T.);
#801 = EDGE_CURVE('',#619,#777,#802,.T.);
#802 = CIRCLE('',#803,3.);
#803 = AXIS2_PLACEMENT_3D('',#804,#805,#806);
#804 = CARTESIAN_POINT('',(-32.5,-65.,1.42108547152E-14));
#805 = DIRECTION('',(-1.1E-16,-1.,1.1E-16));
#806 = DIRECTION('',(0.,1.1E-16,1.));
#807 = ORIENTED_EDGE('',*,*,#776,.F.);
#808 = SPHERICAL_SURFACE('',#809,3.);
#809 = AXIS2_PLACEMENT_3D('',#810,#811,#812);
#810 = CARTESIAN_POINT('',(-32.5,-65.,1.42108547152E-14));
#811 = DIRECTION('',(-1.6E-16,0.707106781187,-0.707106781187));
#812 = DIRECTION('',(0.57735026919,0.57735026919,0.57735026919));
#813 = ADVANCED_FACE('',(#814),#831,.T.);
#814 = FACE_BOUND('',#815,.T.);
#815 = EDGE_LOOP('',(#816,#817,#824,#830));
#816 = ORIENTED_EDGE('',*,*,#642,.F.);
#817 = ORIENTED_EDGE('',*,*,#818,.T.);
#818 = EDGE_CURVE('',#643,#694,#819,.T.);
#819 = CIRCLE('',#820,3.);
#820 = AXIS2_PLACEMENT_3D('',#821,#822,#823);
#821 = CARTESIAN_POINT('',(-32.5,65.,-3.552713678801E-14));
#822 = DIRECTION('',(-1.1E-16,-1.,1.1E-16));
#823 = DIRECTION('',(0.,1.1E-16,1.));
#824 = ORIENTED_EDGE('',*,*,#825,.T.);
#825 = EDGE_CURVE('',#694,#777,#826,.T.);
#826 = LINE('',#827,#828);
#827 = CARTESIAN_POINT('',(-32.5,65.,-3.));
#828 = VECTOR('',#829,1.);
#829 = DIRECTION('',(1.1E-16,-1.,3.3E-16));
#830 = ORIENTED_EDGE('',*,*,#801,.F.);
#831 = CYLINDRICAL_SURFACE('',#832,3.);
#832 = AXIS2_PLACEMENT_3D('',#833,#834,#835);
#833 = CARTESIAN_POINT('',(-32.5,65.,-3.552713678801E-14));
#834 = DIRECTION('',(1.1E-16,-1.,3.3E-16));
#835 = DIRECTION('',(-2.42E-32,3.3E-16,1.));
#836 = ADVANCED_FACE('',(#837),#842,.T.);
#837 = FACE_BOUND('',#838,.T.);
#838 = EDGE_LOOP('',(#839,#840,#841));
#839 = ORIENTED_EDGE('',*,*,#668,.F.);
#840 = ORIENTED_EDGE('',*,*,#701,.T.);
#841 = ORIENTED_EDGE('',*,*,#818,.F.);
#842 = SPHERICAL_SURFACE('',#843,3.);
#843 = AXIS2_PLACEMENT_3D('',#844,#845,#846);
#844 = CARTESIAN_POINT('',(-32.5,65.,-3.552713678801E-14));
#845 = DIRECTION('',(0.707106781187,-1.6E-16,-0.707106781187));
#846 = DIRECTION('',(0.57735026919,-0.57735026919,0.57735026919));
#847 = ADVANCED_FACE('',(#848),#854,.F.);
#848 = FACE_BOUND('',#849,.F.);
#849 = EDGE_LOOP('',(#850,#851,#852,#853));
#850 = ORIENTED_EDGE('',*,*,#743,.T.);
#851 = ORIENTED_EDGE('',*,*,#693,.T.);
#852 = ORIENTED_EDGE('',*,*,#825,.T.);
#853 = ORIENTED_EDGE('',*,*,#785,.T.);
#854 = PLANE('',#855);
#855 = AXIS2_PLACEMENT_3D('',#856,#857,#858);
#856 = CARTESIAN_POINT('',(2.13162820728E-14,-1.776E-14,-3.));
#857 = DIRECTION('',(1.1E-16,1.1E-16,1.));
#858 = DIRECTION('',(1.,-1.1E-16,-1.1E-16));
#859 = ( GEOMETRIC_REPRESENTATION_CONTEXT(3) 
GLOBAL_UNCERTAINTY_ASSIGNED_CONTEXT((#863)) GLOBAL_UNIT_ASSIGNED_CONTEXT
((#860,#861,#862)) REPRESENTATION_CONTEXT('Context #1',
  '3D Context with UNIT and UNCERTAINTY') );
#860 = ( LENGTH_UNIT() NAMED_UNIT(*) SI_UNIT(.MILLI.,.METRE.) );
#861 = ( NAMED_UNIT(*) PLANE_ANGLE_UNIT() SI_UNIT($,.RADIAN.) );
#862 = ( NAMED_UNIT(*) SI_UNIT($,.STERADIAN.) SOLID_ANGLE_UNIT() );
#863 = UNCERTAINTY_MEASURE_WITH_UNIT(LENGTH_MEASURE(1.E-05),#860,
  'distance_accuracy_value','confusion accuracy');
#864 = CONTEXT_DEPENDENT_SHAPE_REPRESENTATION(#865,#867);
#865 = ( REPRESENTATION_RELATIONSHIP('','',#72,#10) 
REPRESENTATION_RELATIONSHIP_WITH_TRANSFORMATION(#866) 
SHAPE_REPRESENTATION_RELATIONSHIP() );
#866 = ITEM_DEFINED_TRANSFORMATION('','',#11,#15);
#867 = PRODUCT_DEFINITION_SHAPE('Placement','Placement of an item',#868
  );
#868 = NEXT_ASSEMBLY_USAGE_OCCURRENCE('1','Body','',#5,#67,$);
#869 = PRODUCT_RELATED_PRODUCT_CATEGORY('part',$,(#69));
#870 = SHAPE_DEFINITION_REPRESENTATION(#871,#877);
#871 = PRODUCT_DEFINITION_SHAPE('','',#872);
#872 = PRODUCT_DEFINITION('design','',#873,#876);
#873 = PRODUCT_DEFINITION_FORMATION('','',#874);
#874 = PRODUCT('Cylinder','Cylinder','',(#875));
#875 = PRODUCT_CONTEXT('',#2,'mechanical');
#876 = PRODUCT_DEFINITION_CONTEXT('part definition',#2,'design');
#877 = ADVANCED_BREP_SHAPE_REPRESENTATION('',(#11,#878),#1664);
#878 = MANIFOLD_SOLID_BREP('',#879);
#879 = CLOSED_SHELL('',(#880,#920,#983,#1031,#1048,#1115,#1139,#1163,
    #1187,#1252,#1264,#1282,#1315,#1340,#1364,#1389,#1417,#1442,#1466,
    #1484,#1517,#1534,#1559,#1576,#1601,#1618,#1641,#1652));
#880 = ADVANCED_FACE('',(#881),#915,.T.);
#881 = FACE_BOUND('',#882,.T.);
#882 = EDGE_LOOP('',(#883,#893,#901,#909));
#883 = ORIENTED_EDGE('',*,*,#884,.T.);
#884 = EDGE_CURVE('',#885,#887,#889,.T.);
#885 = VERTEX_POINT('',#886);
#886 = CARTESIAN_POINT('',(-44.5,32.5,-127.));
#887 = VERTEX_POINT('',#888);
#888 = CARTESIAN_POINT('',(0.5,32.5,-127.));
#889 = LINE('',#890,#891);
#890 = CARTESIAN_POINT('',(-44.5,32.5,-127.));
#891 = VECTOR('',#892,1.);
#892 = DIRECTION('',(1.,0.,0.));
#893 = ORIENTED_EDGE('',*,*,#894,.T.);
#894 = EDGE_CURVE('',#887,#895,#897,.T.);
#895 = VERTEX_POINT('',#896);
#896 = CARTESIAN_POINT('',(0.5,32.5,3.));
#897 = LINE('',#898,#899);
#898 = CARTESIAN_POINT('',(0.5,32.5,-127.));
#899 = VECTOR('',#900,1.);
#900 = DIRECTION('',(0.,0.,1.));
#901 = ORIENTED_EDGE('',*,*,#902,.F.);
#902 = EDGE_CURVE('',#903,#895,#905,.T.);
#903 = VERTEX_POINT('',#904);
#904 = CARTESIAN_POINT('',(-44.5,32.5,3.));
#905 = LINE('',#906,#907);
#906 = CARTESIAN_POINT('',(-44.5,32.5,3.));
#907 = VECTOR('',#908,1.);
#908 = DIRECTION('',(1.,0.,0.));
#909 = ORIENTED_EDGE('',*,*,#910,.F.);
#910 = EDGE_CURVE('',#885,#903,#911,.T.);
#911 = LINE('',#912,#913);
#912 = CARTESIAN_POINT('',(-44.5,32.5,-127.));
#913 = VECTOR('',#914,1.);
#914 = DIRECTION('',(0.,0.,1.));
#915 = PLANE('',#916);
#916 = AXIS2_PLACEMENT_3D('',#917,#918,#919);
#917 = CARTESIAN_POINT('',(-44.5,32.5,-127.));
#918 = DIRECTION('',(0.,-1.,0.));
#919 = DIRECTION('',(0.,0.,1.));
#920 = ADVANCED_FACE('',(#921),#978,.T.);
#921 = FACE_BOUND('',#922,.T.);
#922 = EDGE_LOOP('',(#923,#931,#939,#947,#955,#963,#971,#977));
#923 = ORIENTED_EDGE('',*,*,#924,.F.);
#924 = EDGE_CURVE('',#925,#885,#927,.T.);
#925 = VERTEX_POINT('',#926);
#926 = CARTESIAN_POINT('',(-44.5,-32.5,-127.));
#927 = LINE('',#928,#929);
#928 = CARTESIAN_POINT('',(-44.5,-32.5,-127.));
#929 = VECTOR('',#930,1.);
#930 = DIRECTION('',(0.,1.,0.));
#931 = ORIENTED_EDGE('',*,*,#932,.T.);
#932 = EDGE_CURVE('',#925,#933,#935,.T.);
#933 = VERTEX_POINT('',#934);
#934 = CARTESIAN_POINT('',(0.5,-32.5,-127.));
#935 = LINE('',#936,#937);
#936 = CARTESIAN_POINT('',(-44.5,-32.5,-127.));
#937 = VECTOR('',#938,1.);
#938 = DIRECTION('',(1.,0.,0.));
#939 = ORIENTED_EDGE('',*,*,#940,.T.);
#940 = EDGE_CURVE('',#933,#941,#943,.T.);
#941 = VERTEX_POINT('',#942);
#942 = CARTESIAN_POINT('',(0.5,-25.,-127.));
#943 = LINE('',#944,#945);
#944 = CARTESIAN_POINT('',(0.5,-32.5,-127.));
#945 = VECTOR('',#946,1.);
#946 = DIRECTION('',(0.,1.,0.));
#947 = ORIENTED_EDGE('',*,*,#948,.T.);
#948 = EDGE_CURVE('',#941,#949,#951,.T.);
#949 = VERTEX_POINT('',#950);
#950 = CARTESIAN_POINT('',(-4.5,-25.,-127.));
#951 = LINE('',#952,#953);
#952 = CARTESIAN_POINT('',(-24.5,-25.,-127.));
#953 = VECTOR('',#954,1.);
#954 = DIRECTION('',(-1.,0.,0.));
#955 = ORIENTED_EDGE('',*,*,#956,.T.);
#956 = EDGE_CURVE('',#949,#957,#959,.T.);
#957 = VERTEX_POINT('',#958);
#958 = CARTESIAN_POINT('',(-4.5,-6.,-127.));
#959 = LINE('',#960,#961);
#960 = CARTESIAN_POINT('',(-4.5,-28.75,-127.));
#961 = VECTOR('',#962,1.);
#962 = DIRECTION('',(0.,1.,0.));
#963 = ORIENTED_EDGE('',*,*,#964,.F.);
#964 = EDGE_CURVE('',#965,#957,#967,.T.);
#965 = VERTEX_POINT('',#966);
#966 = CARTESIAN_POINT('',(0.5,-6.,-127.));
#967 = LINE('',#968,#969);
#968 = CARTESIAN_POINT('',(-24.5,-6.,-127.));
#969 = VECTOR('',#970,1.);
#970 = DIRECTION('',(-1.,0.,1.1E-16));
#971 = ORIENTED_EDGE('',*,*,#972,.T.);
#972 = EDGE_CURVE('',#965,#887,#973,.T.);
#973 = LINE('',#974,#975);
#974 = CARTESIAN_POINT('',(0.5,-32.5,-127.));
#975 = VECTOR('',#976,1.);
#976 = DIRECTION('',(0.,1.,0.));
#977 = ORIENTED_EDGE('',*,*,#884,.F.);
#978 = PLANE('',#979);
#979 = AXIS2_PLACEMENT_3D('',#980,#981,#982);
#980 = CARTESIAN_POINT('',(-44.5,-32.5,-127.));
#981 = DIRECTION('',(0.,0.,1.));
#982 = DIRECTION('',(0.,1.,0.));
#983 = ADVANCED_FACE('',(#984),#1026,.T.);
#984 = FACE_BOUND('',#985,.T.);
#985 = EDGE_LOOP('',(#986,#994,#995,#1003,#1012,#1020));
#986 = ORIENTED_EDGE('',*,*,#987,.F.);
#987 = EDGE_CURVE('',#903,#988,#990,.T.);
#988 = VERTEX_POINT('',#989);
#989 = CARTESIAN_POINT('',(-44.5,-32.5,3.));
#990 = LINE('',#991,#992);
#991 = CARTESIAN_POINT('',(-44.5,32.5,3.));
#992 = VECTOR('',#993,1.);
#993 = DIRECTION('',(0.,-1.,0.));
#994 = ORIENTED_EDGE('',*,*,#902,.T.);
#995 = ORIENTED_EDGE('',*,*,#996,.T.);
#996 = EDGE_CURVE('',#895,#997,#999,.T.);
#997 = VERTEX_POINT('',#998);
#998 = CARTESIAN_POINT('',(0.5,2.95803989155,3.));
#999 = LINE('',#1000,#1001);
#1000 = CARTESIAN_POINT('',(0.5,32.5,3.));
#1001 = VECTOR('',#1002,1.);
#1002 = DIRECTION('',(0.,-1.,0.));
#1003 = ORIENTED_EDGE('',*,*,#1004,.F.);
#1004 = EDGE_CURVE('',#1005,#997,#1007,.T.);
#1005 = VERTEX_POINT('',#1006);
#1006 = CARTESIAN_POINT('',(0.5,-2.95803989155,3.));
#1007 = CIRCLE('',#1008,3.);
#1008 = AXIS2_PLACEMENT_3D('',#1009,#1010,#1011);
#1009 = CARTESIAN_POINT('',(0.,0.,3.));
#1010 = DIRECTION('',(0.,0.,-1.));
#1011 = DIRECTION('',(1.,0.,0.));
#1012 = ORIENTED_EDGE('',*,*,#1013,.T.);
#1013 = EDGE_CURVE('',#1005,#1014,#1016,.T.);
#1014 = VERTEX_POINT('',#1015);
#1015 = CARTESIAN_POINT('',(0.5,-32.5,3.));
#1016 = LINE('',#1017,#1018);
#1017 = CARTESIAN_POINT('',(0.5,32.5,3.));
#1018 = VECTOR('',#1019,1.);
#1019 = DIRECTION('',(0.,-1.,0.));
#1020 = ORIENTED_EDGE('',*,*,#1021,.F.);
#1021 = EDGE_CURVE('',#988,#1014,#1022,.T.);
#1022 = LINE('',#1023,#1024);
#1023 = CARTESIAN_POINT('',(-44.5,-32.5,3.));
#1024 = VECTOR('',#1025,1.);
#1025 = DIRECTION('',(1.,0.,0.));
#1026 = PLANE('',#1027);
#1027 = AXIS2_PLACEMENT_3D('',#1028,#1029,#1030);
#1028 = CARTESIAN_POINT('',(-44.5,32.5,3.));
#1029 = DIRECTION('',(0.,0.,-1.));
#1030 = DIRECTION('',(0.,-1.,0.));
#1031 = ADVANCED_FACE('',(#1032),#1043,.T.);
#1032 = FACE_BOUND('',#1033,.T.);
#1033 = EDGE_LOOP('',(#1034,#1035,#1036,#1042));
#1034 = ORIENTED_EDGE('',*,*,#910,.T.);
#1035 = ORIENTED_EDGE('',*,*,#987,.T.);
#1036 = ORIENTED_EDGE('',*,*,#1037,.T.);
#1037 = EDGE_CURVE('',#988,#925,#1038,.T.);
#1038 = LINE('',#1039,#1040);
#1039 = CARTESIAN_POINT('',(-44.5,-32.5,3.));
#1040 = VECTOR('',#1041,1.);
#1041 = DIRECTION('',(0.,0.,-1.));
#1042 = ORIENTED_EDGE('',*,*,#924,.T.);
#1043 = PLANE('',#1044);
#1044 = AXIS2_PLACEMENT_3D('',#1045,#1046,#1047);
#1045 = CARTESIAN_POINT('',(-44.5,0.,-62.));
#1046 = DIRECTION('',(1.,0.,0.));
#1047 = DIRECTION('',(0.,1.,0.));
#1048 = ADVANCED_FACE('',(#1049),#1110,.T.);
#1049 = FACE_BOUND('',#1050,.T.);
#1050 = EDGE_LOOP('',(#1051,#1052,#1053,#1061,#1069,#1078,#1086,#1095,
    #1103,#1109));
#1051 = ORIENTED_EDGE('',*,*,#894,.F.);
#1052 = ORIENTED_EDGE('',*,*,#972,.F.);
#1053 = ORIENTED_EDGE('',*,*,#1054,.F.);
#1054 = EDGE_CURVE('',#1055,#965,#1057,.T.);
#1055 = VERTEX_POINT('',#1056);
#1056 = CARTESIAN_POINT('',(0.5,-6.,-130.));
#1057 = LINE('',#1058,#1059);
#1058 = CARTESIAN_POINT('',(0.5,-6.,-93.));
#1059 = VECTOR('',#1060,1.);
#1060 = DIRECTION('',(1.1E-16,0.,1.));
#1061 = ORIENTED_EDGE('',*,*,#1062,.T.);
#1062 = EDGE_CURVE('',#1055,#1063,#1065,.T.);
#1063 = VERTEX_POINT('',#1064);
#1064 = CARTESIAN_POINT('',(0.5,32.5,-130.));
#1065 = LINE('',#1066,#1067);
#1066 = CARTESIAN_POINT('',(0.5,-32.5,-130.));
#1067 = VECTOR('',#1068,1.);
#1068 = DIRECTION('',(0.,1.,0.));
#1069 = ORIENTED_EDGE('',*,*,#1070,.F.);
#1070 = EDGE_CURVE('',#1071,#1063,#1073,.T.);
#1071 = VERTEX_POINT('',#1072);
#1072 = CARTESIAN_POINT('',(0.5,35.5,-127.));
#1073 = CIRCLE('',#1074,3.);
#1074 = AXIS2_PLACEMENT_3D('',#1075,#1076,#1077);
#1075 = CARTESIAN_POINT('',(0.5,32.5,-127.));
#1076 = DIRECTION('',(-1.,0.,0.));
#1077 = DIRECTION('',(0.,1.1E-16,1.));
#1078 = ORIENTED_EDGE('',*,*,#1079,.T.);
#1079 = EDGE_CURVE('',#1071,#1080,#1082,.T.);
#1080 = VERTEX_POINT('',#1081);
#1081 = CARTESIAN_POINT('',(0.5,35.5,3.));
#1082 = LINE('',#1083,#1084);
#1083 = CARTESIAN_POINT('',(0.5,35.5,-127.));
#1084 = VECTOR('',#1085,1.);
#1085 = DIRECTION('',(0.,0.,1.));
#1086 = ORIENTED_EDGE('',*,*,#1087,.T.);
#1087 = EDGE_CURVE('',#1080,#1088,#1090,.T.);
#1088 = VERTEX_POINT('',#1089);
#1089 = CARTESIAN_POINT('',(0.5,32.5,6.));
#1090 = CIRCLE('',#1091,3.);
#1091 = AXIS2_PLACEMENT_3D('',#1092,#1093,#1094);
#1092 = CARTESIAN_POINT('',(0.5,32.5,3.));
#1093 = DIRECTION('',(1.,-0.,0.));
#1094 = DIRECTION('',(0.,1.1E-16,-1.));
#1095 = ORIENTED_EDGE('',*,*,#1096,.T.);
#1096 = EDGE_CURVE('',#1088,#1097,#1099,.T.);
#1097 = VERTEX_POINT('',#1098);
#1098 = CARTESIAN_POINT('',(0.5,2.95803989155,6.));
#1099 = LINE('',#1100,#1101);
#1100 = CARTESIAN_POINT('',(0.5,32.5,6.));
#1101 = VECTOR('',#1102,1.);
#1102 = DIRECTION('',(0.,-1.,0.));
#1103 = ORIENTED_EDGE('',*,*,#1104,.T.);
#1104 = EDGE_CURVE('',#1097,#997,#1105,.T.);
#1105 = LINE('',#1106,#1107);
#1106 = CARTESIAN_POINT('',(0.5,2.95803989155,1.1E-16));
#1107 = VECTOR('',#1108,1.);
#1108 = DIRECTION('',(-0.,-0.,-1.));
#1109 = ORIENTED_EDGE('',*,*,#996,.F.);
#1110 = PLANE('',#1111);
#1111 = AXIS2_PLACEMENT_3D('',#1112,#1113,#1114);
#1112 = CARTESIAN_POINT('',(0.5,0.,-62.));
#1113 = DIRECTION('',(1.,0.,0.));
#1114 = DIRECTION('',(0.,1.,0.));
#1115 = ADVANCED_FACE('',(#1116),#1134,.F.);
#1116 = FACE_BOUND('',#1117,.F.);
#1117 = EDGE_LOOP('',(#1118,#1126,#1127,#1128));
#1118 = ORIENTED_EDGE('',*,*,#1119,.F.);
#1119 = EDGE_CURVE('',#957,#1120,#1122,.T.);
#1120 = VERTEX_POINT('',#1121);
#1121 = CARTESIAN_POINT('',(-4.5,-6.,-130.));
#1122 = LINE('',#1123,#1124);
#1123 = CARTESIAN_POINT('',(-4.5,-6.,-124.));
#1124 = VECTOR('',#1125,1.);
#1125 = DIRECTION('',(0.,0.,-1.));
#1126 = ORIENTED_EDGE('',*,*,#964,.F.);
#1127 = ORIENTED_EDGE('',*,*,#1054,.F.);
#1128 = ORIENTED_EDGE('',*,*,#1129,.T.);
#1129 = EDGE_CURVE('',#1055,#1120,#1130,.T.);
#1130 = LINE('',#1131,#1132);
#1131 = CARTESIAN_POINT('',(-24.5,-6.,-130.));
#1132 = VECTOR('',#1133,1.);
#1133 = DIRECTION('',(-1.,0.,1.1E-16));
#1134 = PLANE('',#1135);
#1135 = AXIS2_PLACEMENT_3D('',#1136,#1137,#1138);
#1136 = CARTESIAN_POINT('',(-4.5,-6.,-124.));
#1137 = DIRECTION('',(0.,1.,0.));
#1138 = DIRECTION('',(0.,0.,-1.));
#1139 = ADVANCED_FACE('',(#1140),#1158,.T.);
#1140 = FACE_BOUND('',#1141,.T.);
#1141 = EDGE_LOOP('',(#1142,#1143,#1144,#1152));
#1142 = ORIENTED_EDGE('',*,*,#1119,.F.);
#1143 = ORIENTED_EDGE('',*,*,#956,.F.);
#1144 = ORIENTED_EDGE('',*,*,#1145,.T.);
#1145 = EDGE_CURVE('',#949,#1146,#1148,.T.);
#1146 = VERTEX_POINT('',#1147);
#1147 = CARTESIAN_POINT('',(-4.5,-25.,-130.));
#1148 = LINE('',#1149,#1150);
#1149 = CARTESIAN_POINT('',(-4.5,-25.,-124.));
#1150 = VECTOR('',#1151,1.);
#1151 = DIRECTION('',(0.,0.,-1.));
#1152 = ORIENTED_EDGE('',*,*,#1153,.T.);
#1153 = EDGE_CURVE('',#1146,#1120,#1154,.T.);
#1154 = LINE('',#1155,#1156);
#1155 = CARTESIAN_POINT('',(-4.5,-27.25,-130.));
#1156 = VECTOR('',#1157,1.);
#1157 = DIRECTION('',(0.,1.,0.));
#1158 = PLANE('',#1159);
#1159 = AXIS2_PLACEMENT_3D('',#1160,#1161,#1162);
#1160 = CARTESIAN_POINT('',(-4.5,-15.5,-128.5));
#1161 = DIRECTION('',(1.,0.,0.));
#1162 = DIRECTION('',(0.,0.,-1.));
#1163 = ADVANCED_FACE('',(#1164),#1182,.T.);
#1164 = FACE_BOUND('',#1165,.T.);
#1165 = EDGE_LOOP('',(#1166,#1167,#1168,#1176));
#1166 = ORIENTED_EDGE('',*,*,#1145,.F.);
#1167 = ORIENTED_EDGE('',*,*,#948,.F.);
#1168 = ORIENTED_EDGE('',*,*,#1169,.T.);
#1169 = EDGE_CURVE('',#941,#1170,#1172,.T.);
#1170 = VERTEX_POINT('',#1171);
#1171 = CARTESIAN_POINT('',(0.5,-25.,-130.));
#1172 = LINE('',#1173,#1174);
#1173 = CARTESIAN_POINT('',(0.5,-25.,-124.));
#1174 = VECTOR('',#1175,1.);
#1175 = DIRECTION('',(0.,0.,-1.));
#1176 = ORIENTED_EDGE('',*,*,#1177,.T.);
#1177 = EDGE_CURVE('',#1170,#1146,#1178,.T.);
#1178 = LINE('',#1179,#1180);
#1179 = CARTESIAN_POINT('',(-24.5,-25.,-130.));
#1180 = VECTOR('',#1181,1.);
#1181 = DIRECTION('',(-1.,0.,0.));
#1182 = PLANE('',#1183);
#1183 = AXIS2_PLACEMENT_3D('',#1184,#1185,#1186);
#1184 = CARTESIAN_POINT('',(-4.5,-25.,-124.));
#1185 = DIRECTION('',(0.,1.,0.));
#1186 = DIRECTION('',(0.,0.,-1.));
#1187 = ADVANCED_FACE('',(#1188),#1247,.T.);
#1188 = FACE_BOUND('',#1189,.T.);
#1189 = EDGE_LOOP('',(#1190,#1191,#1199,#1207,#1216,#1224,#1233,#1239,
    #1240,#1241));
#1190 = ORIENTED_EDGE('',*,*,#1013,.F.);
#1191 = ORIENTED_EDGE('',*,*,#1192,.F.);
#1192 = EDGE_CURVE('',#1193,#1005,#1195,.T.);
#1193 = VERTEX_POINT('',#1194);
#1194 = CARTESIAN_POINT('',(0.5,-2.95803989155,6.));
#1195 = LINE('',#1196,#1197);
#1196 = CARTESIAN_POINT('',(0.5,-2.95803989155,1.1E-16));
#1197 = VECTOR('',#1198,1.);
#1198 = DIRECTION('',(-0.,-0.,-1.));
#1199 = ORIENTED_EDGE('',*,*,#1200,.T.);
#1200 = EDGE_CURVE('',#1193,#1201,#1203,.T.);
#1201 = VERTEX_POINT('',#1202);
#1202 = CARTESIAN_POINT('',(0.5,-32.5,6.));
#1203 = LINE('',#1204,#1205);
#1204 = CARTESIAN_POINT('',(0.5,32.5,6.));
#1205 = VECTOR('',#1206,1.);
#1206 = DIRECTION('',(0.,-1.,0.));
#1207 = ORIENTED_EDGE('',*,*,#1208,.T.);
#1208 = EDGE_CURVE('',#1201,#1209,#1211,.T.);
#1209 = VERTEX_POINT('',#1210);
#1210 = CARTESIAN_POINT('',(0.5,-35.5,3.));
#1211 = CIRCLE('',#1212,3.);
#1212 = AXIS2_PLACEMENT_3D('',#1213,#1214,#1215);
#1213 = CARTESIAN_POINT('',(0.5,-32.5,3.));
#1214 = DIRECTION('',(1.,0.,-0.));
#1215 = DIRECTION('',(0.,1.,1.1E-16));
#1216 = ORIENTED_EDGE('',*,*,#1217,.T.);
#1217 = EDGE_CURVE('',#1209,#1218,#1220,.T.);
#1218 = VERTEX_POINT('',#1219);
#1219 = CARTESIAN_POINT('',(0.5,-35.5,-127.));
#1220 = LINE('',#1221,#1222);
#1221 = CARTESIAN_POINT('',(0.5,-35.5,3.));
#1222 = VECTOR('',#1223,1.);
#1223 = DIRECTION('',(0.,0.,-1.));
#1224 = ORIENTED_EDGE('',*,*,#1225,.T.);
#1225 = EDGE_CURVE('',#1218,#1226,#1228,.T.);
#1226 = VERTEX_POINT('',#1227);
#1227 = CARTESIAN_POINT('',(0.5,-32.5,-130.));
#1228 = CIRCLE('',#1229,3.);
#1229 = AXIS2_PLACEMENT_3D('',#1230,#1231,#1232);
#1230 = CARTESIAN_POINT('',(0.5,-32.5,-127.));
#1231 = DIRECTION('',(1.,0.,0.));
#1232 = DIRECTION('',(0.,-1.1E-16,1.));
#1233 = ORIENTED_EDGE('',*,*,#1234,.T.);
#1234 = EDGE_CURVE('',#1226,#1170,#1235,.T.);
#1235 = LINE('',#1236,#1237);
#1236 = CARTESIAN_POINT('',(0.5,-32.5,-130.));
#1237 = VECTOR('',#1238,1.);
#1238 = DIRECTION('',(0.,1.,0.));
#1239 = ORIENTED_EDGE('',*,*,#1169,.F.);
#1240 = ORIENTED_EDGE('',*,*,#940,.F.);
#1241 = ORIENTED_EDGE('',*,*,#1242,.F.);
#1242 = EDGE_CURVE('',#1014,#933,#1243,.T.);
#1243 = LINE('',#1244,#1245);
#1244 = CARTESIAN_POINT('',(0.5,-32.5,3.));
#1245 = VECTOR('',#1246,1.);
#1246 = DIRECTION('',(0.,0.,-1.));
#1247 = PLANE('',#1248);
#1248 = AXIS2_PLACEMENT_3D('',#1249,#1250,#1251);
#1249 = CARTESIAN_POINT('',(0.5,0.,-62.));
#1250 = DIRECTION('',(1.,0.,0.));
#1251 = DIRECTION('',(0.,1.,0.));
#1252 = ADVANCED_FACE('',(#1253),#1259,.T.);
#1253 = FACE_BOUND('',#1254,.T.);
#1254 = EDGE_LOOP('',(#1255,#1256,#1257,#1258));
#1255 = ORIENTED_EDGE('',*,*,#1021,.T.);
#1256 = ORIENTED_EDGE('',*,*,#1242,.T.);
#1257 = ORIENTED_EDGE('',*,*,#932,.F.);
#1258 = ORIENTED_EDGE('',*,*,#1037,.F.);
#1259 = PLANE('',#1260);
#1260 = AXIS2_PLACEMENT_3D('',#1261,#1262,#1263);
#1261 = CARTESIAN_POINT('',(-44.5,-32.5,3.));
#1262 = DIRECTION('',(0.,1.,0.));
#1263 = DIRECTION('',(0.,0.,-1.));
#1264 = ADVANCED_FACE('',(#1265),#1277,.F.);
#1265 = FACE_BOUND('',#1266,.T.);
#1266 = EDGE_LOOP('',(#1267,#1268,#1269,#1270));
#1267 = ORIENTED_EDGE('',*,*,#1192,.T.);
#1268 = ORIENTED_EDGE('',*,*,#1004,.T.);
#1269 = ORIENTED_EDGE('',*,*,#1104,.F.);
#1270 = ORIENTED_EDGE('',*,*,#1271,.F.);
#1271 = EDGE_CURVE('',#1193,#1097,#1272,.T.);
#1272 = CIRCLE('',#1273,3.);
#1273 = AXIS2_PLACEMENT_3D('',#1274,#1275,#1276);
#1274 = CARTESIAN_POINT('',(0.,0.,6.));
#1275 = DIRECTION('',(0.,0.,-1.));
#1276 = DIRECTION('',(1.,0.,0.));
#1277 = CYLINDRICAL_SURFACE('',#1278,3.);
#1278 = AXIS2_PLACEMENT_3D('',#1279,#1280,#1281);
#1279 = CARTESIAN_POINT('',(0.,0.,0.));
#1280 = DIRECTION('',(-0.,-0.,-1.));
#1281 = DIRECTION('',(1.,0.,-0.));
#1282 = ADVANCED_FACE('',(#1283),#1310,.F.);
#1283 = FACE_BOUND('',#1284,.F.);
#1284 = EDGE_LOOP('',(#1285,#1293,#1301,#1307,#1308,#1309));
#1285 = ORIENTED_EDGE('',*,*,#1286,.F.);
#1286 = EDGE_CURVE('',#1287,#1201,#1289,.T.);
#1287 = VERTEX_POINT('',#1288);
#1288 = CARTESIAN_POINT('',(-44.5,-32.5,6.));
#1289 = LINE('',#1290,#1291);
#1290 = CARTESIAN_POINT('',(-44.5,-32.5,6.));
#1291 = VECTOR('',#1292,1.);
#1292 = DIRECTION('',(1.,0.,0.));
#1293 = ORIENTED_EDGE('',*,*,#1294,.F.);
#1294 = EDGE_CURVE('',#1295,#1287,#1297,.T.);
#1295 = VERTEX_POINT('',#1296);
#1296 = CARTESIAN_POINT('',(-44.5,32.5,6.));
#1297 = LINE('',#1298,#1299);
#1298 = CARTESIAN_POINT('',(-44.5,32.5,6.));
#1299 = VECTOR('',#1300,1.);
#1300 = DIRECTION('',(0.,-1.,0.));
#1301 = ORIENTED_EDGE('',*,*,#1302,.T.);
#1302 = EDGE_CURVE('',#1295,#1088,#1303,.T.);
#1303 = LINE('',#1304,#1305);
#1304 = CARTESIAN_POINT('',(-44.5,32.5,6.));
#1305 = VECTOR('',#1306,1.);
#1306 = DIRECTION('',(1.,0.,0.));
#1307 = ORIENTED_EDGE('',*,*,#1096,.T.);
#1308 = ORIENTED_EDGE('',*,*,#1271,.F.);
#1309 = ORIENTED_EDGE('',*,*,#1200,.T.);
#1310 = PLANE('',#1311);
#1311 = AXIS2_PLACEMENT_3D('',#1312,#1313,#1314);
#1312 = CARTESIAN_POINT('',(-44.5,32.5,6.));
#1313 = DIRECTION('',(0.,0.,-1.));
#1314 = DIRECTION('',(0.,-1.,0.));
#1315 = ADVANCED_FACE('',(#1316),#1335,.T.);
#1316 = FACE_BOUND('',#1317,.T.);
#1317 = EDGE_LOOP('',(#1318,#1319,#1320,#1328));
#1318 = ORIENTED_EDGE('',*,*,#1302,.T.);
#1319 = ORIENTED_EDGE('',*,*,#1087,.F.);
#1320 = ORIENTED_EDGE('',*,*,#1321,.F.);
#1321 = EDGE_CURVE('',#1322,#1080,#1324,.T.);
#1322 = VERTEX_POINT('',#1323);
#1323 = CARTESIAN_POINT('',(-44.5,35.5,3.));
#1324 = LINE('',#1325,#1326);
#1325 = CARTESIAN_POINT('',(-44.5,35.5,3.));
#1326 = VECTOR('',#1327,1.);
#1327 = DIRECTION('',(1.,0.,0.));
#1328 = ORIENTED_EDGE('',*,*,#1329,.T.);
#1329 = EDGE_CURVE('',#1322,#1295,#1330,.T.);
#1330 = CIRCLE('',#1331,3.);
#1331 = AXIS2_PLACEMENT_3D('',#1332,#1333,#1334);
#1332 = CARTESIAN_POINT('',(-44.5,32.5,3.));
#1333 = DIRECTION('',(1.,-0.,0.));
#1334 = DIRECTION('',(0.,1.1E-16,-1.));
#1335 = CYLINDRICAL_SURFACE('',#1336,3.);
#1336 = AXIS2_PLACEMENT_3D('',#1337,#1338,#1339);
#1337 = CARTESIAN_POINT('',(-44.5,32.5,3.));
#1338 = DIRECTION('',(1.,0.,0.));
#1339 = DIRECTION('',(0.,1.1E-16,-1.));
#1340 = ADVANCED_FACE('',(#1341),#1359,.F.);
#1341 = FACE_BOUND('',#1342,.F.);
#1342 = EDGE_LOOP('',(#1343,#1351,#1352,#1353));
#1343 = ORIENTED_EDGE('',*,*,#1344,.T.);
#1344 = EDGE_CURVE('',#1345,#1071,#1347,.T.);
#1345 = VERTEX_POINT('',#1346);
#1346 = CARTESIAN_POINT('',(-44.5,35.5,-127.));
#1347 = LINE('',#1348,#1349);
#1348 = CARTESIAN_POINT('',(-44.5,35.5,-127.));
#1349 = VECTOR('',#1350,1.);
#1350 = DIRECTION('',(1.,0.,0.));
#1351 = ORIENTED_EDGE('',*,*,#1079,.T.);
#1352 = ORIENTED_EDGE('',*,*,#1321,.F.);
#1353 = ORIENTED_EDGE('',*,*,#1354,.F.);
#1354 = EDGE_CURVE('',#1345,#1322,#1355,.T.);
#1355 = LINE('',#1356,#1357);
#1356 = CARTESIAN_POINT('',(-44.5,35.5,-127.));
#1357 = VECTOR('',#1358,1.);
#1358 = DIRECTION('',(0.,0.,1.));
#1359 = PLANE('',#1360);
#1360 = AXIS2_PLACEMENT_3D('',#1361,#1362,#1363);
#1361 = CARTESIAN_POINT('',(-44.5,35.5,-127.));
#1362 = DIRECTION('',(0.,-1.,0.));
#1363 = DIRECTION('',(0.,0.,1.));
#1364 = ADVANCED_FACE('',(#1365),#1384,.T.);
#1365 = FACE_BOUND('',#1366,.F.);
#1366 = EDGE_LOOP('',(#1367,#1375,#1376,#1377));
#1367 = ORIENTED_EDGE('',*,*,#1368,.T.);
#1368 = EDGE_CURVE('',#1369,#1063,#1371,.T.);
#1369 = VERTEX_POINT('',#1370);
#1370 = CARTESIAN_POINT('',(-44.5,32.5,-130.));
#1371 = LINE('',#1372,#1373);
#1372 = CARTESIAN_POINT('',(-44.5,32.5,-130.));
#1373 = VECTOR('',#1374,1.);
#1374 = DIRECTION('',(1.,0.,0.));
#1375 = ORIENTED_EDGE('',*,*,#1070,.F.);
#1376 = ORIENTED_EDGE('',*,*,#1344,.F.);
#1377 = ORIENTED_EDGE('',*,*,#1378,.T.);
#1378 = EDGE_CURVE('',#1345,#1369,#1379,.T.);
#1379 = CIRCLE('',#1380,3.);
#1380 = AXIS2_PLACEMENT_3D('',#1381,#1382,#1383);
#1381 = CARTESIAN_POINT('',(-44.5,32.5,-127.));
#1382 = DIRECTION('',(-1.,0.,0.));
#1383 = DIRECTION('',(0.,1.1E-16,1.));
#1384 = CYLINDRICAL_SURFACE('',#1385,3.);
#1385 = AXIS2_PLACEMENT_3D('',#1386,#1387,#1388);
#1386 = CARTESIAN_POINT('',(-44.5,32.5,-127.));
#1387 = DIRECTION('',(1.,0.,0.));
#1388 = DIRECTION('',(0.,1.1E-16,1.));
#1389 = ADVANCED_FACE('',(#1390),#1412,.F.);
#1390 = FACE_BOUND('',#1391,.F.);
#1391 = EDGE_LOOP('',(#1392,#1400,#1406,#1407,#1408,#1409,#1410,#1411));
#1392 = ORIENTED_EDGE('',*,*,#1393,.F.);
#1393 = EDGE_CURVE('',#1394,#1369,#1396,.T.);
#1394 = VERTEX_POINT('',#1395);
#1395 = CARTESIAN_POINT('',(-44.5,-32.5,-130.));
#1396 = LINE('',#1397,#1398);
#1397 = CARTESIAN_POINT('',(-44.5,-32.5,-130.));
#1398 = VECTOR('',#1399,1.);
#1399 = DIRECTION('',(0.,1.,0.));
#1400 = ORIENTED_EDGE('',*,*,#1401,.T.);
#1401 = EDGE_CURVE('',#1394,#1226,#1402,.T.);
#1402 = LINE('',#1403,#1404);
#1403 = CARTESIAN_POINT('',(-44.5,-32.5,-130.));
#1404 = VECTOR('',#1405,1.);
#1405 = DIRECTION('',(1.,0.,0.));
#1406 = ORIENTED_EDGE('',*,*,#1234,.T.);
#1407 = ORIENTED_EDGE('',*,*,#1177,.T.);
#1408 = ORIENTED_EDGE('',*,*,#1153,.T.);
#1409 = ORIENTED_EDGE('',*,*,#1129,.F.);
#1410 = ORIENTED_EDGE('',*,*,#1062,.T.);
#1411 = ORIENTED_EDGE('',*,*,#1368,.F.);
#1412 = PLANE('',#1413);
#1413 = AXIS2_PLACEMENT_3D('',#1414,#1415,#1416);
#1414 = CARTESIAN_POINT('',(-44.5,-32.5,-130.));
#1415 = DIRECTION('',(0.,0.,1.));
#1416 = DIRECTION('',(0.,1.,0.));
#1417 = ADVANCED_FACE('',(#1418),#1437,.T.);
#1418 = FACE_BOUND('',#1419,.T.);
#1419 = EDGE_LOOP('',(#1420,#1421,#1422,#1430));
#1420 = ORIENTED_EDGE('',*,*,#1401,.T.);
#1421 = ORIENTED_EDGE('',*,*,#1225,.F.);
#1422 = ORIENTED_EDGE('',*,*,#1423,.F.);
#1423 = EDGE_CURVE('',#1424,#1218,#1426,.T.);
#1424 = VERTEX_POINT('',#1425);
#1425 = CARTESIAN_POINT('',(-44.5,-35.5,-127.));
#1426 = LINE('',#1427,#1428);
#1427 = CARTESIAN_POINT('',(-44.5,-35.5,-127.));
#1428 = VECTOR('',#1429,1.);
#1429 = DIRECTION('',(1.,0.,0.));
#1430 = ORIENTED_EDGE('',*,*,#1431,.T.);
#1431 = EDGE_CURVE('',#1424,#1394,#1432,.T.);
#1432 = CIRCLE('',#1433,3.);
#1433 = AXIS2_PLACEMENT_3D('',#1434,#1435,#1436);
#1434 = CARTESIAN_POINT('',(-44.5,-32.5,-127.));
#1435 = DIRECTION('',(1.,0.,0.));
#1436 = DIRECTION('',(0.,-1.1E-16,1.));
#1437 = CYLINDRICAL_SURFACE('',#1438,3.);
#1438 = AXIS2_PLACEMENT_3D('',#1439,#1440,#1441);
#1439 = CARTESIAN_POINT('',(-44.5,-32.5,-127.));
#1440 = DIRECTION('',(1.,0.,0.));
#1441 = DIRECTION('',(0.,-1.1E-16,1.));
#1442 = ADVANCED_FACE('',(#1443),#1461,.F.);
#1443 = FACE_BOUND('',#1444,.F.);
#1444 = EDGE_LOOP('',(#1445,#1446,#1454,#1460));
#1445 = ORIENTED_EDGE('',*,*,#1423,.F.);
#1446 = ORIENTED_EDGE('',*,*,#1447,.F.);
#1447 = EDGE_CURVE('',#1448,#1424,#1450,.T.);
#1448 = VERTEX_POINT('',#1449);
#1449 = CARTESIAN_POINT('',(-44.5,-35.5,3.));
#1450 = LINE('',#1451,#1452);
#1451 = CARTESIAN_POINT('',(-44.5,-35.5,3.));
#1452 = VECTOR('',#1453,1.);
#1453 = DIRECTION('',(0.,0.,-1.));
#1454 = ORIENTED_EDGE('',*,*,#1455,.T.);
#1455 = EDGE_CURVE('',#1448,#1209,#1456,.T.);
#1456 = LINE('',#1457,#1458);
#1457 = CARTESIAN_POINT('',(-44.5,-35.5,3.));
#1458 = VECTOR('',#1459,1.);
#1459 = DIRECTION('',(1.,0.,0.));
#1460 = ORIENTED_EDGE('',*,*,#1217,.T.);
#1461 = PLANE('',#1462);
#1462 = AXIS2_PLACEMENT_3D('',#1463,#1464,#1465);
#1463 = CARTESIAN_POINT('',(-44.5,-35.5,3.));
#1464 = DIRECTION('',(0.,1.,0.));
#1465 = DIRECTION('',(0.,0.,-1.));
#1466 = ADVANCED_FACE('',(#1467),#1479,.T.);
#1467 = FACE_BOUND('',#1468,.T.);
#1468 = EDGE_LOOP('',(#1469,#1470,#1471,#1472));
#1469 = ORIENTED_EDGE('',*,*,#1455,.T.);
#1470 = ORIENTED_EDGE('',*,*,#1208,.F.);
#1471 = ORIENTED_EDGE('',*,*,#1286,.F.);
#1472 = ORIENTED_EDGE('',*,*,#1473,.T.);
#1473 = EDGE_CURVE('',#1287,#1448,#1474,.T.);
#1474 = CIRCLE('',#1475,3.);
#1475 = AXIS2_PLACEMENT_3D('',#1476,#1477,#1478);
#1476 = CARTESIAN_POINT('',(-44.5,-32.5,3.));
#1477 = DIRECTION('',(1.,0.,-0.));
#1478 = DIRECTION('',(0.,1.,1.1E-16));
#1479 = CYLINDRICAL_SURFACE('',#1480,3.);
#1480 = AXIS2_PLACEMENT_3D('',#1481,#1482,#1483);
#1481 = CARTESIAN_POINT('',(-44.5,-32.5,3.));
#1482 = DIRECTION('',(1.,0.,0.));
#1483 = DIRECTION('',(0.,1.,1.1E-16));
#1484 = ADVANCED_FACE('',(#1485),#1512,.T.);
#1485 = FACE_BOUND('',#1486,.T.);
#1486 = EDGE_LOOP('',(#1487,#1488,#1497,#1505));
#1487 = ORIENTED_EDGE('',*,*,#1294,.F.);
#1488 = ORIENTED_EDGE('',*,*,#1489,.T.);
#1489 = EDGE_CURVE('',#1295,#1490,#1492,.T.);
#1490 = VERTEX_POINT('',#1491);
#1491 = CARTESIAN_POINT('',(-47.5,32.5,3.));
#1492 = CIRCLE('',#1493,3.);
#1493 = AXIS2_PLACEMENT_3D('',#1494,#1495,#1496);
#1494 = CARTESIAN_POINT('',(-44.5,32.5,3.));
#1495 = DIRECTION('',(0.,-1.,0.));
#1496 = DIRECTION('',(1.,0.,1.1E-16));
#1497 = ORIENTED_EDGE('',*,*,#1498,.T.);
#1498 = EDGE_CURVE('',#1490,#1499,#1501,.T.);
#1499 = VERTEX_POINT('',#1500);
#1500 = CARTESIAN_POINT('',(-47.5,-32.5,3.));
#1501 = LINE('',#1502,#1503);
#1502 = CARTESIAN_POINT('',(-47.5,32.5,3.));
#1503 = VECTOR('',#1504,1.);
#1504 = DIRECTION('',(0.,-1.,0.));
#1505 = ORIENTED_EDGE('',*,*,#1506,.F.);
#1506 = EDGE_CURVE('',#1287,#1499,#1507,.T.);
#1507 = CIRCLE('',#1508,3.);
#1508 = AXIS2_PLACEMENT_3D('',#1509,#1510,#1511);
#1509 = CARTESIAN_POINT('',(-44.5,-32.5,3.));
#1510 = DIRECTION('',(0.,-1.,0.));
#1511 = DIRECTION('',(1.,0.,1.1E-16));
#1512 = CYLINDRICAL_SURFACE('',#1513,3.);
#1513 = AXIS2_PLACEMENT_3D('',#1514,#1515,#1516);
#1514 = CARTESIAN_POINT('',(-44.5,32.5,3.));
#1515 = DIRECTION('',(0.,-1.,0.));
#1516 = DIRECTION('',(1.,0.,1.1E-16));
#1517 = ADVANCED_FACE('',(#1518),#1529,.T.);
#1518 = FACE_BOUND('',#1519,.T.);
#1519 = EDGE_LOOP('',(#1520,#1521,#1528));
#1520 = ORIENTED_EDGE('',*,*,#1329,.F.);
#1521 = ORIENTED_EDGE('',*,*,#1522,.T.);
#1522 = EDGE_CURVE('',#1322,#1490,#1523,.T.);
#1523 = CIRCLE('',#1524,3.);
#1524 = AXIS2_PLACEMENT_3D('',#1525,#1526,#1527);
#1525 = CARTESIAN_POINT('',(-44.5,32.5,3.));
#1526 = DIRECTION('',(0.,-0.,1.));
#1527 = DIRECTION('',(1.,1.1E-16,0.));
#1528 = ORIENTED_EDGE('',*,*,#1489,.F.);
#1529 = SPHERICAL_SURFACE('',#1530,3.);
#1530 = AXIS2_PLACEMENT_3D('',#1531,#1532,#1533);
#1531 = CARTESIAN_POINT('',(-44.5,32.5,3.));
#1532 = DIRECTION('',(-0.707106781187,0.,-0.707106781187));
#1533 = DIRECTION('',(0.57735026919,-0.57735026919,-0.57735026919));
#1534 = ADVANCED_FACE('',(#1535),#1554,.T.);
#1535 = FACE_BOUND('',#1536,.T.);
#1536 = EDGE_LOOP('',(#1537,#1538,#1547,#1553));
#1537 = ORIENTED_EDGE('',*,*,#1354,.F.);
#1538 = ORIENTED_EDGE('',*,*,#1539,.T.);
#1539 = EDGE_CURVE('',#1345,#1540,#1542,.T.);
#1540 = VERTEX_POINT('',#1541);
#1541 = CARTESIAN_POINT('',(-47.5,32.5,-127.));
#1542 = CIRCLE('',#1543,3.);
#1543 = AXIS2_PLACEMENT_3D('',#1544,#1545,#1546);
#1544 = CARTESIAN_POINT('',(-44.5,32.5,-127.));
#1545 = DIRECTION('',(0.,-0.,1.));
#1546 = DIRECTION('',(1.,1.1E-16,0.));
#1547 = ORIENTED_EDGE('',*,*,#1548,.T.);
#1548 = EDGE_CURVE('',#1540,#1490,#1549,.T.);
#1549 = LINE('',#1550,#1551);
#1550 = CARTESIAN_POINT('',(-47.5,32.5,-127.));
#1551 = VECTOR('',#1552,1.);
#1552 = DIRECTION('',(0.,0.,1.));
#1553 = ORIENTED_EDGE('',*,*,#1522,.F.);
#1554 = CYLINDRICAL_SURFACE('',#1555,3.);
#1555 = AXIS2_PLACEMENT_3D('',#1556,#1557,#1558);
#1556 = CARTESIAN_POINT('',(-44.5,32.5,-127.));
#1557 = DIRECTION('',(0.,0.,1.));
#1558 = DIRECTION('',(1.,1.1E-16,0.));
#1559 = ADVANCED_FACE('',(#1560),#1571,.T.);
#1560 = FACE_BOUND('',#1561,.T.);
#1561 = EDGE_LOOP('',(#1562,#1563,#1570));
#1562 = ORIENTED_EDGE('',*,*,#1378,.T.);
#1563 = ORIENTED_EDGE('',*,*,#1564,.T.);
#1564 = EDGE_CURVE('',#1369,#1540,#1565,.T.);
#1565 = CIRCLE('',#1566,3.);
#1566 = AXIS2_PLACEMENT_3D('',#1567,#1568,#1569);
#1567 = CARTESIAN_POINT('',(-44.5,32.5,-127.));
#1568 = DIRECTION('',(0.,1.,0.));
#1569 = DIRECTION('',(1.,0.,-1.1E-16));
#1570 = ORIENTED_EDGE('',*,*,#1539,.F.);
#1571 = SPHERICAL_SURFACE('',#1572,3.);
#1572 = AXIS2_PLACEMENT_3D('',#1573,#1574,#1575);
#1573 = CARTESIAN_POINT('',(-44.5,32.5,-127.));
#1574 = DIRECTION('',(0.707106781187,0.,-0.707106781187));
#1575 = DIRECTION('',(0.57735026919,-0.57735026919,0.57735026919));
#1576 = ADVANCED_FACE('',(#1577),#1596,.T.);
#1577 = FACE_BOUND('',#1578,.T.);
#1578 = EDGE_LOOP('',(#1579,#1580,#1589,#1595));
#1579 = ORIENTED_EDGE('',*,*,#1393,.F.);
#1580 = ORIENTED_EDGE('',*,*,#1581,.T.);
#1581 = EDGE_CURVE('',#1394,#1582,#1584,.T.);
#1582 = VERTEX_POINT('',#1583);
#1583 = CARTESIAN_POINT('',(-47.5,-32.5,-127.));
#1584 = CIRCLE('',#1585,3.);
#1585 = AXIS2_PLACEMENT_3D('',#1586,#1587,#1588);
#1586 = CARTESIAN_POINT('',(-44.5,-32.5,-127.));
#1587 = DIRECTION('',(0.,1.,0.));
#1588 = DIRECTION('',(1.,0.,-1.1E-16));
#1589 = ORIENTED_EDGE('',*,*,#1590,.T.);
#1590 = EDGE_CURVE('',#1582,#1540,#1591,.T.);
#1591 = LINE('',#1592,#1593);
#1592 = CARTESIAN_POINT('',(-47.5,-32.5,-127.));
#1593 = VECTOR('',#1594,1.);
#1594 = DIRECTION('',(0.,1.,0.));
#1595 = ORIENTED_EDGE('',*,*,#1564,.F.);
#1596 = CYLINDRICAL_SURFACE('',#1597,3.);
#1597 = AXIS2_PLACEMENT_3D('',#1598,#1599,#1600);
#1598 = CARTESIAN_POINT('',(-44.5,-32.5,-127.));
#1599 = DIRECTION('',(0.,1.,0.));
#1600 = DIRECTION('',(1.,0.,-1.1E-16));
#1601 = ADVANCED_FACE('',(#1602),#1613,.T.);
#1602 = FACE_BOUND('',#1603,.T.);
#1603 = EDGE_LOOP('',(#1604,#1605,#1612));
#1604 = ORIENTED_EDGE('',*,*,#1431,.F.);
#1605 = ORIENTED_EDGE('',*,*,#1606,.T.);
#1606 = EDGE_CURVE('',#1424,#1582,#1607,.T.);
#1607 = CIRCLE('',#1608,3.);
#1608 = AXIS2_PLACEMENT_3D('',#1609,#1610,#1611);
#1609 = CARTESIAN_POINT('',(-44.5,-32.5,-127.));
#1610 = DIRECTION('',(0.,0.,-1.));
#1611 = DIRECTION('',(1.,-1.1E-16,0.));
#1612 = ORIENTED_EDGE('',*,*,#1581,.F.);
#1613 = SPHERICAL_SURFACE('',#1614,3.);
#1614 = AXIS2_PLACEMENT_3D('',#1615,#1616,#1617);
#1615 = CARTESIAN_POINT('',(-44.5,-32.5,-127.));
#1616 = DIRECTION('',(-0.707106781187,0.,0.707106781187));
#1617 = DIRECTION('',(0.57735026919,0.57735026919,0.57735026919));
#1618 = ADVANCED_FACE('',(#1619),#1636,.T.);
#1619 = FACE_BOUND('',#1620,.T.);
#1620 = EDGE_LOOP('',(#1621,#1622,#1629,#1635));
#1621 = ORIENTED_EDGE('',*,*,#1447,.F.);
#1622 = ORIENTED_EDGE('',*,*,#1623,.T.);
#1623 = EDGE_CURVE('',#1448,#1499,#1624,.T.);
#1624 = CIRCLE('',#1625,3.);
#1625 = AXIS2_PLACEMENT_3D('',#1626,#1627,#1628);
#1626 = CARTESIAN_POINT('',(-44.5,-32.5,3.));
#1627 = DIRECTION('',(0.,0.,-1.));
#1628 = DIRECTION('',(1.,-1.1E-16,0.));
#1629 = ORIENTED_EDGE('',*,*,#1630,.T.);
#1630 = EDGE_CURVE('',#1499,#1582,#1631,.T.);
#1631 = LINE('',#1632,#1633);
#1632 = CARTESIAN_POINT('',(-47.5,-32.5,3.));
#1633 = VECTOR('',#1634,1.);
#1634 = DIRECTION('',(0.,0.,-1.));
#1635 = ORIENTED_EDGE('',*,*,#1606,.F.);
#1636 = CYLINDRICAL_SURFACE('',#1637,3.);
#1637 = AXIS2_PLACEMENT_3D('',#1638,#1639,#1640);
#1638 = CARTESIAN_POINT('',(-44.5,-32.5,3.));
#1639 = DIRECTION('',(0.,0.,-1.));
#1640 = DIRECTION('',(1.,-1.1E-16,0.));
#1641 = ADVANCED_FACE('',(#1642),#1647,.T.);
#1642 = FACE_BOUND('',#1643,.T.);
#1643 = EDGE_LOOP('',(#1644,#1645,#1646));
#1644 = ORIENTED_EDGE('',*,*,#1473,.F.);
#1645 = ORIENTED_EDGE('',*,*,#1506,.T.);
#1646 = ORIENTED_EDGE('',*,*,#1623,.F.);
#1647 = SPHERICAL_SURFACE('',#1648,3.);
#1648 = AXIS2_PLACEMENT_3D('',#1649,#1650,#1651);
#1649 = CARTESIAN_POINT('',(-44.5,-32.5,3.));
#1650 = DIRECTION('',(-0.707106781187,0.707106781187,0.));
#1651 = DIRECTION('',(0.57735026919,0.57735026919,-0.57735026919));
#1652 = ADVANCED_FACE('',(#1653),#1659,.F.);
#1653 = FACE_BOUND('',#1654,.F.);
#1654 = EDGE_LOOP('',(#1655,#1656,#1657,#1658));
#1655 = ORIENTED_EDGE('',*,*,#1548,.T.);
#1656 = ORIENTED_EDGE('',*,*,#1498,.T.);
#1657 = ORIENTED_EDGE('',*,*,#1630,.T.);
#1658 = ORIENTED_EDGE('',*,*,#1590,.T.);
#1659 = PLANE('',#1660);
#1660 = AXIS2_PLACEMENT_3D('',#1661,#1662,#1663);
#1661 = CARTESIAN_POINT('',(-47.5,0.,-62.));
#1662 = DIRECTION('',(1.,0.,0.));
#1663 = DIRECTION('',(0.,1.,0.));
#1664 = ( GEOMETRIC_REPRESENTATION_CONTEXT(3) 
GLOBAL_UNCERTAINTY_ASSIGNED_CONTEXT((#1668)) 
GLOBAL_UNIT_ASSIGNED_CONTEXT((#1665,#1666,#1667)) REPRESENTATION_CONTEXT
('Context #1','3D Context with UNIT and UNCERTAINTY') );
#1665 = ( LENGTH_UNIT() NAMED_UNIT(*) SI_UNIT(.MILLI.,.METRE.) );
#1666 = ( NAMED_UNIT(*) PLANE_ANGLE_UNIT() SI_UNIT($,.RADIAN.) );
#1667 = ( NAMED_UNIT(*) SI_UNIT($,.STERADIAN.) SOLID_ANGLE_UNIT() );
#1668 = UNCERTAINTY_MEASURE_WITH_UNIT(LENGTH_MEASURE(1.E-05),#1665,
  'distance_accuracy_value','confusion accuracy');
#1669 = CONTEXT_DEPENDENT_SHAPE_REPRESENTATION(#1670,#1672);
#1670 = ( REPRESENTATION_RELATIONSHIP('','',#877,#10) 
REPRESENTATION_RELATIONSHIP_WITH_TRANSFORMATION(#1671) 
SHAPE_REPRESENTATION_RELATIONSHIP() );
#1671 = ITEM_DEFINED_TRANSFORMATION('','',#11,#19);
#1672 = PRODUCT_DEFINITION_SHAPE('Placement','Placement of an item',
  #1673);
#1673 = NEXT_ASSEMBLY_USAGE_OCCURRENCE('2','Cylinder','',#5,#872,$);
#1674 = PRODUCT_RELATED_PRODUCT_CATEGORY('part',$,(#874));
#1675 = SHAPE_DEFINITION_REPRESENTATION(#1676,#1682);
#1676 = PRODUCT_DEFINITION_SHAPE('','',#1677);
#1677 = PRODUCT_DEFINITION('design','',#1678,#1681);
#1678 = PRODUCT_DEFINITION_FORMATION('','',#1679);
#1679 = PRODUCT('Body002','Body002','',(#1680));
#1680 = PRODUCT_CONTEXT('',#2,'mechanical');
#1681 = PRODUCT_DEFINITION_CONTEXT('part definition',#2,'design');
#1682 = SHAPE_REPRESENTATION('',(#11,#1683,#1833),#1983);
#1683 = MANIFOLD_SOLID_BREP('',#1684);
#1684 = CLOSED_SHELL('',(#1685,#1725,#1756,#1787,#1809,#1821));
#1685 = ADVANCED_FACE('',(#1686),#1720,.F.);
#1686 = FACE_BOUND('',#1687,.F.);
#1687 = EDGE_LOOP('',(#1688,#1698,#1706,#1714));
#1688 = ORIENTED_EDGE('',*,*,#1689,.T.);
#1689 = EDGE_CURVE('',#1690,#1692,#1694,.T.);
#1690 = VERTEX_POINT('',#1691);
#1691 = CARTESIAN_POINT('',(-29.542,-64.8134,0.));
#1692 = VERTEX_POINT('',#1693);
#1693 = CARTESIAN_POINT('',(-29.542,-64.8134,39.));
#1694 = LINE('',#1695,#1696);
#1695 = CARTESIAN_POINT('',(-29.542,-64.8134,0.));
#1696 = VECTOR('',#1697,1.);
#1697 = DIRECTION('',(0.,0.,1.));
#1698 = ORIENTED_EDGE('',*,*,#1699,.T.);
#1699 = EDGE_CURVE('',#1692,#1700,#1702,.T.);
#1700 = VERTEX_POINT('',#1701);
#1701 = CARTESIAN_POINT('',(-26.542,-64.8134,39.));
#1702 = LINE('',#1703,#1704);
#1703 = CARTESIAN_POINT('',(-29.542,-64.8134,39.));
#1704 = VECTOR('',#1705,1.);
#1705 = DIRECTION('',(1.,0.,0.));
#1706 = ORIENTED_EDGE('',*,*,#1707,.F.);
#1707 = EDGE_CURVE('',#1708,#1700,#1710,.T.);
#1708 = VERTEX_POINT('',#1709);
#1709 = CARTESIAN_POINT('',(-26.542,-64.8134,0.));
#1710 = LINE('',#1711,#1712);
#1711 = CARTESIAN_POINT('',(-26.542,-64.8134,0.));
#1712 = VECTOR('',#1713,1.);
#1713 = DIRECTION('',(0.,0.,1.));
#1714 = ORIENTED_EDGE('',*,*,#1715,.F.);
#1715 = EDGE_CURVE('',#1690,#1708,#1716,.T.);
#1716 = LINE('',#1717,#1718);
#1717 = CARTESIAN_POINT('',(-29.542,-64.8134,0.));
#1718 = VECTOR('',#1719,1.);
#1719 = DIRECTION('',(1.,0.,0.));
#1720 = PLANE('',#1721);
#1721 = AXIS2_PLACEMENT_3D('',#1722,#1723,#1724);
#1722 = CARTESIAN_POINT('',(-29.542,-64.8134,0.));
#1723 = DIRECTION('',(0.,1.,0.));
#1724 = DIRECTION('',(1.,0.,0.));
#1725 = ADVANCED_FACE('',(#1726),#1751,.F.);
#1726 = FACE_BOUND('',#1727,.F.);
#1727 = EDGE_LOOP('',(#1728,#1729,#1737,#1745));
#1728 = ORIENTED_EDGE('',*,*,#1707,.T.);
#1729 = ORIENTED_EDGE('',*,*,#1730,.T.);
#1730 = EDGE_CURVE('',#1700,#1731,#1733,.T.);
#1731 = VERTEX_POINT('',#1732);
#1732 = CARTESIAN_POINT('',(-26.542,-61.8134,39.));
#1733 = LINE('',#1734,#1735);
#1734 = CARTESIAN_POINT('',(-26.542,-64.8134,39.));
#1735 = VECTOR('',#1736,1.);
#1736 = DIRECTION('',(0.,1.,0.));
#1737 = ORIENTED_EDGE('',*,*,#1738,.F.);
#1738 = EDGE_CURVE('',#1739,#1731,#1741,.T.);
#1739 = VERTEX_POINT('',#1740);
#1740 = CARTESIAN_POINT('',(-26.542,-61.8134,0.));
#1741 = LINE('',#1742,#1743);
#1742 = CARTESIAN_POINT('',(-26.542,-61.8134,0.));
#1743 = VECTOR('',#1744,1.);
#1744 = DIRECTION('',(0.,0.,1.));
#1745 = ORIENTED_EDGE('',*,*,#1746,.F.);
#1746 = EDGE_CURVE('',#1708,#1739,#1747,.T.);
#1747 = LINE('',#1748,#1749);
#1748 = CARTESIAN_POINT('',(-26.542,-64.8134,0.));
#1749 = VECTOR('',#1750,1.);
#1750 = DIRECTION('',(0.,1.,0.));
#1751 = PLANE('',#1752);
#1752 = AXIS2_PLACEMENT_3D('',#1753,#1754,#1755);
#1753 = CARTESIAN_POINT('',(-26.542,-64.8134,0.));
#1754 = DIRECTION('',(-1.,0.,0.));
#1755 = DIRECTION('',(0.,1.,0.));
#1756 = ADVANCED_FACE('',(#1757),#1782,.F.);
#1757 = FACE_BOUND('',#1758,.F.);
#1758 = EDGE_LOOP('',(#1759,#1760,#1768,#1776));
#1759 = ORIENTED_EDGE('',*,*,#1738,.T.);
#1760 = ORIENTED_EDGE('',*,*,#1761,.T.);
#1761 = EDGE_CURVE('',#1731,#1762,#1764,.T.);
#1762 = VERTEX_POINT('',#1763);
#1763 = CARTESIAN_POINT('',(-29.542,-61.8134,39.));
#1764 = LINE('',#1765,#1766);
#1765 = CARTESIAN_POINT('',(-26.542,-61.8134,39.));
#1766 = VECTOR('',#1767,1.);
#1767 = DIRECTION('',(-1.,0.,0.));
#1768 = ORIENTED_EDGE('',*,*,#1769,.F.);
#1769 = EDGE_CURVE('',#1770,#1762,#1772,.T.);
#1770 = VERTEX_POINT('',#1771);
#1771 = CARTESIAN_POINT('',(-29.542,-61.8134,0.));
#1772 = LINE('',#1773,#1774);
#1773 = CARTESIAN_POINT('',(-29.542,-61.8134,0.));
#1774 = VECTOR('',#1775,1.);
#1775 = DIRECTION('',(0.,0.,1.));
#1776 = ORIENTED_EDGE('',*,*,#1777,.F.);
#1777 = EDGE_CURVE('',#1739,#1770,#1778,.T.);
#1778 = LINE('',#1779,#1780);
#1779 = CARTESIAN_POINT('',(-26.542,-61.8134,0.));
#1780 = VECTOR('',#1781,1.);
#1781 = DIRECTION('',(-1.,0.,0.));
#1782 = PLANE('',#1783);
#1783 = AXIS2_PLACEMENT_3D('',#1784,#1785,#1786);
#1784 = CARTESIAN_POINT('',(-26.542,-61.8134,0.));
#1785 = DIRECTION('',(0.,-1.,0.));
#1786 = DIRECTION('',(-1.,0.,0.));
#1787 = ADVANCED_FACE('',(#1788),#1804,.F.);
#1788 = FACE_BOUND('',#1789,.F.);
#1789 = EDGE_LOOP('',(#1790,#1791,#1797,#1798));
#1790 = ORIENTED_EDGE('',*,*,#1769,.T.);
#1791 = ORIENTED_EDGE('',*,*,#1792,.T.);
#1792 = EDGE_CURVE('',#1762,#1692,#1793,.T.);
#1793 = LINE('',#1794,#1795);
#1794 = CARTESIAN_POINT('',(-29.542,-61.8134,39.));
#1795 = VECTOR('',#1796,1.);
#1796 = DIRECTION('',(0.,-1.,0.));
#1797 = ORIENTED_EDGE('',*,*,#1689,.F.);
#1798 = ORIENTED_EDGE('',*,*,#1799,.F.);
#1799 = EDGE_CURVE('',#1770,#1690,#1800,.T.);
#1800 = LINE('',#1801,#1802);
#1801 = CARTESIAN_POINT('',(-29.542,-61.8134,0.));
#1802 = VECTOR('',#1803,1.);
#1803 = DIRECTION('',(0.,-1.,0.));
#1804 = PLANE('',#1805);
#1805 = AXIS2_PLACEMENT_3D('',#1806,#1807,#1808);
#1806 = CARTESIAN_POINT('',(-29.542,-61.8134,0.));
#1807 = DIRECTION('',(1.,0.,0.));
#1808 = DIRECTION('',(0.,-1.,0.));
#1809 = ADVANCED_FACE('',(#1810),#1816,.F.);
#1810 = FACE_BOUND('',#1811,.F.);
#1811 = EDGE_LOOP('',(#1812,#1813,#1814,#1815));
#1812 = ORIENTED_EDGE('',*,*,#1715,.T.);
#1813 = ORIENTED_EDGE('',*,*,#1746,.T.);
#1814 = ORIENTED_EDGE('',*,*,#1777,.T.);
#1815 = ORIENTED_EDGE('',*,*,#1799,.T.);
#1816 = PLANE('',#1817);
#1817 = AXIS2_PLACEMENT_3D('',#1818,#1819,#1820);
#1818 = CARTESIAN_POINT('',(6.77E-02,-63.1563,0.));
#1819 = DIRECTION('',(0.,0.,1.));
#1820 = DIRECTION('',(1.,0.,0.));
#1821 = ADVANCED_FACE('',(#1822),#1828,.T.);
#1822 = FACE_BOUND('',#1823,.T.);
#1823 = EDGE_LOOP('',(#1824,#1825,#1826,#1827));
#1824 = ORIENTED_EDGE('',*,*,#1699,.T.);
#1825 = ORIENTED_EDGE('',*,*,#1730,.T.);
#1826 = ORIENTED_EDGE('',*,*,#1761,.T.);
#1827 = ORIENTED_EDGE('',*,*,#1792,.T.);
#1828 = PLANE('',#1829);
#1829 = AXIS2_PLACEMENT_3D('',#1830,#1831,#1832);
#1830 = CARTESIAN_POINT('',(6.77E-02,-63.1563,39.));
#1831 = DIRECTION('',(0.,0.,1.));
#1832 = DIRECTION('',(1.,0.,0.));
#1833 = MANIFOLD_SOLID_BREP('',#1834);
#1834 = CLOSED_SHELL('',(#1835,#1875,#1906,#1937,#1959,#1971));
#1835 = ADVANCED_FACE('',(#1836),#1870,.F.);
#1836 = FACE_BOUND('',#1837,.F.);
#1837 = EDGE_LOOP('',(#1838,#1848,#1856,#1864));
#1838 = ORIENTED_EDGE('',*,*,#1839,.T.);
#1839 = EDGE_CURVE('',#1840,#1842,#1844,.T.);
#1840 = VERTEX_POINT('',#1841);
#1841 = CARTESIAN_POINT('',(29.6774,-64.4992,0.));
#1842 = VERTEX_POINT('',#1843);
#1843 = CARTESIAN_POINT('',(29.6774,-64.4992,39.));
#1844 = LINE('',#1845,#1846);
#1845 = CARTESIAN_POINT('',(29.6774,-64.4992,0.));
#1846 = VECTOR('',#1847,1.);
#1847 = DIRECTION('',(0.,0.,1.));
#1848 = ORIENTED_EDGE('',*,*,#1849,.T.);
#1849 = EDGE_CURVE('',#1842,#1850,#1852,.T.);
#1850 = VERTEX_POINT('',#1851);
#1851 = CARTESIAN_POINT('',(29.6774,-61.4992,39.));
#1852 = LINE('',#1853,#1854);
#1853 = CARTESIAN_POINT('',(29.6774,-64.4992,39.));
#1854 = VECTOR('',#1855,1.);
#1855 = DIRECTION('',(0.,1.,0.));
#1856 = ORIENTED_EDGE('',*,*,#1857,.F.);
#1857 = EDGE_CURVE('',#1858,#1850,#1860,.T.);
#1858 = VERTEX_POINT('',#1859);
#1859 = CARTESIAN_POINT('',(29.6774,-61.4992,0.));
#1860 = LINE('',#1861,#1862);
#1861 = CARTESIAN_POINT('',(29.6774,-61.4992,0.));
#1862 = VECTOR('',#1863,1.);
#1863 = DIRECTION('',(0.,0.,1.));
#1864 = ORIENTED_EDGE('',*,*,#1865,.F.);
#1865 = EDGE_CURVE('',#1840,#1858,#1866,.T.);
#1866 = LINE('',#1867,#1868);
#1867 = CARTESIAN_POINT('',(29.6774,-64.4992,0.));
#1868 = VECTOR('',#1869,1.);
#1869 = DIRECTION('',(0.,1.,0.));
#1870 = PLANE('',#1871);
#1871 = AXIS2_PLACEMENT_3D('',#1872,#1873,#1874);
#1872 = CARTESIAN_POINT('',(29.6774,-64.4992,0.));
#1873 = DIRECTION('',(-1.,0.,0.));
#1874 = DIRECTION('',(0.,1.,0.));
#1875 = ADVANCED_FACE('',(#1876),#1901,.F.);
#1876 = FACE_BOUND('',#1877,.F.);
#1877 = EDGE_LOOP('',(#1878,#1879,#1887,#1895));
#1878 = ORIENTED_EDGE('',*,*,#1857,.T.);
#1879 = ORIENTED_EDGE('',*,*,#1880,.T.);
#1880 = EDGE_CURVE('',#1850,#1881,#1883,.T.);
#1881 = VERTEX_POINT('',#1882);
#1882 = CARTESIAN_POINT('',(26.6774,-61.4992,39.));
#1883 = LINE('',#1884,#1885);
#1884 = CARTESIAN_POINT('',(29.6774,-61.4992,39.));
#1885 = VECTOR('',#1886,1.);
#1886 = DIRECTION('',(-1.,0.,0.));
#1887 = ORIENTED_EDGE('',*,*,#1888,.F.);
#1888 = EDGE_CURVE('',#1889,#1881,#1891,.T.);
#1889 = VERTEX_POINT('',#1890);
#1890 = CARTESIAN_POINT('',(26.6774,-61.4992,0.));
#1891 = LINE('',#1892,#1893);
#1892 = CARTESIAN_POINT('',(26.6774,-61.4992,0.));
#1893 = VECTOR('',#1894,1.);
#1894 = DIRECTION('',(0.,0.,1.));
#1895 = ORIENTED_EDGE('',*,*,#1896,.F.);
#1896 = EDGE_CURVE('',#1858,#1889,#1897,.T.);
#1897 = LINE('',#1898,#1899);
#1898 = CARTESIAN_POINT('',(29.6774,-61.4992,0.));
#1899 = VECTOR('',#1900,1.);
#1900 = DIRECTION('',(-1.,0.,0.));
#1901 = PLANE('',#1902);
#1902 = AXIS2_PLACEMENT_3D('',#1903,#1904,#1905);
#1903 = CARTESIAN_POINT('',(29.6774,-61.4992,0.));
#1904 = DIRECTION('',(0.,-1.,0.));
#1905 = DIRECTION('',(-1.,0.,0.));
#1906 = ADVANCED_FACE('',(#1907),#1932,.F.);
#1907 = FACE_BOUND('',#1908,.F.);
#1908 = EDGE_LOOP('',(#1909,#1910,#1918,#1926));
#1909 = ORIENTED_EDGE('',*,*,#1888,.T.);
#1910 = ORIENTED_EDGE('',*,*,#1911,.T.);
#1911 = EDGE_CURVE('',#1881,#1912,#1914,.T.);
#1912 = VERTEX_POINT('',#1913);
#1913 = CARTESIAN_POINT('',(26.6774,-64.4992,39.));
#1914 = LINE('',#1915,#1916);
#1915 = CARTESIAN_POINT('',(26.6774,-61.4992,39.));
#1916 = VECTOR('',#1917,1.);
#1917 = DIRECTION('',(0.,-1.,0.));
#1918 = ORIENTED_EDGE('',*,*,#1919,.F.);
#1919 = EDGE_CURVE('',#1920,#1912,#1922,.T.);
#1920 = VERTEX_POINT('',#1921);
#1921 = CARTESIAN_POINT('',(26.6774,-64.4992,0.));
#1922 = LINE('',#1923,#1924);
#1923 = CARTESIAN_POINT('',(26.6774,-64.4992,0.));
#1924 = VECTOR('',#1925,1.);
#1925 = DIRECTION('',(0.,0.,1.));
#1926 = ORIENTED_EDGE('',*,*,#1927,.F.);
#1927 = EDGE_CURVE('',#1889,#1920,#1928,.T.);
#1928 = LINE('',#1929,#1930);
#1929 = CARTESIAN_POINT('',(26.6774,-61.4992,0.));
#1930 = VECTOR('',#1931,1.);
#1931 = DIRECTION('',(0.,-1.,0.));
#1932 = PLANE('',#1933);
#1933 = AXIS2_PLACEMENT_3D('',#1934,#1935,#1936);
#1934 = CARTESIAN_POINT('',(26.6774,-61.4992,0.));
#1935 = DIRECTION('',(1.,0.,0.));
#1936 = DIRECTION('',(0.,-1.,0.));
#1937 = ADVANCED_FACE('',(#1938),#1954,.F.);
#1938 = FACE_BOUND('',#1939,.F.);
#1939 = EDGE_LOOP('',(#1940,#1941,#1947,#1948));
#1940 = ORIENTED_EDGE('',*,*,#1919,.T.);
#1941 = ORIENTED_EDGE('',*,*,#1942,.T.);
#1942 = EDGE_CURVE('',#1912,#1842,#1943,.T.);
#1943 = LINE('',#1944,#1945);
#1944 = CARTESIAN_POINT('',(26.6774,-64.4992,39.));
#1945 = VECTOR('',#1946,1.);
#1946 = DIRECTION('',(1.,0.,0.));
#1947 = ORIENTED_EDGE('',*,*,#1839,.F.);
#1948 = ORIENTED_EDGE('',*,*,#1949,.F.);
#1949 = EDGE_CURVE('',#1920,#1840,#1950,.T.);
#1950 = LINE('',#1951,#1952);
#1951 = CARTESIAN_POINT('',(26.6774,-64.4992,0.));
#1952 = VECTOR('',#1953,1.);
#1953 = DIRECTION('',(1.,0.,0.));
#1954 = PLANE('',#1955);
#1955 = AXIS2_PLACEMENT_3D('',#1956,#1957,#1958);
#1956 = CARTESIAN_POINT('',(26.6774,-64.4992,0.));
#1957 = DIRECTION('',(0.,1.,0.));
#1958 = DIRECTION('',(1.,0.,0.));
#1959 = ADVANCED_FACE('',(#1960),#1966,.F.);
#1960 = FACE_BOUND('',#1961,.F.);
#1961 = EDGE_LOOP('',(#1962,#1963,#1964,#1965));
#1962 = ORIENTED_EDGE('',*,*,#1865,.T.);
#1963 = ORIENTED_EDGE('',*,*,#1896,.T.);
#1964 = ORIENTED_EDGE('',*,*,#1927,.T.);
#1965 = ORIENTED_EDGE('',*,*,#1949,.T.);
#1966 = PLANE('',#1967);
#1967 = AXIS2_PLACEMENT_3D('',#1968,#1969,#1970);
#1968 = CARTESIAN_POINT('',(6.77E-02,-63.1563,0.));
#1969 = DIRECTION('',(0.,0.,1.));
#1970 = DIRECTION('',(1.,0.,0.));
#1971 = ADVANCED_FACE('',(#1972),#1978,.T.);
#1972 = FACE_BOUND('',#1973,.T.);
#1973 = EDGE_LOOP('',(#1974,#1975,#1976,#1977));
#1974 = ORIENTED_EDGE('',*,*,#1849,.T.);
#1975 = ORIENTED_EDGE('',*,*,#1880,.T.);
#1976 = ORIENTED_EDGE('',*,*,#1911,.T.);
#1977 = ORIENTED_EDGE('',*,*,#1942,.T.);
#1978 = PLANE('',#1979);
#1979 = AXIS2_PLACEMENT_3D('',#1980,#1981,#1982);
#1980 = CARTESIAN_POINT('',(6.77E-02,-63.1563,39.));
#1981 = DIRECTION('',(0.,0.,1.));
#1982 = DIRECTION('',(1.,0.,0.));
#1983 = ( GEOMETRIC_REPRESENTATION_CONTEXT(3) 
GLOBAL_UNCERTAINTY_ASSIGNED_CONTEXT((#1987)) 
GLOBAL_UNIT_ASSIGNED_CONTEXT((#1984,#1985,#1986)) REPRESENTATION_CONTEXT
('Context #1','3D Context with UNIT and UNCERTAINTY') );
#1984 = ( LENGTH_UNIT() NAMED_UNIT(*) SI_UNIT(.MILLI.,.METRE.) );
#1985 = ( NAMED_UNIT(*) PLANE_ANGLE_UNIT() SI_UNIT($,.RADIAN.) );
#1986 = ( NAMED_UNIT(*) SI_UNIT($,.STERADIAN.) SOLID_ANGLE_UNIT() );
#1987 = UNCERTAINTY_MEASURE_WITH_UNIT(LENGTH_MEASURE(1.E-07),#1984,
  'distance_accuracy_value','confusion accuracy');
#1988 = CONTEXT_DEPENDENT_SHAPE_REPRESENTATION(#1989,#1991);
#1989 = ( REPRESENTATION_RELATIONSHIP('','',#1682,#10) 
REPRESENTATION_RELATIONSHIP_WITH_TRANSFORMATION(#1990) 
SHAPE_REPRESENTATION_RELATIONSHIP() );
#1990 = ITEM_DEFINED_TRANSFORMATION('','',#11,#23);
#1991 = PRODUCT_DEFINITION_SHAPE('Placement','Placement of an item',
  #1992);
#1992 = NEXT_ASSEMBLY_USAGE_OCCURRENCE('3','Body002','',#5,#1677,$);
#1993 = PRODUCT_RELATED_PRODUCT_CATEGORY('part',$,(#1679));
#1994 = SHAPE_DEFINITION_REPRESENTATION(#1995,#2001);
#1995 = PRODUCT_DEFINITION_SHAPE('','',#1996);
#1996 = PRODUCT_DEFINITION('design','',#1997,#2000);
#1997 = PRODUCT_DEFINITION_FORMATION('','',#1998);
#1998 = PRODUCT('Body004','Body004','',(#1999));
#1999 = PRODUCT_CONTEXT('',#2,'mechanical');
#2000 = PRODUCT_DEFINITION_CONTEXT('part definition',#2,'design');
#2001 = ADVANCED_BREP_SHAPE_REPRESENTATION('',(#11,#2002),#2152);
#2002 = MANIFOLD_SOLID_BREP('',#2003);
#2003 = CLOSED_SHELL('',(#2004,#2044,#2075,#2106,#2128,#2140));
#2004 = ADVANCED_FACE('',(#2005),#2039,.F.);
#2005 = FACE_BOUND('',#2006,.F.);
#2006 = EDGE_LOOP('',(#2007,#2017,#2025,#2033));
#2007 = ORIENTED_EDGE('',*,*,#2008,.T.);
#2008 = EDGE_CURVE('',#2009,#2011,#2013,.T.);
#2009 = VERTEX_POINT('',#2010);
#2010 = CARTESIAN_POINT('',(-29.985,6.539049287525,0.));
#2011 = VERTEX_POINT('',#2012);
#2012 = CARTESIAN_POINT('',(-29.985,6.539049287525,39.));
#2013 = LINE('',#2014,#2015);
#2014 = CARTESIAN_POINT('',(-29.985,6.539049287525,0.));
#2015 = VECTOR('',#2016,1.);
#2016 = DIRECTION('',(0.,0.,1.));
#2017 = ORIENTED_EDGE('',*,*,#2018,.T.);
#2018 = EDGE_CURVE('',#2011,#2019,#2021,.T.);
#2019 = VERTEX_POINT('',#2020);
#2020 = CARTESIAN_POINT('',(-29.985,3.539049287525,39.));
#2021 = LINE('',#2022,#2023);
#2022 = CARTESIAN_POINT('',(-29.985,6.539049287525,39.));
#2023 = VECTOR('',#2024,1.);
#2024 = DIRECTION('',(0.,-1.,0.));
#2025 = ORIENTED_EDGE('',*,*,#2026,.F.);
#2026 = EDGE_CURVE('',#2027,#2019,#2029,.T.);
#2027 = VERTEX_POINT('',#2028);
#2028 = CARTESIAN_POINT('',(-29.985,3.539049287525,0.));
#2029 = LINE('',#2030,#2031);
#2030 = CARTESIAN_POINT('',(-29.985,3.539049287525,0.));
#2031 = VECTOR('',#2032,1.);
#2032 = DIRECTION('',(0.,0.,1.));
#2033 = ORIENTED_EDGE('',*,*,#2034,.F.);
#2034 = EDGE_CURVE('',#2009,#2027,#2035,.T.);
#2035 = LINE('',#2036,#2037);
#2036 = CARTESIAN_POINT('',(-29.985,6.539049287525,0.));
#2037 = VECTOR('',#2038,1.);
#2038 = DIRECTION('',(0.,-1.,0.));
#2039 = PLANE('',#2040);
#2040 = AXIS2_PLACEMENT_3D('',#2041,#2042,#2043);
#2041 = CARTESIAN_POINT('',(-29.985,6.539049287525,0.));
#2042 = DIRECTION('',(1.,0.,0.));
#2043 = DIRECTION('',(0.,-1.,0.));
#2044 = ADVANCED_FACE('',(#2045),#2070,.F.);
#2045 = FACE_BOUND('',#2046,.F.);
#2046 = EDGE_LOOP('',(#2047,#2048,#2056,#2064));
#2047 = ORIENTED_EDGE('',*,*,#2026,.T.);
#2048 = ORIENTED_EDGE('',*,*,#2049,.T.);
#2049 = EDGE_CURVE('',#2019,#2050,#2052,.T.);
#2050 = VERTEX_POINT('',#2051);
#2051 = CARTESIAN_POINT('',(29.985,3.539049287525,39.));
#2052 = LINE('',#2053,#2054);
#2053 = CARTESIAN_POINT('',(-29.985,3.539049287525,39.));
#2054 = VECTOR('',#2055,1.);
#2055 = DIRECTION('',(1.,0.,0.));
#2056 = ORIENTED_EDGE('',*,*,#2057,.F.);
#2057 = EDGE_CURVE('',#2058,#2050,#2060,.T.);
#2058 = VERTEX_POINT('',#2059);
#2059 = CARTESIAN_POINT('',(29.985,3.539049287525,0.));
#2060 = LINE('',#2061,#2062);
#2061 = CARTESIAN_POINT('',(29.985,3.539049287525,0.));
#2062 = VECTOR('',#2063,1.);
#2063 = DIRECTION('',(0.,0.,1.));
#2064 = ORIENTED_EDGE('',*,*,#2065,.F.);
#2065 = EDGE_CURVE('',#2027,#2058,#2066,.T.);
#2066 = LINE('',#2067,#2068);
#2067 = CARTESIAN_POINT('',(-29.985,3.539049287525,0.));
#2068 = VECTOR('',#2069,1.);
#2069 = DIRECTION('',(1.,0.,0.));
#2070 = PLANE('',#2071);
#2071 = AXIS2_PLACEMENT_3D('',#2072,#2073,#2074);
#2072 = CARTESIAN_POINT('',(-29.985,3.539049287525,0.));
#2073 = DIRECTION('',(0.,1.,0.));
#2074 = DIRECTION('',(1.,0.,0.));
#2075 = ADVANCED_FACE('',(#2076),#2101,.F.);
#2076 = FACE_BOUND('',#2077,.F.);
#2077 = EDGE_LOOP('',(#2078,#2079,#2087,#2095));
#2078 = ORIENTED_EDGE('',*,*,#2057,.T.);
#2079 = ORIENTED_EDGE('',*,*,#2080,.T.);
#2080 = EDGE_CURVE('',#2050,#2081,#2083,.T.);
#2081 = VERTEX_POINT('',#2082);
#2082 = CARTESIAN_POINT('',(29.985,6.539049287525,39.));
#2083 = LINE('',#2084,#2085);
#2084 = CARTESIAN_POINT('',(29.985,3.539049287525,39.));
#2085 = VECTOR('',#2086,1.);
#2086 = DIRECTION('',(0.,1.,0.));
#2087 = ORIENTED_EDGE('',*,*,#2088,.F.);
#2088 = EDGE_CURVE('',#2089,#2081,#2091,.T.);
#2089 = VERTEX_POINT('',#2090);
#2090 = CARTESIAN_POINT('',(29.985,6.539049287525,0.));
#2091 = LINE('',#2092,#2093);
#2092 = CARTESIAN_POINT('',(29.985,6.539049287525,0.));
#2093 = VECTOR('',#2094,1.);
#2094 = DIRECTION('',(0.,0.,1.));
#2095 = ORIENTED_EDGE('',*,*,#2096,.F.);
#2096 = EDGE_CURVE('',#2058,#2089,#2097,.T.);
#2097 = LINE('',#2098,#2099);
#2098 = CARTESIAN_POINT('',(29.985,3.539049287525,0.));
#2099 = VECTOR('',#2100,1.);
#2100 = DIRECTION('',(0.,1.,0.));
#2101 = PLANE('',#2102);
#2102 = AXIS2_PLACEMENT_3D('',#2103,#2104,#2105);
#2103 = CARTESIAN_POINT('',(29.985,3.539049287525,0.));
#2104 = DIRECTION('',(-1.,0.,0.));
#2105 = DIRECTION('',(0.,1.,0.));
#2106 = ADVANCED_FACE('',(#2107),#2123,.F.);
#2107 = FACE_BOUND('',#2108,.F.);
#2108 = EDGE_LOOP('',(#2109,#2110,#2116,#2117));
#2109 = ORIENTED_EDGE('',*,*,#2088,.T.);
#2110 = ORIENTED_EDGE('',*,*,#2111,.T.);
#2111 = EDGE_CURVE('',#2081,#2011,#2112,.T.);
#2112 = LINE('',#2113,#2114);
#2113 = CARTESIAN_POINT('',(29.985,6.539049287525,39.));
#2114 = VECTOR('',#2115,1.);
#2115 = DIRECTION('',(-1.,0.,0.));
#2116 = ORIENTED_EDGE('',*,*,#2008,.F.);
#2117 = ORIENTED_EDGE('',*,*,#2118,.F.);
#2118 = EDGE_CURVE('',#2089,#2009,#2119,.T.);
#2119 = LINE('',#2120,#2121);
#2120 = CARTESIAN_POINT('',(29.985,6.539049287525,0.));
#2121 = VECTOR('',#2122,1.);
#2122 = DIRECTION('',(-1.,0.,0.));
#2123 = PLANE('',#2124);
#2124 = AXIS2_PLACEMENT_3D('',#2125,#2126,#2127);
#2125 = CARTESIAN_POINT('',(29.985,6.539049287525,0.));
#2126 = DIRECTION('',(0.,-1.,0.));
#2127 = DIRECTION('',(-1.,0.,0.));
#2128 = ADVANCED_FACE('',(#2129),#2135,.F.);
#2129 = FACE_BOUND('',#2130,.F.);
#2130 = EDGE_LOOP('',(#2131,#2132,#2133,#2134));
#2131 = ORIENTED_EDGE('',*,*,#2034,.T.);
#2132 = ORIENTED_EDGE('',*,*,#2065,.T.);
#2133 = ORIENTED_EDGE('',*,*,#2096,.T.);
#2134 = ORIENTED_EDGE('',*,*,#2118,.T.);
#2135 = PLANE('',#2136);
#2136 = AXIS2_PLACEMENT_3D('',#2137,#2138,#2139);
#2137 = CARTESIAN_POINT('',(0.,5.039049287525,0.));
#2138 = DIRECTION('',(0.,0.,1.));
#2139 = DIRECTION('',(1.,0.,0.));
#2140 = ADVANCED_FACE('',(#2141),#2147,.T.);
#2141 = FACE_BOUND('',#2142,.T.);
#2142 = EDGE_LOOP('',(#2143,#2144,#2145,#2146));
#2143 = ORIENTED_EDGE('',*,*,#2018,.T.);
#2144 = ORIENTED_EDGE('',*,*,#2049,.T.);
#2145 = ORIENTED_EDGE('',*,*,#2080,.T.);
#2146 = ORIENTED_EDGE('',*,*,#2111,.T.);
#2147 = PLANE('',#2148);
#2148 = AXIS2_PLACEMENT_3D('',#2149,#2150,#2151);
#2149 = CARTESIAN_POINT('',(0.,5.039049287525,39.));
#2150 = DIRECTION('',(0.,0.,1.));
#2151 = DIRECTION('',(1.,0.,0.));
#2152 = ( GEOMETRIC_REPRESENTATION_CONTEXT(3) 
GLOBAL_UNCERTAINTY_ASSIGNED_CONTEXT((#2156)) 
GLOBAL_UNIT_ASSIGNED_CONTEXT((#2153,#2154,#2155)) REPRESENTATION_CONTEXT
('Context #1','3D Context with UNIT and UNCERTAINTY') );
#2153 = ( LENGTH_UNIT() NAMED_UNIT(*) SI_UNIT(.MILLI.,.METRE.) );
#2154 = ( NAMED_UNIT(*) PLANE_ANGLE_UNIT() SI_UNIT($,.RADIAN.) );
#2155 = ( NAMED_UNIT(*) SI_UNIT($,.STERADIAN.) SOLID_ANGLE_UNIT() );
#2156 = UNCERTAINTY_MEASURE_WITH_UNIT(LENGTH_MEASURE(1.E-07),#2153,
  'distance_accuracy_value','confusion accuracy');
#2157 = CONTEXT_DEPENDENT_SHAPE_REPRESENTATION(#2158,#2160);
#2158 = ( REPRESENTATION_RELATIONSHIP('','',#2001,#10) 
REPRESENTATION_RELATIONSHIP_WITH_TRANSFORMATION(#2159) 
SHAPE_REPRESENTATION_RELATIONSHIP() );
#2159 = ITEM_DEFINED_TRANSFORMATION('','',#11,#27);
#2160 = PRODUCT_DEFINITION_SHAPE('Placement','Placement of an item',
  #2161);
#2161 = NEXT_ASSEMBLY_USAGE_OCCURRENCE('4','Body004','',#5,#1996,$);
#2162 = PRODUCT_RELATED_PRODUCT_CATEGORY('part',$,(#1998));
#2163 = SHAPE_DEFINITION_REPRESENTATION(#2164,#2170);
#2164 = PRODUCT_DEFINITION_SHAPE('','',#2165);
#2165 = PRODUCT_DEFINITION('design','',#2166,#2169);
#2166 = PRODUCT_DEFINITION_FORMATION('','',#2167);
#2167 = PRODUCT('Body005','Body005','',(#2168));
#2168 = PRODUCT_CONTEXT('',#2,'mechanical');
#2169 = PRODUCT_DEFINITION_CONTEXT('part definition',#2,'design');
#2170 = ADVANCED_BREP_SHAPE_REPRESENTATION('',(#11,#2171),#2321);
#2171 = MANIFOLD_SOLID_BREP('',#2172);
#2172 = CLOSED_SHELL('',(#2173,#2213,#2244,#2275,#2297,#2309));
#2173 = ADVANCED_FACE('',(#2174),#2208,.F.);
#2174 = FACE_BOUND('',#2175,.F.);
#2175 = EDGE_LOOP('',(#2176,#2186,#2194,#2202));
#2176 = ORIENTED_EDGE('',*,*,#2177,.T.);
#2177 = EDGE_CURVE('',#2178,#2180,#2182,.T.);
#2178 = VERTEX_POINT('',#2179);
#2179 = CARTESIAN_POINT('',(29.5,6.754791,0.));
#2180 = VERTEX_POINT('',#2181);
#2181 = CARTESIAN_POINT('',(29.5,6.754791,43.));
#2182 = LINE('',#2183,#2184);
#2183 = CARTESIAN_POINT('',(29.5,6.754791,0.));
#2184 = VECTOR('',#2185,1.);
#2185 = DIRECTION('',(0.,0.,1.));
#2186 = ORIENTED_EDGE('',*,*,#2187,.T.);
#2187 = EDGE_CURVE('',#2180,#2188,#2190,.T.);
#2188 = VERTEX_POINT('',#2189);
#2189 = CARTESIAN_POINT('',(29.5,8.144791,43.));
#2190 = LINE('',#2191,#2192);
#2191 = CARTESIAN_POINT('',(29.5,6.754791,43.));
#2192 = VECTOR('',#2193,1.);
#2193 = DIRECTION('',(0.,1.,0.));
#2194 = ORIENTED_EDGE('',*,*,#2195,.F.);
#2195 = EDGE_CURVE('',#2196,#2188,#2198,.T.);
#2196 = VERTEX_POINT('',#2197);
#2197 = CARTESIAN_POINT('',(29.5,8.144791,0.));
#2198 = LINE('',#2199,#2200);
#2199 = CARTESIAN_POINT('',(29.5,8.144791,0.));
#2200 = VECTOR('',#2201,1.);
#2201 = DIRECTION('',(0.,0.,1.));
#2202 = ORIENTED_EDGE('',*,*,#2203,.F.);
#2203 = EDGE_CURVE('',#2178,#2196,#2204,.T.);
#2204 = LINE('',#2205,#2206);
#2205 = CARTESIAN_POINT('',(29.5,6.754791,0.));
#2206 = VECTOR('',#2207,1.);
#2207 = DIRECTION('',(0.,1.,0.));
#2208 = PLANE('',#2209);
#2209 = AXIS2_PLACEMENT_3D('',#2210,#2211,#2212);
#2210 = CARTESIAN_POINT('',(29.5,6.754791,0.));
#2211 = DIRECTION('',(-1.,0.,0.));
#2212 = DIRECTION('',(0.,1.,0.));
#2213 = ADVANCED_FACE('',(#2214),#2239,.F.);
#2214 = FACE_BOUND('',#2215,.F.);
#2215 = EDGE_LOOP('',(#2216,#2217,#2225,#2233));
#2216 = ORIENTED_EDGE('',*,*,#2195,.T.);
#2217 = ORIENTED_EDGE('',*,*,#2218,.T.);
#2218 = EDGE_CURVE('',#2188,#2219,#2221,.T.);
#2219 = VERTEX_POINT('',#2220);
#2220 = CARTESIAN_POINT('',(-29.5,8.144791,43.));
#2221 = LINE('',#2222,#2223);
#2222 = CARTESIAN_POINT('',(29.5,8.144791,43.));
#2223 = VECTOR('',#2224,1.);
#2224 = DIRECTION('',(-1.,0.,0.));
#2225 = ORIENTED_EDGE('',*,*,#2226,.F.);
#2226 = EDGE_CURVE('',#2227,#2219,#2229,.T.);
#2227 = VERTEX_POINT('',#2228);
#2228 = CARTESIAN_POINT('',(-29.5,8.144791,0.));
#2229 = LINE('',#2230,#2231);
#2230 = CARTESIAN_POINT('',(-29.5,8.144791,0.));
#2231 = VECTOR('',#2232,1.);
#2232 = DIRECTION('',(0.,0.,1.));
#2233 = ORIENTED_EDGE('',*,*,#2234,.F.);
#2234 = EDGE_CURVE('',#2196,#2227,#2235,.T.);
#2235 = LINE('',#2236,#2237);
#2236 = CARTESIAN_POINT('',(29.5,8.144791,0.));
#2237 = VECTOR('',#2238,1.);
#2238 = DIRECTION('',(-1.,0.,0.));
#2239 = PLANE('',#2240);
#2240 = AXIS2_PLACEMENT_3D('',#2241,#2242,#2243);
#2241 = CARTESIAN_POINT('',(29.5,8.144791,0.));
#2242 = DIRECTION('',(0.,-1.,0.));
#2243 = DIRECTION('',(-1.,0.,0.));
#2244 = ADVANCED_FACE('',(#2245),#2270,.F.);
#2245 = FACE_BOUND('',#2246,.F.);
#2246 = EDGE_LOOP('',(#2247,#2248,#2256,#2264));
#2247 = ORIENTED_EDGE('',*,*,#2226,.T.);
#2248 = ORIENTED_EDGE('',*,*,#2249,.T.);
#2249 = EDGE_CURVE('',#2219,#2250,#2252,.T.);
#2250 = VERTEX_POINT('',#2251);
#2251 = CARTESIAN_POINT('',(-29.5,6.754791,43.));
#2252 = LINE('',#2253,#2254);
#2253 = CARTESIAN_POINT('',(-29.5,8.144791,43.));
#2254 = VECTOR('',#2255,1.);
#2255 = DIRECTION('',(0.,-1.,0.));
#2256 = ORIENTED_EDGE('',*,*,#2257,.F.);
#2257 = EDGE_CURVE('',#2258,#2250,#2260,.T.);
#2258 = VERTEX_POINT('',#2259);
#2259 = CARTESIAN_POINT('',(-29.5,6.754791,0.));
#2260 = LINE('',#2261,#2262);
#2261 = CARTESIAN_POINT('',(-29.5,6.754791,0.));
#2262 = VECTOR('',#2263,1.);
#2263 = DIRECTION('',(0.,0.,1.));
#2264 = ORIENTED_EDGE('',*,*,#2265,.F.);
#2265 = EDGE_CURVE('',#2227,#2258,#2266,.T.);
#2266 = LINE('',#2267,#2268);
#2267 = CARTESIAN_POINT('',(-29.5,8.144791,0.));
#2268 = VECTOR('',#2269,1.);
#2269 = DIRECTION('',(0.,-1.,0.));
#2270 = PLANE('',#2271);
#2271 = AXIS2_PLACEMENT_3D('',#2272,#2273,#2274);
#2272 = CARTESIAN_POINT('',(-29.5,8.144791,0.));
#2273 = DIRECTION('',(1.,0.,0.));
#2274 = DIRECTION('',(0.,-1.,0.));
#2275 = ADVANCED_FACE('',(#2276),#2292,.F.);
#2276 = FACE_BOUND('',#2277,.F.);
#2277 = EDGE_LOOP('',(#2278,#2279,#2285,#2286));
#2278 = ORIENTED_EDGE('',*,*,#2257,.T.);
#2279 = ORIENTED_EDGE('',*,*,#2280,.T.);
#2280 = EDGE_CURVE('',#2250,#2180,#2281,.T.);
#2281 = LINE('',#2282,#2283);
#2282 = CARTESIAN_POINT('',(-29.5,6.754791,43.));
#2283 = VECTOR('',#2284,1.);
#2284 = DIRECTION('',(1.,0.,0.));
#2285 = ORIENTED_EDGE('',*,*,#2177,.F.);
#2286 = ORIENTED_EDGE('',*,*,#2287,.F.);
#2287 = EDGE_CURVE('',#2258,#2178,#2288,.T.);
#2288 = LINE('',#2289,#2290);
#2289 = CARTESIAN_POINT('',(-29.5,6.754791,0.));
#2290 = VECTOR('',#2291,1.);
#2291 = DIRECTION('',(1.,0.,0.));
#2292 = PLANE('',#2293);
#2293 = AXIS2_PLACEMENT_3D('',#2294,#2295,#2296);
#2294 = CARTESIAN_POINT('',(-29.5,6.754791,0.));
#2295 = DIRECTION('',(0.,1.,0.));
#2296 = DIRECTION('',(1.,0.,0.));
#2297 = ADVANCED_FACE('',(#2298),#2304,.F.);
#2298 = FACE_BOUND('',#2299,.F.);
#2299 = EDGE_LOOP('',(#2300,#2301,#2302,#2303));
#2300 = ORIENTED_EDGE('',*,*,#2203,.T.);
#2301 = ORIENTED_EDGE('',*,*,#2234,.T.);
#2302 = ORIENTED_EDGE('',*,*,#2265,.T.);
#2303 = ORIENTED_EDGE('',*,*,#2287,.T.);
#2304 = PLANE('',#2305);
#2305 = AXIS2_PLACEMENT_3D('',#2306,#2307,#2308);
#2306 = CARTESIAN_POINT('',(0.,7.449791,0.));
#2307 = DIRECTION('',(0.,0.,1.));
#2308 = DIRECTION('',(1.,0.,0.));
#2309 = ADVANCED_FACE('',(#2310),#2316,.T.);
#2310 = FACE_BOUND('',#2311,.T.);
#2311 = EDGE_LOOP('',(#2312,#2313,#2314,#2315));
#2312 = ORIENTED_EDGE('',*,*,#2187,.T.);
#2313 = ORIENTED_EDGE('',*,*,#2218,.T.);
#2314 = ORIENTED_EDGE('',*,*,#2249,.T.);
#2315 = ORIENTED_EDGE('',*,*,#2280,.T.);
#2316 = PLANE('',#2317);
#2317 = AXIS2_PLACEMENT_3D('',#2318,#2319,#2320);
#2318 = CARTESIAN_POINT('',(0.,7.449791,43.));
#2319 = DIRECTION('',(0.,0.,1.));
#2320 = DIRECTION('',(1.,0.,0.));
#2321 = ( GEOMETRIC_REPRESENTATION_CONTEXT(3) 
GLOBAL_UNCERTAINTY_ASSIGNED_CONTEXT((#2325)) 
GLOBAL_UNIT_ASSIGNED_CONTEXT((#2322,#2323,#2324)) REPRESENTATION_CONTEXT
('Context #1','3D Context with UNIT and UNCERTAINTY') );
#2322 = ( LENGTH_UNIT() NAMED_UNIT(*) SI_UNIT(.MILLI.,.METRE.) );
#2323 = ( NAMED_UNIT(*) PLANE_ANGLE_UNIT() SI_UNIT($,.RADIAN.) );
#2324 = ( NAMED_UNIT(*) SI_UNIT($,.STERADIAN.) SOLID_ANGLE_UNIT() );
#2325 = UNCERTAINTY_MEASURE_WITH_UNIT(LENGTH_MEASURE(1.E-07),#2322,
  'distance_accuracy_value','confusion accuracy');
#2326 = CONTEXT_DEPENDENT_SHAPE_REPRESENTATION(#2327,#2329);
#2327 = ( REPRESENTATION_RELATIONSHIP('','',#2170,#10) 
REPRESENTATION_RELATIONSHIP_WITH_TRANSFORMATION(#2328) 
SHAPE_REPRESENTATION_RELATIONSHIP() );
#2328 = ITEM_DEFINED_TRANSFORMATION('','',#11,#31);
#2329 = PRODUCT_DEFINITION_SHAPE('Placement','Placement of an item',
  #2330);
#2330 = NEXT_ASSEMBLY_USAGE_OCCURRENCE('5','Body005','',#5,#2165,$);
#2331 = PRODUCT_RELATED_PRODUCT_CATEGORY('part',$,(#2167));
#2332 = SHAPE_DEFINITION_REPRESENTATION(#2333,#2339);
#2333 = PRODUCT_DEFINITION_SHAPE('','',#2334);
#2334 = PRODUCT_DEFINITION('design','',#2335,#2338);
#2335 = PRODUCT_DEFINITION_FORMATION('','',#2336);
#2336 = PRODUCT('Pad001','Pad001','',(#2337));
#2337 = PRODUCT_CONTEXT('',#2,'mechanical');
#2338 = PRODUCT_DEFINITION_CONTEXT('part definition',#2,'design');
#2339 = SHAPE_REPRESENTATION('',(#11,#2340,#2490),#2640);
#2340 = MANIFOLD_SOLID_BREP('',#2341);
#2341 = CLOSED_SHELL('',(#2342,#2382,#2413,#2444,#2466,#2478));
#2342 = ADVANCED_FACE('',(#2343),#2377,.F.);
#2343 = FACE_BOUND('',#2344,.F.);
#2344 = EDGE_LOOP('',(#2345,#2355,#2363,#2371));
#2345 = ORIENTED_EDGE('',*,*,#2346,.T.);
#2346 = EDGE_CURVE('',#2347,#2349,#2351,.T.);
#2347 = VERTEX_POINT('',#2348);
#2348 = CARTESIAN_POINT('',(-29.542,-64.8134,0.));
#2349 = VERTEX_POINT('',#2350);
#2350 = CARTESIAN_POINT('',(-29.542,-64.8134,39.));
#2351 = LINE('',#2352,#2353);
#2352 = CARTESIAN_POINT('',(-29.542,-64.8134,0.));
#2353 = VECTOR('',#2354,1.);
#2354 = DIRECTION('',(0.,0.,1.));
#2355 = ORIENTED_EDGE('',*,*,#2356,.T.);
#2356 = EDGE_CURVE('',#2349,#2357,#2359,.T.);
#2357 = VERTEX_POINT('',#2358);
#2358 = CARTESIAN_POINT('',(-26.542,-64.8134,39.));
#2359 = LINE('',#2360,#2361);
#2360 = CARTESIAN_POINT('',(-29.542,-64.8134,39.));
#2361 = VECTOR('',#2362,1.);
#2362 = DIRECTION('',(1.,0.,0.));
#2363 = ORIENTED_EDGE('',*,*,#2364,.F.);
#2364 = EDGE_CURVE('',#2365,#2357,#2367,.T.);
#2365 = VERTEX_POINT('',#2366);
#2366 = CARTESIAN_POINT('',(-26.542,-64.8134,0.));
#2367 = LINE('',#2368,#2369);
#2368 = CARTESIAN_POINT('',(-26.542,-64.8134,0.));
#2369 = VECTOR('',#2370,1.);
#2370 = DIRECTION('',(0.,0.,1.));
#2371 = ORIENTED_EDGE('',*,*,#2372,.F.);
#2372 = EDGE_CURVE('',#2347,#2365,#2373,.T.);
#2373 = LINE('',#2374,#2375);
#2374 = CARTESIAN_POINT('',(-29.542,-64.8134,0.));
#2375 = VECTOR('',#2376,1.);
#2376 = DIRECTION('',(1.,0.,0.));
#2377 = PLANE('',#2378);
#2378 = AXIS2_PLACEMENT_3D('',#2379,#2380,#2381);
#2379 = CARTESIAN_POINT('',(-29.542,-64.8134,0.));
#2380 = DIRECTION('',(0.,1.,0.));
#2381 = DIRECTION('',(1.,0.,0.));
#2382 = ADVANCED_FACE('',(#2383),#2408,.F.);
#2383 = FACE_BOUND('',#2384,.F.);
#2384 = EDGE_LOOP('',(#2385,#2386,#2394,#2402));
#2385 = ORIENTED_EDGE('',*,*,#2364,.T.);
#2386 = ORIENTED_EDGE('',*,*,#2387,.T.);
#2387 = EDGE_CURVE('',#2357,#2388,#2390,.T.);
#2388 = VERTEX_POINT('',#2389);
#2389 = CARTESIAN_POINT('',(-26.542,-61.8134,39.));
#2390 = LINE('',#2391,#2392);
#2391 = CARTESIAN_POINT('',(-26.542,-64.8134,39.));
#2392 = VECTOR('',#2393,1.);
#2393 = DIRECTION('',(0.,1.,0.));
#2394 = ORIENTED_EDGE('',*,*,#2395,.F.);
#2395 = EDGE_CURVE('',#2396,#2388,#2398,.T.);
#2396 = VERTEX_POINT('',#2397);
#2397 = CARTESIAN_POINT('',(-26.542,-61.8134,0.));
#2398 = LINE('',#2399,#2400);
#2399 = CARTESIAN_POINT('',(-26.542,-61.8134,0.));
#2400 = VECTOR('',#2401,1.);
#2401 = DIRECTION('',(0.,0.,1.));
#2402 = ORIENTED_EDGE('',*,*,#2403,.F.);
#2403 = EDGE_CURVE('',#2365,#2396,#2404,.T.);
#2404 = LINE('',#2405,#2406);
#2405 = CARTESIAN_POINT('',(-26.542,-64.8134,0.));
#2406 = VECTOR('',#2407,1.);
#2407 = DIRECTION('',(0.,1.,0.));
#2408 = PLANE('',#2409);
#2409 = AXIS2_PLACEMENT_3D('',#2410,#2411,#2412);
#2410 = CARTESIAN_POINT('',(-26.542,-64.8134,0.));
#2411 = DIRECTION('',(-1.,0.,0.));
#2412 = DIRECTION('',(0.,1.,0.));
#2413 = ADVANCED_FACE('',(#2414),#2439,.F.);
#2414 = FACE_BOUND('',#2415,.F.);
#2415 = EDGE_LOOP('',(#2416,#2417,#2425,#2433));
#2416 = ORIENTED_EDGE('',*,*,#2395,.T.);
#2417 = ORIENTED_EDGE('',*,*,#2418,.T.);
#2418 = EDGE_CURVE('',#2388,#2419,#2421,.T.);
#2419 = VERTEX_POINT('',#2420);
#2420 = CARTESIAN_POINT('',(-29.542,-61.8134,39.));
#2421 = LINE('',#2422,#2423);
#2422 = CARTESIAN_POINT('',(-26.542,-61.8134,39.));
#2423 = VECTOR('',#2424,1.);
#2424 = DIRECTION('',(-1.,0.,0.));
#2425 = ORIENTED_EDGE('',*,*,#2426,.F.);
#2426 = EDGE_CURVE('',#2427,#2419,#2429,.T.);
#2427 = VERTEX_POINT('',#2428);
#2428 = CARTESIAN_POINT('',(-29.542,-61.8134,0.));
#2429 = LINE('',#2430,#2431);
#2430 = CARTESIAN_POINT('',(-29.542,-61.8134,0.));
#2431 = VECTOR('',#2432,1.);
#2432 = DIRECTION('',(0.,0.,1.));
#2433 = ORIENTED_EDGE('',*,*,#2434,.F.);
#2434 = EDGE_CURVE('',#2396,#2427,#2435,.T.);
#2435 = LINE('',#2436,#2437);
#2436 = CARTESIAN_POINT('',(-26.542,-61.8134,0.));
#2437 = VECTOR('',#2438,1.);
#2438 = DIRECTION('',(-1.,0.,0.));
#2439 = PLANE('',#2440);
#2440 = AXIS2_PLACEMENT_3D('',#2441,#2442,#2443);
#2441 = CARTESIAN_POINT('',(-26.542,-61.8134,0.));
#2442 = DIRECTION('',(0.,-1.,0.));
#2443 = DIRECTION('',(-1.,0.,0.));
#2444 = ADVANCED_FACE('',(#2445),#2461,.F.);
#2445 = FACE_BOUND('',#2446,.F.);
#2446 = EDGE_LOOP('',(#2447,#2448,#2454,#2455));
#2447 = ORIENTED_EDGE('',*,*,#2426,.T.);
#2448 = ORIENTED_EDGE('',*,*,#2449,.T.);
#2449 = EDGE_CURVE('',#2419,#2349,#2450,.T.);
#2450 = LINE('',#2451,#2452);
#2451 = CARTESIAN_POINT('',(-29.542,-61.8134,39.));
#2452 = VECTOR('',#2453,1.);
#2453 = DIRECTION('',(0.,-1.,0.));
#2454 = ORIENTED_EDGE('',*,*,#2346,.F.);
#2455 = ORIENTED_EDGE('',*,*,#2456,.F.);
#2456 = EDGE_CURVE('',#2427,#2347,#2457,.T.);
#2457 = LINE('',#2458,#2459);
#2458 = CARTESIAN_POINT('',(-29.542,-61.8134,0.));
#2459 = VECTOR('',#2460,1.);
#2460 = DIRECTION('',(0.,-1.,0.));
#2461 = PLANE('',#2462);
#2462 = AXIS2_PLACEMENT_3D('',#2463,#2464,#2465);
#2463 = CARTESIAN_POINT('',(-29.542,-61.8134,0.));
#2464 = DIRECTION('',(1.,0.,-0.));
#2465 = DIRECTION('',(0.,-1.,0.));
#2466 = ADVANCED_FACE('',(#2467),#2473,.F.);
#2467 = FACE_BOUND('',#2468,.F.);
#2468 = EDGE_LOOP('',(#2469,#2470,#2471,#2472));
#2469 = ORIENTED_EDGE('',*,*,#2372,.T.);
#2470 = ORIENTED_EDGE('',*,*,#2403,.T.);
#2471 = ORIENTED_EDGE('',*,*,#2434,.T.);
#2472 = ORIENTED_EDGE('',*,*,#2456,.T.);
#2473 = PLANE('',#2474);
#2474 = AXIS2_PLACEMENT_3D('',#2475,#2476,#2477);
#2475 = CARTESIAN_POINT('',(6.77E-02,-63.1563,0.));
#2476 = DIRECTION('',(0.,0.,1.));
#2477 = DIRECTION('',(1.,0.,0.));
#2478 = ADVANCED_FACE('',(#2479),#2485,.T.);
#2479 = FACE_BOUND('',#2480,.T.);
#2480 = EDGE_LOOP('',(#2481,#2482,#2483,#2484));
#2481 = ORIENTED_EDGE('',*,*,#2356,.T.);
#2482 = ORIENTED_EDGE('',*,*,#2387,.T.);
#2483 = ORIENTED_EDGE('',*,*,#2418,.T.);
#2484 = ORIENTED_EDGE('',*,*,#2449,.T.);
#2485 = PLANE('',#2486);
#2486 = AXIS2_PLACEMENT_3D('',#2487,#2488,#2489);
#2487 = CARTESIAN_POINT('',(6.77E-02,-63.1563,39.));
#2488 = DIRECTION('',(0.,0.,1.));
#2489 = DIRECTION('',(1.,0.,0.));
#2490 = MANIFOLD_SOLID_BREP('',#2491);
#2491 = CLOSED_SHELL('',(#2492,#2532,#2563,#2594,#2616,#2628));
#2492 = ADVANCED_FACE('',(#2493),#2527,.F.);
#2493 = FACE_BOUND('',#2494,.F.);
#2494 = EDGE_LOOP('',(#2495,#2505,#2513,#2521));
#2495 = ORIENTED_EDGE('',*,*,#2496,.T.);
#2496 = EDGE_CURVE('',#2497,#2499,#2501,.T.);
#2497 = VERTEX_POINT('',#2498);
#2498 = CARTESIAN_POINT('',(29.6774,-64.4992,0.));
#2499 = VERTEX_POINT('',#2500);
#2500 = CARTESIAN_POINT('',(29.6774,-64.4992,39.));
#2501 = LINE('',#2502,#2503);
#2502 = CARTESIAN_POINT('',(29.6774,-64.4992,0.));
#2503 = VECTOR('',#2504,1.);
#2504 = DIRECTION('',(0.,0.,1.));
#2505 = ORIENTED_EDGE('',*,*,#2506,.T.);
#2506 = EDGE_CURVE('',#2499,#2507,#2509,.T.);
#2507 = VERTEX_POINT('',#2508);
#2508 = CARTESIAN_POINT('',(29.6774,-61.4992,39.));
#2509 = LINE('',#2510,#2511);
#2510 = CARTESIAN_POINT('',(29.6774,-64.4992,39.));
#2511 = VECTOR('',#2512,1.);
#2512 = DIRECTION('',(0.,1.,0.));
#2513 = ORIENTED_EDGE('',*,*,#2514,.F.);
#2514 = EDGE_CURVE('',#2515,#2507,#2517,.T.);
#2515 = VERTEX_POINT('',#2516);
#2516 = CARTESIAN_POINT('',(29.6774,-61.4992,0.));
#2517 = LINE('',#2518,#2519);
#2518 = CARTESIAN_POINT('',(29.6774,-61.4992,0.));
#2519 = VECTOR('',#2520,1.);
#2520 = DIRECTION('',(0.,0.,1.));
#2521 = ORIENTED_EDGE('',*,*,#2522,.F.);
#2522 = EDGE_CURVE('',#2497,#2515,#2523,.T.);
#2523 = LINE('',#2524,#2525);
#2524 = CARTESIAN_POINT('',(29.6774,-64.4992,0.));
#2525 = VECTOR('',#2526,1.);
#2526 = DIRECTION('',(0.,1.,0.));
#2527 = PLANE('',#2528);
#2528 = AXIS2_PLACEMENT_3D('',#2529,#2530,#2531);
#2529 = CARTESIAN_POINT('',(29.6774,-64.4992,0.));
#2530 = DIRECTION('',(-1.,0.,0.));
#2531 = DIRECTION('',(0.,1.,0.));
#2532 = ADVANCED_FACE('',(#2533),#2558,.F.);
#2533 = FACE_BOUND('',#2534,.F.);
#2534 = EDGE_LOOP('',(#2535,#2536,#2544,#2552));
#2535 = ORIENTED_EDGE('',*,*,#2514,.T.);
#2536 = ORIENTED_EDGE('',*,*,#2537,.T.);
#2537 = EDGE_CURVE('',#2507,#2538,#2540,.T.);
#2538 = VERTEX_POINT('',#2539);
#2539 = CARTESIAN_POINT('',(26.6774,-61.4992,39.));
#2540 = LINE('',#2541,#2542);
#2541 = CARTESIAN_POINT('',(29.6774,-61.4992,39.));
#2542 = VECTOR('',#2543,1.);
#2543 = DIRECTION('',(-1.,0.,0.));
#2544 = ORIENTED_EDGE('',*,*,#2545,.F.);
#2545 = EDGE_CURVE('',#2546,#2538,#2548,.T.);
#2546 = VERTEX_POINT('',#2547);
#2547 = CARTESIAN_POINT('',(26.6774,-61.4992,0.));
#2548 = LINE('',#2549,#2550);
#2549 = CARTESIAN_POINT('',(26.6774,-61.4992,0.));
#2550 = VECTOR('',#2551,1.);
#2551 = DIRECTION('',(0.,0.,1.));
#2552 = ORIENTED_EDGE('',*,*,#2553,.F.);
#2553 = EDGE_CURVE('',#2515,#2546,#2554,.T.);
#2554 = LINE('',#2555,#2556);
#2555 = CARTESIAN_POINT('',(29.6774,-61.4992,0.));
#2556 = VECTOR('',#2557,1.);
#2557 = DIRECTION('',(-1.,0.,0.));
#2558 = PLANE('',#2559);
#2559 = AXIS2_PLACEMENT_3D('',#2560,#2561,#2562);
#2560 = CARTESIAN_POINT('',(29.6774,-61.4992,0.));
#2561 = DIRECTION('',(0.,-1.,0.));
#2562 = DIRECTION('',(-1.,0.,0.));
#2563 = ADVANCED_FACE('',(#2564),#2589,.F.);
#2564 = FACE_BOUND('',#2565,.F.);
#2565 = EDGE_LOOP('',(#2566,#2567,#2575,#2583));
#2566 = ORIENTED_EDGE('',*,*,#2545,.T.);
#2567 = ORIENTED_EDGE('',*,*,#2568,.T.);
#2568 = EDGE_CURVE('',#2538,#2569,#2571,.T.);
#2569 = VERTEX_POINT('',#2570);
#2570 = CARTESIAN_POINT('',(26.6774,-64.4992,39.));
#2571 = LINE('',#2572,#2573);
#2572 = CARTESIAN_POINT('',(26.6774,-61.4992,39.));
#2573 = VECTOR('',#2574,1.);
#2574 = DIRECTION('',(0.,-1.,0.));
#2575 = ORIENTED_EDGE('',*,*,#2576,.F.);
#2576 = EDGE_CURVE('',#2577,#2569,#2579,.T.);
#2577 = VERTEX_POINT('',#2578);
#2578 = CARTESIAN_POINT('',(26.6774,-64.4992,0.));
#2579 = LINE('',#2580,#2581);
#2580 = CARTESIAN_POINT('',(26.6774,-64.4992,0.));
#2581 = VECTOR('',#2582,1.);
#2582 = DIRECTION('',(0.,0.,1.));
#2583 = ORIENTED_EDGE('',*,*,#2584,.F.);
#2584 = EDGE_CURVE('',#2546,#2577,#2585,.T.);
#2585 = LINE('',#2586,#2587);
#2586 = CARTESIAN_POINT('',(26.6774,-61.4992,0.));
#2587 = VECTOR('',#2588,1.);
#2588 = DIRECTION('',(0.,-1.,0.));
#2589 = PLANE('',#2590);
#2590 = AXIS2_PLACEMENT_3D('',#2591,#2592,#2593);
#2591 = CARTESIAN_POINT('',(26.6774,-61.4992,0.));
#2592 = DIRECTION('',(1.,0.,-0.));
#2593 = DIRECTION('',(0.,-1.,0.));
#2594 = ADVANCED_FACE('',(#2595),#2611,.F.);
#2595 = FACE_BOUND('',#2596,.F.);
#2596 = EDGE_LOOP('',(#2597,#2598,#2604,#2605));
#2597 = ORIENTED_EDGE('',*,*,#2576,.T.);
#2598 = ORIENTED_EDGE('',*,*,#2599,.T.);
#2599 = EDGE_CURVE('',#2569,#2499,#2600,.T.);
#2600 = LINE('',#2601,#2602);
#2601 = CARTESIAN_POINT('',(26.6774,-64.4992,39.));
#2602 = VECTOR('',#2603,1.);
#2603 = DIRECTION('',(1.,0.,0.));
#2604 = ORIENTED_EDGE('',*,*,#2496,.F.);
#2605 = ORIENTED_EDGE('',*,*,#2606,.F.);
#2606 = EDGE_CURVE('',#2577,#2497,#2607,.T.);
#2607 = LINE('',#2608,#2609);
#2608 = CARTESIAN_POINT('',(26.6774,-64.4992,0.));
#2609 = VECTOR('',#2610,1.);
#2610 = DIRECTION('',(1.,0.,0.));
#2611 = PLANE('',#2612);
#2612 = AXIS2_PLACEMENT_3D('',#2613,#2614,#2615);
#2613 = CARTESIAN_POINT('',(26.6774,-64.4992,0.));
#2614 = DIRECTION('',(0.,1.,0.));
#2615 = DIRECTION('',(1.,0.,0.));
#2616 = ADVANCED_FACE('',(#2617),#2623,.F.);
#2617 = FACE_BOUND('',#2618,.F.);
#2618 = EDGE_LOOP('',(#2619,#2620,#2621,#2622));
#2619 = ORIENTED_EDGE('',*,*,#2522,.T.);
#2620 = ORIENTED_EDGE('',*,*,#2553,.T.);
#2621 = ORIENTED_EDGE('',*,*,#2584,.T.);
#2622 = ORIENTED_EDGE('',*,*,#2606,.T.);
#2623 = PLANE('',#2624);
#2624 = AXIS2_PLACEMENT_3D('',#2625,#2626,#2627);
#2625 = CARTESIAN_POINT('',(6.77E-02,-63.1563,0.));
#2626 = DIRECTION('',(0.,0.,1.));
#2627 = DIRECTION('',(1.,0.,0.));
#2628 = ADVANCED_FACE('',(#2629),#2635,.T.);
#2629 = FACE_BOUND('',#2630,.T.);
#2630 = EDGE_LOOP('',(#2631,#2632,#2633,#2634));
#2631 = ORIENTED_EDGE('',*,*,#2506,.T.);
#2632 = ORIENTED_EDGE('',*,*,#2537,.T.);
#2633 = ORIENTED_EDGE('',*,*,#2568,.T.);
#2634 = ORIENTED_EDGE('',*,*,#2599,.T.);
#2635 = PLANE('',#2636);
#2636 = AXIS2_PLACEMENT_3D('',#2637,#2638,#2639);
#2637 = CARTESIAN_POINT('',(6.77E-02,-63.1563,39.));
#2638 = DIRECTION('',(0.,0.,1.));
#2639 = DIRECTION('',(1.,0.,0.));
#2640 = ( GEOMETRIC_REPRESENTATION_CONTEXT(3) 
GLOBAL_UNCERTAINTY_ASSIGNED_CONTEXT((#2644)) 
GLOBAL_UNIT_ASSIGNED_CONTEXT((#2641,#2642,#2643)) REPRESENTATION_CONTEXT
('Context #1','3D Context with UNIT and UNCERTAINTY') );
#2641 = ( LENGTH_UNIT() NAMED_UNIT(*) SI_UNIT(.MILLI.,.METRE.) );
#2642 = ( NAMED_UNIT(*) PLANE_ANGLE_UNIT() SI_UNIT($,.RADIAN.) );
#2643 = ( NAMED_UNIT(*) SI_UNIT($,.STERADIAN.) SOLID_ANGLE_UNIT() );
#2644 = UNCERTAINTY_MEASURE_WITH_UNIT(LENGTH_MEASURE(1.E-07),#2641,
  'distance_accuracy_value','confusion accuracy');
#2645 = CONTEXT_DEPENDENT_SHAPE_REPRESENTATION(#2646,#2648);
#2646 = ( REPRESENTATION_RELATIONSHIP('','',#2339,#10) 
REPRESENTATION_RELATIONSHIP_WITH_TRANSFORMATION(#2647) 
SHAPE_REPRESENTATION_RELATIONSHIP() );
#2647 = ITEM_DEFINED_TRANSFORMATION('','',#11,#35);
#2648 = PRODUCT_DEFINITION_SHAPE('Placement','Placement of an item',
  #2649);
#2649 = NEXT_ASSEMBLY_USAGE_OCCURRENCE('6','Pad001','',#5,#2334,$);
#2650 = PRODUCT_RELATED_PRODUCT_CATEGORY('part',$,(#2336));
#2651 = SHAPE_DEFINITION_REPRESENTATION(#2652,#2658);
#2652 = PRODUCT_DEFINITION_SHAPE('','',#2653);
#2653 = PRODUCT_DEFINITION('design','',#2654,#2657);
#2654 = PRODUCT_DEFINITION_FORMATION('','',#2655);
#2655 = PRODUCT('Pad002','Pad002','',(#2656));
#2656 = PRODUCT_CONTEXT('',#2,'mechanical');
#2657 = PRODUCT_DEFINITION_CONTEXT('part definition',#2,'design');
#2658 = ADVANCED_BREP_SHAPE_REPRESENTATION('',(#11,#2659),#2809);
#2659 = MANIFOLD_SOLID_BREP('',#2660);
#2660 = CLOSED_SHELL('',(#2661,#2701,#2732,#2763,#2785,#2797));
#2661 = ADVANCED_FACE('',(#2662),#2696,.F.);
#2662 = FACE_BOUND('',#2663,.F.);
#2663 = EDGE_LOOP('',(#2664,#2674,#2682,#2690));
#2664 = ORIENTED_EDGE('',*,*,#2665,.T.);
#2665 = EDGE_CURVE('',#2666,#2668,#2670,.T.);
#2666 = VERTEX_POINT('',#2667);
#2667 = CARTESIAN_POINT('',(-29.985,6.539049287525,0.));
#2668 = VERTEX_POINT('',#2669);
#2669 = CARTESIAN_POINT('',(-29.985,6.539049287525,39.));
#2670 = LINE('',#2671,#2672);
#2671 = CARTESIAN_POINT('',(-29.985,6.539049287525,0.));
#2672 = VECTOR('',#2673,1.);
#2673 = DIRECTION('',(0.,0.,1.));
#2674 = ORIENTED_EDGE('',*,*,#2675,.T.);
#2675 = EDGE_CURVE('',#2668,#2676,#2678,.T.);
#2676 = VERTEX_POINT('',#2677);
#2677 = CARTESIAN_POINT('',(-29.985,3.539049287525,39.));
#2678 = LINE('',#2679,#2680);
#2679 = CARTESIAN_POINT('',(-29.985,6.539049287525,39.));
#2680 = VECTOR('',#2681,1.);
#2681 = DIRECTION('',(0.,-1.,0.));
#2682 = ORIENTED_EDGE('',*,*,#2683,.F.);
#2683 = EDGE_CURVE('',#2684,#2676,#2686,.T.);
#2684 = VERTEX_POINT('',#2685);
#2685 = CARTESIAN_POINT('',(-29.985,3.539049287525,0.));
#2686 = LINE('',#2687,#2688);
#2687 = CARTESIAN_POINT('',(-29.985,3.539049287525,0.));
#2688 = VECTOR('',#2689,1.);
#2689 = DIRECTION('',(0.,0.,1.));
#2690 = ORIENTED_EDGE('',*,*,#2691,.F.);
#2691 = EDGE_CURVE('',#2666,#2684,#2692,.T.);
#2692 = LINE('',#2693,#2694);
#2693 = CARTESIAN_POINT('',(-29.985,6.539049287525,0.));
#2694 = VECTOR('',#2695,1.);
#2695 = DIRECTION('',(0.,-1.,0.));
#2696 = PLANE('',#2697);
#2697 = AXIS2_PLACEMENT_3D('',#2698,#2699,#2700);
#2698 = CARTESIAN_POINT('',(-29.985,6.539049287525,0.));
#2699 = DIRECTION('',(1.,0.,-0.));
#2700 = DIRECTION('',(0.,-1.,0.));
#2701 = ADVANCED_FACE('',(#2702),#2727,.F.);
#2702 = FACE_BOUND('',#2703,.F.);
#2703 = EDGE_LOOP('',(#2704,#2705,#2713,#2721));
#2704 = ORIENTED_EDGE('',*,*,#2683,.T.);
#2705 = ORIENTED_EDGE('',*,*,#2706,.T.);
#2706 = EDGE_CURVE('',#2676,#2707,#2709,.T.);
#2707 = VERTEX_POINT('',#2708);
#2708 = CARTESIAN_POINT('',(29.985,3.539049287525,39.));
#2709 = LINE('',#2710,#2711);
#2710 = CARTESIAN_POINT('',(-29.985,3.539049287525,39.));
#2711 = VECTOR('',#2712,1.);
#2712 = DIRECTION('',(1.,0.,0.));
#2713 = ORIENTED_EDGE('',*,*,#2714,.F.);
#2714 = EDGE_CURVE('',#2715,#2707,#2717,.T.);
#2715 = VERTEX_POINT('',#2716);
#2716 = CARTESIAN_POINT('',(29.985,3.539049287525,0.));
#2717 = LINE('',#2718,#2719);
#2718 = CARTESIAN_POINT('',(29.985,3.539049287525,0.));
#2719 = VECTOR('',#2720,1.);
#2720 = DIRECTION('',(0.,0.,1.));
#2721 = ORIENTED_EDGE('',*,*,#2722,.F.);
#2722 = EDGE_CURVE('',#2684,#2715,#2723,.T.);
#2723 = LINE('',#2724,#2725);
#2724 = CARTESIAN_POINT('',(-29.985,3.539049287525,0.));
#2725 = VECTOR('',#2726,1.);
#2726 = DIRECTION('',(1.,0.,0.));
#2727 = PLANE('',#2728);
#2728 = AXIS2_PLACEMENT_3D('',#2729,#2730,#2731);
#2729 = CARTESIAN_POINT('',(-29.985,3.539049287525,0.));
#2730 = DIRECTION('',(0.,1.,0.));
#2731 = DIRECTION('',(1.,0.,0.));
#2732 = ADVANCED_FACE('',(#2733),#2758,.F.);
#2733 = FACE_BOUND('',#2734,.F.);
#2734 = EDGE_LOOP('',(#2735,#2736,#2744,#2752));
#2735 = ORIENTED_EDGE('',*,*,#2714,.T.);
#2736 = ORIENTED_EDGE('',*,*,#2737,.T.);
#2737 = EDGE_CURVE('',#2707,#2738,#2740,.T.);
#2738 = VERTEX_POINT('',#2739);
#2739 = CARTESIAN_POINT('',(29.985,6.539049287525,39.));
#2740 = LINE('',#2741,#2742);
#2741 = CARTESIAN_POINT('',(29.985,3.539049287525,39.));
#2742 = VECTOR('',#2743,1.);
#2743 = DIRECTION('',(0.,1.,0.));
#2744 = ORIENTED_EDGE('',*,*,#2745,.F.);
#2745 = EDGE_CURVE('',#2746,#2738,#2748,.T.);
#2746 = VERTEX_POINT('',#2747);
#2747 = CARTESIAN_POINT('',(29.985,6.539049287525,0.));
#2748 = LINE('',#2749,#2750);
#2749 = CARTESIAN_POINT('',(29.985,6.539049287525,0.));
#2750 = VECTOR('',#2751,1.);
#2751 = DIRECTION('',(0.,0.,1.));
#2752 = ORIENTED_EDGE('',*,*,#2753,.F.);
#2753 = EDGE_CURVE('',#2715,#2746,#2754,.T.);
#2754 = LINE('',#2755,#2756);
#2755 = CARTESIAN_POINT('',(29.985,3.539049287525,0.));
#2756 = VECTOR('',#2757,1.);
#2757 = DIRECTION('',(0.,1.,0.));
#2758 = PLANE('',#2759);
#2759 = AXIS2_PLACEMENT_3D('',#2760,#2761,#2762);
#2760 = CARTESIAN_POINT('',(29.985,3.539049287525,0.));
#2761 = DIRECTION('',(-1.,0.,0.));
#2762 = DIRECTION('',(0.,1.,0.));
#2763 = ADVANCED_FACE('',(#2764),#2780,.F.);
#2764 = FACE_BOUND('',#2765,.F.);
#2765 = EDGE_LOOP('',(#2766,#2767,#2773,#2774));
#2766 = ORIENTED_EDGE('',*,*,#2745,.T.);
#2767 = ORIENTED_EDGE('',*,*,#2768,.T.);
#2768 = EDGE_CURVE('',#2738,#2668,#2769,.T.);
#2769 = LINE('',#2770,#2771);
#2770 = CARTESIAN_POINT('',(29.985,6.539049287525,39.));
#2771 = VECTOR('',#2772,1.);
#2772 = DIRECTION('',(-1.,0.,0.));
#2773 = ORIENTED_EDGE('',*,*,#2665,.F.);
#2774 = ORIENTED_EDGE('',*,*,#2775,.F.);
#2775 = EDGE_CURVE('',#2746,#2666,#2776,.T.);
#2776 = LINE('',#2777,#2778);
#2777 = CARTESIAN_POINT('',(29.985,6.539049287525,0.));
#2778 = VECTOR('',#2779,1.);
#2779 = DIRECTION('',(-1.,0.,0.));
#2780 = PLANE('',#2781);
#2781 = AXIS2_PLACEMENT_3D('',#2782,#2783,#2784);
#2782 = CARTESIAN_POINT('',(29.985,6.539049287525,0.));
#2783 = DIRECTION('',(0.,-1.,0.));
#2784 = DIRECTION('',(-1.,0.,0.));
#2785 = ADVANCED_FACE('',(#2786),#2792,.F.);
#2786 = FACE_BOUND('',#2787,.F.);
#2787 = EDGE_LOOP('',(#2788,#2789,#2790,#2791));
#2788 = ORIENTED_EDGE('',*,*,#2691,.T.);
#2789 = ORIENTED_EDGE('',*,*,#2722,.T.);
#2790 = ORIENTED_EDGE('',*,*,#2753,.T.);
#2791 = ORIENTED_EDGE('',*,*,#2775,.T.);
#2792 = PLANE('',#2793);
#2793 = AXIS2_PLACEMENT_3D('',#2794,#2795,#2796);
#2794 = CARTESIAN_POINT('',(0.,5.039049287525,0.));
#2795 = DIRECTION('',(0.,0.,1.));
#2796 = DIRECTION('',(1.,0.,0.));
#2797 = ADVANCED_FACE('',(#2798),#2804,.T.);
#2798 = FACE_BOUND('',#2799,.T.);
#2799 = EDGE_LOOP('',(#2800,#2801,#2802,#2803));
#2800 = ORIENTED_EDGE('',*,*,#2675,.T.);
#2801 = ORIENTED_EDGE('',*,*,#2706,.T.);
#2802 = ORIENTED_EDGE('',*,*,#2737,.T.);
#2803 = ORIENTED_EDGE('',*,*,#2768,.T.);
#2804 = PLANE('',#2805);
#2805 = AXIS2_PLACEMENT_3D('',#2806,#2807,#2808);
#2806 = CARTESIAN_POINT('',(0.,5.039049287525,39.));
#2807 = DIRECTION('',(0.,0.,1.));
#2808 = DIRECTION('',(1.,0.,0.));
#2809 = ( GEOMETRIC_REPRESENTATION_CONTEXT(3) 
GLOBAL_UNCERTAINTY_ASSIGNED_CONTEXT((#2813)) 
GLOBAL_UNIT_ASSIGNED_CONTEXT((#2810,#2811,#2812)) REPRESENTATION_CONTEXT
('Context #1','3D Context with UNIT and UNCERTAINTY') );
#2810 = ( LENGTH_UNIT() NAMED_UNIT(*) SI_UNIT(.MILLI.,.METRE.) );
#2811 = ( NAMED_UNIT(*) PLANE_ANGLE_UNIT() SI_UNIT($,.RADIAN.) );
#2812 = ( NAMED_UNIT(*) SI_UNIT($,.STERADIAN.) SOLID_ANGLE_UNIT() );
#2813 = UNCERTAINTY_MEASURE_WITH_UNIT(LENGTH_MEASURE(1.E-07),#2810,
  'distance_accuracy_value','confusion accuracy');
#2814 = CONTEXT_DEPENDENT_SHAPE_REPRESENTATION(#2815,#2817);
#2815 = ( REPRESENTATION_RELATIONSHIP('','',#2658,#10) 
REPRESENTATION_RELATIONSHIP_WITH_TRANSFORMATION(#2816) 
SHAPE_REPRESENTATION_RELATIONSHIP() );
#2816 = ITEM_DEFINED_TRANSFORMATION('','',#11,#39);
#2817 = PRODUCT_DEFINITION_SHAPE('Placement','Placement of an item',
  #2818);
#2818 = NEXT_ASSEMBLY_USAGE_OCCURRENCE('7','Pad002','',#5,#2653,$);
#2819 = PRODUCT_RELATED_PRODUCT_CATEGORY('part',$,(#2655));
#2820 = SHAPE_DEFINITION_REPRESENTATION(#2821,#2827);
#2821 = PRODUCT_DEFINITION_SHAPE('','',#2822);
#2822 = PRODUCT_DEFINITION('design','',#2823,#2826);
#2823 = PRODUCT_DEFINITION_FORMATION('','',#2824);
#2824 = PRODUCT('Pad003','Pad003','',(#2825));
#2825 = PRODUCT_CONTEXT('',#2,'mechanical');
#2826 = PRODUCT_DEFINITION_CONTEXT('part definition',#2,'design');
#2827 = ADVANCED_BREP_SHAPE_REPRESENTATION('',(#11,#2828),#2978);
#2828 = MANIFOLD_SOLID_BREP('',#2829);
#2829 = CLOSED_SHELL('',(#2830,#2870,#2901,#2932,#2954,#2966));
#2830 = ADVANCED_FACE('',(#2831),#2865,.F.);
#2831 = FACE_BOUND('',#2832,.F.);
#2832 = EDGE_LOOP('',(#2833,#2843,#2851,#2859));
#2833 = ORIENTED_EDGE('',*,*,#2834,.T.);
#2834 = EDGE_CURVE('',#2835,#2837,#2839,.T.);
#2835 = VERTEX_POINT('',#2836);
#2836 = CARTESIAN_POINT('',(29.5,6.754791,0.));
#2837 = VERTEX_POINT('',#2838);
#2838 = CARTESIAN_POINT('',(29.5,6.754791,43.));
#2839 = LINE('',#2840,#2841);
#2840 = CARTESIAN_POINT('',(29.5,6.754791,0.));
#2841 = VECTOR('',#2842,1.);
#2842 = DIRECTION('',(0.,0.,1.));
#2843 = ORIENTED_EDGE('',*,*,#2844,.T.);
#2844 = EDGE_CURVE('',#2837,#2845,#2847,.T.);
#2845 = VERTEX_POINT('',#2846);
#2846 = CARTESIAN_POINT('',(29.5,8.144791,43.));
#2847 = LINE('',#2848,#2849);
#2848 = CARTESIAN_POINT('',(29.5,6.754791,43.));
#2849 = VECTOR('',#2850,1.);
#2850 = DIRECTION('',(0.,1.,0.));
#2851 = ORIENTED_EDGE('',*,*,#2852,.F.);
#2852 = EDGE_CURVE('',#2853,#2845,#2855,.T.);
#2853 = VERTEX_POINT('',#2854);
#2854 = CARTESIAN_POINT('',(29.5,8.144791,0.));
#2855 = LINE('',#2856,#2857);
#2856 = CARTESIAN_POINT('',(29.5,8.144791,0.));
#2857 = VECTOR('',#2858,1.);
#2858 = DIRECTION('',(0.,0.,1.));
#2859 = ORIENTED_EDGE('',*,*,#2860,.F.);
#2860 = EDGE_CURVE('',#2835,#2853,#2861,.T.);
#2861 = LINE('',#2862,#2863);
#2862 = CARTESIAN_POINT('',(29.5,6.754791,0.));
#2863 = VECTOR('',#2864,1.);
#2864 = DIRECTION('',(0.,1.,0.));
#2865 = PLANE('',#2866);
#2866 = AXIS2_PLACEMENT_3D('',#2867,#2868,#2869);
#2867 = CARTESIAN_POINT('',(29.5,6.754791,0.));
#2868 = DIRECTION('',(-1.,0.,0.));
#2869 = DIRECTION('',(0.,1.,0.));
#2870 = ADVANCED_FACE('',(#2871),#2896,.F.);
#2871 = FACE_BOUND('',#2872,.F.);
#2872 = EDGE_LOOP('',(#2873,#2874,#2882,#2890));
#2873 = ORIENTED_EDGE('',*,*,#2852,.T.);
#2874 = ORIENTED_EDGE('',*,*,#2875,.T.);
#2875 = EDGE_CURVE('',#2845,#2876,#2878,.T.);
#2876 = VERTEX_POINT('',#2877);
#2877 = CARTESIAN_POINT('',(-29.5,8.144791,43.));
#2878 = LINE('',#2879,#2880);
#2879 = CARTESIAN_POINT('',(29.5,8.144791,43.));
#2880 = VECTOR('',#2881,1.);
#2881 = DIRECTION('',(-1.,0.,0.));
#2882 = ORIENTED_EDGE('',*,*,#2883,.F.);
#2883 = EDGE_CURVE('',#2884,#2876,#2886,.T.);
#2884 = VERTEX_POINT('',#2885);
#2885 = CARTESIAN_POINT('',(-29.5,8.144791,0.));
#2886 = LINE('',#2887,#2888);
#2887 = CARTESIAN_POINT('',(-29.5,8.144791,0.));
#2888 = VECTOR('',#2889,1.);
#2889 = DIRECTION('',(0.,0.,1.));
#2890 = ORIENTED_EDGE('',*,*,#2891,.F.);
#2891 = EDGE_CURVE('',#2853,#2884,#2892,.T.);
#2892 = LINE('',#2893,#2894);
#2893 = CARTESIAN_POINT('',(29.5,8.144791,0.));
#2894 = VECTOR('',#2895,1.);
#2895 = DIRECTION('',(-1.,0.,0.));
#2896 = PLANE('',#2897);
#2897 = AXIS2_PLACEMENT_3D('',#2898,#2899,#2900);
#2898 = CARTESIAN_POINT('',(29.5,8.144791,0.));
#2899 = DIRECTION('',(0.,-1.,0.));
#2900 = DIRECTION('',(-1.,0.,0.));
#2901 = ADVANCED_FACE('',(#2902),#2927,.F.);
#2902 = FACE_BOUND('',#2903,.F.);
#2903 = EDGE_LOOP('',(#2904,#2905,#2913,#2921));
#2904 = ORIENTED_EDGE('',*,*,#2883,.T.);
#2905 = ORIENTED_EDGE('',*,*,#2906,.T.);
#2906 = EDGE_CURVE('',#2876,#2907,#2909,.T.);
#2907 = VERTEX_POINT('',#2908);
#2908 = CARTESIAN_POINT('',(-29.5,6.754791,43.));
#2909 = LINE('',#2910,#2911);
#2910 = CARTESIAN_POINT('',(-29.5,8.144791,43.));
#2911 = VECTOR('',#2912,1.);
#2912 = DIRECTION('',(0.,-1.,0.));
#2913 = ORIENTED_EDGE('',*,*,#2914,.F.);
#2914 = EDGE_CURVE('',#2915,#2907,#2917,.T.);
#2915 = VERTEX_POINT('',#2916);
#2916 = CARTESIAN_POINT('',(-29.5,6.754791,0.));
#2917 = LINE('',#2918,#2919);
#2918 = CARTESIAN_POINT('',(-29.5,6.754791,0.));
#2919 = VECTOR('',#2920,1.);
#2920 = DIRECTION('',(0.,0.,1.));
#2921 = ORIENTED_EDGE('',*,*,#2922,.F.);
#2922 = EDGE_CURVE('',#2884,#2915,#2923,.T.);
#2923 = LINE('',#2924,#2925);
#2924 = CARTESIAN_POINT('',(-29.5,8.144791,0.));
#2925 = VECTOR('',#2926,1.);
#2926 = DIRECTION('',(0.,-1.,0.));
#2927 = PLANE('',#2928);
#2928 = AXIS2_PLACEMENT_3D('',#2929,#2930,#2931);
#2929 = CARTESIAN_POINT('',(-29.5,8.144791,0.));
#2930 = DIRECTION('',(1.,0.,-0.));
#2931 = DIRECTION('',(0.,-1.,0.));
#2932 = ADVANCED_FACE('',(#2933),#2949,.F.);
#2933 = FACE_BOUND('',#2934,.F.);
#2934 = EDGE_LOOP('',(#2935,#2936,#2942,#2943));
#2935 = ORIENTED_EDGE('',*,*,#2914,.T.);
#2936 = ORIENTED_EDGE('',*,*,#2937,.T.);
#2937 = EDGE_CURVE('',#2907,#2837,#2938,.T.);
#2938 = LINE('',#2939,#2940);
#2939 = CARTESIAN_POINT('',(-29.5,6.754791,43.));
#2940 = VECTOR('',#2941,1.);
#2941 = DIRECTION('',(1.,0.,0.));
#2942 = ORIENTED_EDGE('',*,*,#2834,.F.);
#2943 = ORIENTED_EDGE('',*,*,#2944,.F.);
#2944 = EDGE_CURVE('',#2915,#2835,#2945,.T.);
#2945 = LINE('',#2946,#2947);
#2946 = CARTESIAN_POINT('',(-29.5,6.754791,0.));
#2947 = VECTOR('',#2948,1.);
#2948 = DIRECTION('',(1.,0.,0.));
#2949 = PLANE('',#2950);
#2950 = AXIS2_PLACEMENT_3D('',#2951,#2952,#2953);
#2951 = CARTESIAN_POINT('',(-29.5,6.754791,0.));
#2952 = DIRECTION('',(0.,1.,0.));
#2953 = DIRECTION('',(1.,0.,0.));
#2954 = ADVANCED_FACE('',(#2955),#2961,.F.);
#2955 = FACE_BOUND('',#2956,.F.);
#2956 = EDGE_LOOP('',(#2957,#2958,#2959,#2960));
#2957 = ORIENTED_EDGE('',*,*,#2860,.T.);
#2958 = ORIENTED_EDGE('',*,*,#2891,.T.);
#2959 = ORIENTED_EDGE('',*,*,#2922,.T.);
#2960 = ORIENTED_EDGE('',*,*,#2944,.T.);
#2961 = PLANE('',#2962);
#2962 = AXIS2_PLACEMENT_3D('',#2963,#2964,#2965);
#2963 = CARTESIAN_POINT('',(0.,7.449791,0.));
#2964 = DIRECTION('',(0.,0.,1.));
#2965 = DIRECTION('',(1.,0.,0.));
#2966 = ADVANCED_FACE('',(#2967),#2973,.T.);
#2967 = FACE_BOUND('',#2968,.T.);
#2968 = EDGE_LOOP('',(#2969,#2970,#2971,#2972));
#2969 = ORIENTED_EDGE('',*,*,#2844,.T.);
#2970 = ORIENTED_EDGE('',*,*,#2875,.T.);
#2971 = ORIENTED_EDGE('',*,*,#2906,.T.);
#2972 = ORIENTED_EDGE('',*,*,#2937,.T.);
#2973 = PLANE('',#2974);
#2974 = AXIS2_PLACEMENT_3D('',#2975,#2976,#2977);
#2975 = CARTESIAN_POINT('',(0.,7.449791,43.));
#2976 = DIRECTION('',(0.,0.,1.));
#2977 = DIRECTION('',(1.,0.,0.));
#2978 = ( GEOMETRIC_REPRESENTATION_CONTEXT(3) 
GLOBAL_UNCERTAINTY_ASSIGNED_CONTEXT((#2982)) 
GLOBAL_UNIT_ASSIGNED_CONTEXT((#2979,#2980,#2981)) REPRESENTATION_CONTEXT
('Context #1','3D Context with UNIT and UNCERTAINTY') );
#2979 = ( LENGTH_UNIT() NAMED_UNIT(*) SI_UNIT(.MILLI.,.METRE.) );
#2980 = ( NAMED_UNIT(*) PLANE_ANGLE_UNIT() SI_UNIT($,.RADIAN.) );
#2981 = ( NAMED_UNIT(*) SI_UNIT($,.STERADIAN.) SOLID_ANGLE_UNIT() );
#2982 = UNCERTAINTY_MEASURE_WITH_UNIT(LENGTH_MEASURE(1.E-07),#2979,
  'distance_accuracy_value','confusion accuracy');
#2983 = CONTEXT_DEPENDENT_SHAPE_REPRESENTATION(#2984,#2986);
#2984 = ( REPRESENTATION_RELATIONSHIP('','',#2827,#10) 
REPRESENTATION_RELATIONSHIP_WITH_TRANSFORMATION(#2985) 
SHAPE_REPRESENTATION_RELATIONSHIP() );
#2985 = ITEM_DEFINED_TRANSFORMATION('','',#11,#43);
#2986 = PRODUCT_DEFINITION_SHAPE('Placement','Placement of an item',
  #2987);
#2987 = NEXT_ASSEMBLY_USAGE_OCCURRENCE('8','Pad003','',#5,#2822,$);
#2988 = PRODUCT_RELATED_PRODUCT_CATEGORY('part',$,(#2824));
#2989 = SHAPE_DEFINITION_REPRESENTATION(#2990,#2996);
#2990 = PRODUCT_DEFINITION_SHAPE('','',#2991);
#2991 = PRODUCT_DEFINITION('design','',#2992,#2995);
#2992 = PRODUCT_DEFINITION_FORMATION('','',#2993);
#2993 = PRODUCT('Pad004','Pad004','',(#2994));
#2994 = PRODUCT_CONTEXT('',#2,'mechanical');
#2995 = PRODUCT_DEFINITION_CONTEXT('part definition',#2,'design');
#2996 = SHAPE_REPRESENTATION('',(#11,#2997,#3147),#3297);
#2997 = MANIFOLD_SOLID_BREP('',#2998);
#2998 = CLOSED_SHELL('',(#2999,#3039,#3070,#3101,#3123,#3135));
#2999 = ADVANCED_FACE('',(#3000),#3034,.T.);
#3000 = FACE_BOUND('',#3001,.T.);
#3001 = EDGE_LOOP('',(#3002,#3012,#3020,#3028));
#3002 = ORIENTED_EDGE('',*,*,#3003,.T.);
#3003 = EDGE_CURVE('',#3004,#3006,#3008,.T.);
#3004 = VERTEX_POINT('',#3005);
#3005 = CARTESIAN_POINT('',(-26.4399,-61.8203,0.));
#3006 = VERTEX_POINT('',#3007);
#3007 = CARTESIAN_POINT('',(-26.4399,-61.8203,39.));
#3008 = LINE('',#3009,#3010);
#3009 = CARTESIAN_POINT('',(-26.4399,-61.8203,0.));
#3010 = VECTOR('',#3011,1.);
#3011 = DIRECTION('',(0.,0.,1.));
#3012 = ORIENTED_EDGE('',*,*,#3013,.T.);
#3013 = EDGE_CURVE('',#3006,#3014,#3016,.T.);
#3014 = VERTEX_POINT('',#3015);
#3015 = CARTESIAN_POINT('',(-20.4399,-61.8203,39.));
#3016 = LINE('',#3017,#3018);
#3017 = CARTESIAN_POINT('',(-26.4399,-61.8203,39.));
#3018 = VECTOR('',#3019,1.);
#3019 = DIRECTION('',(1.,0.,0.));
#3020 = ORIENTED_EDGE('',*,*,#3021,.F.);
#3021 = EDGE_CURVE('',#3022,#3014,#3024,.T.);
#3022 = VERTEX_POINT('',#3023);
#3023 = CARTESIAN_POINT('',(-20.4399,-61.8203,0.));
#3024 = LINE('',#3025,#3026);
#3025 = CARTESIAN_POINT('',(-20.4399,-61.8203,0.));
#3026 = VECTOR('',#3027,1.);
#3027 = DIRECTION('',(0.,0.,1.));
#3028 = ORIENTED_EDGE('',*,*,#3029,.F.);
#3029 = EDGE_CURVE('',#3004,#3022,#3030,.T.);
#3030 = LINE('',#3031,#3032);
#3031 = CARTESIAN_POINT('',(-26.4399,-61.8203,0.));
#3032 = VECTOR('',#3033,1.);
#3033 = DIRECTION('',(1.,0.,0.));
#3034 = PLANE('',#3035);
#3035 = AXIS2_PLACEMENT_3D('',#3036,#3037,#3038);
#3036 = CARTESIAN_POINT('',(-26.4399,-61.8203,0.));
#3037 = DIRECTION('',(0.,1.,0.));
#3038 = DIRECTION('',(1.,0.,0.));
#3039 = ADVANCED_FACE('',(#3040),#3065,.T.);
#3040 = FACE_BOUND('',#3041,.T.);
#3041 = EDGE_LOOP('',(#3042,#3043,#3051,#3059));
#3042 = ORIENTED_EDGE('',*,*,#3021,.T.);
#3043 = ORIENTED_EDGE('',*,*,#3044,.T.);
#3044 = EDGE_CURVE('',#3014,#3045,#3047,.T.);
#3045 = VERTEX_POINT('',#3046);
#3046 = CARTESIAN_POINT('',(-20.4399,-64.8203,39.));
#3047 = LINE('',#3048,#3049);
#3048 = CARTESIAN_POINT('',(-20.4399,-61.8203,39.));
#3049 = VECTOR('',#3050,1.);
#3050 = DIRECTION('',(0.,-1.,0.));
#3051 = ORIENTED_EDGE('',*,*,#3052,.F.);
#3052 = EDGE_CURVE('',#3053,#3045,#3055,.T.);
#3053 = VERTEX_POINT('',#3054);
#3054 = CARTESIAN_POINT('',(-20.4399,-64.8203,0.));
#3055 = LINE('',#3056,#3057);
#3056 = CARTESIAN_POINT('',(-20.4399,-64.8203,0.));
#3057 = VECTOR('',#3058,1.);
#3058 = DIRECTION('',(0.,0.,1.));
#3059 = ORIENTED_EDGE('',*,*,#3060,.F.);
#3060 = EDGE_CURVE('',#3022,#3053,#3061,.T.);
#3061 = LINE('',#3062,#3063);
#3062 = CARTESIAN_POINT('',(-20.4399,-61.8203,0.));
#3063 = VECTOR('',#3064,1.);
#3064 = DIRECTION('',(0.,-1.,0.));
#3065 = PLANE('',#3066);
#3066 = AXIS2_PLACEMENT_3D('',#3067,#3068,#3069);
#3067 = CARTESIAN_POINT('',(-20.4399,-61.8203,0.));
#3068 = DIRECTION('',(1.,0.,-0.));
#3069 = DIRECTION('',(0.,-1.,0.));
#3070 = ADVANCED_FACE('',(#3071),#3096,.T.);
#3071 = FACE_BOUND('',#3072,.T.);
#3072 = EDGE_LOOP('',(#3073,#3074,#3082,#3090));
#3073 = ORIENTED_EDGE('',*,*,#3052,.T.);
#3074 = ORIENTED_EDGE('',*,*,#3075,.T.);
#3075 = EDGE_CURVE('',#3045,#3076,#3078,.T.);
#3076 = VERTEX_POINT('',#3077);
#3077 = CARTESIAN_POINT('',(-26.4399,-64.8203,39.));
#3078 = LINE('',#3079,#3080);
#3079 = CARTESIAN_POINT('',(-20.4399,-64.8203,39.));
#3080 = VECTOR('',#3081,1.);
#3081 = DIRECTION('',(-1.,0.,0.));
#3082 = ORIENTED_EDGE('',*,*,#3083,.F.);
#3083 = EDGE_CURVE('',#3084,#3076,#3086,.T.);
#3084 = VERTEX_POINT('',#3085);
#3085 = CARTESIAN_POINT('',(-26.4399,-64.8203,0.));
#3086 = LINE('',#3087,#3088);
#3087 = CARTESIAN_POINT('',(-26.4399,-64.8203,0.));
#3088 = VECTOR('',#3089,1.);
#3089 = DIRECTION('',(0.,0.,1.));
#3090 = ORIENTED_EDGE('',*,*,#3091,.F.);
#3091 = EDGE_CURVE('',#3053,#3084,#3092,.T.);
#3092 = LINE('',#3093,#3094);
#3093 = CARTESIAN_POINT('',(-20.4399,-64.8203,0.));
#3094 = VECTOR('',#3095,1.);
#3095 = DIRECTION('',(-1.,0.,0.));
#3096 = PLANE('',#3097);
#3097 = AXIS2_PLACEMENT_3D('',#3098,#3099,#3100);
#3098 = CARTESIAN_POINT('',(-20.4399,-64.8203,0.));
#3099 = DIRECTION('',(0.,-1.,0.));
#3100 = DIRECTION('',(-1.,0.,0.));
#3101 = ADVANCED_FACE('',(#3102),#3118,.T.);
#3102 = FACE_BOUND('',#3103,.T.);
#3103 = EDGE_LOOP('',(#3104,#3105,#3111,#3112));
#3104 = ORIENTED_EDGE('',*,*,#3083,.T.);
#3105 = ORIENTED_EDGE('',*,*,#3106,.T.);
#3106 = EDGE_CURVE('',#3076,#3006,#3107,.T.);
#3107 = LINE('',#3108,#3109);
#3108 = CARTESIAN_POINT('',(-26.4399,-64.8203,39.));
#3109 = VECTOR('',#3110,1.);
#3110 = DIRECTION('',(0.,1.,0.));
#3111 = ORIENTED_EDGE('',*,*,#3003,.F.);
#3112 = ORIENTED_EDGE('',*,*,#3113,.F.);
#3113 = EDGE_CURVE('',#3084,#3004,#3114,.T.);
#3114 = LINE('',#3115,#3116);
#3115 = CARTESIAN_POINT('',(-26.4399,-64.8203,0.));
#3116 = VECTOR('',#3117,1.);
#3117 = DIRECTION('',(0.,1.,0.));
#3118 = PLANE('',#3119);
#3119 = AXIS2_PLACEMENT_3D('',#3120,#3121,#3122);
#3120 = CARTESIAN_POINT('',(-26.4399,-64.8203,0.));
#3121 = DIRECTION('',(-1.,0.,0.));
#3122 = DIRECTION('',(0.,1.,0.));
#3123 = ADVANCED_FACE('',(#3124),#3130,.F.);
#3124 = FACE_BOUND('',#3125,.T.);
#3125 = EDGE_LOOP('',(#3126,#3127,#3128,#3129));
#3126 = ORIENTED_EDGE('',*,*,#3029,.T.);
#3127 = ORIENTED_EDGE('',*,*,#3060,.T.);
#3128 = ORIENTED_EDGE('',*,*,#3091,.T.);
#3129 = ORIENTED_EDGE('',*,*,#3113,.T.);
#3130 = PLANE('',#3131);
#3131 = AXIS2_PLACEMENT_3D('',#3132,#3133,#3134);
#3132 = CARTESIAN_POINT('',(0.10835,-63.1806,0.));
#3133 = DIRECTION('',(0.,0.,1.));
#3134 = DIRECTION('',(1.,0.,0.));
#3135 = ADVANCED_FACE('',(#3136),#3142,.T.);
#3136 = FACE_BOUND('',#3137,.F.);
#3137 = EDGE_LOOP('',(#3138,#3139,#3140,#3141));
#3138 = ORIENTED_EDGE('',*,*,#3013,.T.);
#3139 = ORIENTED_EDGE('',*,*,#3044,.T.);
#3140 = ORIENTED_EDGE('',*,*,#3075,.T.);
#3141 = ORIENTED_EDGE('',*,*,#3106,.T.);
#3142 = PLANE('',#3143);
#3143 = AXIS2_PLACEMENT_3D('',#3144,#3145,#3146);
#3144 = CARTESIAN_POINT('',(0.10835,-63.1806,39.));
#3145 = DIRECTION('',(0.,0.,1.));
#3146 = DIRECTION('',(1.,0.,0.));
#3147 = MANIFOLD_SOLID_BREP('',#3148);
#3148 = CLOSED_SHELL('',(#3149,#3189,#3220,#3251,#3273,#3285));
#3149 = ADVANCED_FACE('',(#3150),#3184,.F.);
#3150 = FACE_BOUND('',#3151,.F.);
#3151 = EDGE_LOOP('',(#3152,#3162,#3170,#3178));
#3152 = ORIENTED_EDGE('',*,*,#3153,.T.);
#3153 = EDGE_CURVE('',#3154,#3156,#3158,.T.);
#3154 = VERTEX_POINT('',#3155);
#3155 = CARTESIAN_POINT('',(26.6566,-64.5409,0.));
#3156 = VERTEX_POINT('',#3157);
#3157 = CARTESIAN_POINT('',(26.6566,-64.5409,39.));
#3158 = LINE('',#3159,#3160);
#3159 = CARTESIAN_POINT('',(26.6566,-64.5409,0.));
#3160 = VECTOR('',#3161,1.);
#3161 = DIRECTION('',(0.,0.,1.));
#3162 = ORIENTED_EDGE('',*,*,#3163,.T.);
#3163 = EDGE_CURVE('',#3156,#3164,#3166,.T.);
#3164 = VERTEX_POINT('',#3165);
#3165 = CARTESIAN_POINT('',(26.6566,-61.5409,39.));
#3166 = LINE('',#3167,#3168);
#3167 = CARTESIAN_POINT('',(26.6566,-64.5409,39.));
#3168 = VECTOR('',#3169,1.);
#3169 = DIRECTION('',(0.,1.,0.));
#3170 = ORIENTED_EDGE('',*,*,#3171,.F.);
#3171 = EDGE_CURVE('',#3172,#3164,#3174,.T.);
#3172 = VERTEX_POINT('',#3173);
#3173 = CARTESIAN_POINT('',(26.6566,-61.5409,0.));
#3174 = LINE('',#3175,#3176);
#3175 = CARTESIAN_POINT('',(26.6566,-61.5409,0.));
#3176 = VECTOR('',#3177,1.);
#3177 = DIRECTION('',(0.,0.,1.));
#3178 = ORIENTED_EDGE('',*,*,#3179,.F.);
#3179 = EDGE_CURVE('',#3154,#3172,#3180,.T.);
#3180 = LINE('',#3181,#3182);
#3181 = CARTESIAN_POINT('',(26.6566,-64.5409,0.));
#3182 = VECTOR('',#3183,1.);
#3183 = DIRECTION('',(0.,1.,0.));
#3184 = PLANE('',#3185);
#3185 = AXIS2_PLACEMENT_3D('',#3186,#3187,#3188);
#3186 = CARTESIAN_POINT('',(26.6566,-64.5409,0.));
#3187 = DIRECTION('',(-1.,0.,0.));
#3188 = DIRECTION('',(0.,1.,0.));
#3189 = ADVANCED_FACE('',(#3190),#3215,.F.);
#3190 = FACE_BOUND('',#3191,.F.);
#3191 = EDGE_LOOP('',(#3192,#3193,#3201,#3209));
#3192 = ORIENTED_EDGE('',*,*,#3171,.T.);
#3193 = ORIENTED_EDGE('',*,*,#3194,.T.);
#3194 = EDGE_CURVE('',#3164,#3195,#3197,.T.);
#3195 = VERTEX_POINT('',#3196);
#3196 = CARTESIAN_POINT('',(20.6566,-61.5409,39.));
#3197 = LINE('',#3198,#3199);
#3198 = CARTESIAN_POINT('',(26.6566,-61.5409,39.));
#3199 = VECTOR('',#3200,1.);
#3200 = DIRECTION('',(-1.,0.,0.));
#3201 = ORIENTED_EDGE('',*,*,#3202,.F.);
#3202 = EDGE_CURVE('',#3203,#3195,#3205,.T.);
#3203 = VERTEX_POINT('',#3204);
#3204 = CARTESIAN_POINT('',(20.6566,-61.5409,0.));
#3205 = LINE('',#3206,#3207);
#3206 = CARTESIAN_POINT('',(20.6566,-61.5409,0.));
#3207 = VECTOR('',#3208,1.);
#3208 = DIRECTION('',(0.,0.,1.));
#3209 = ORIENTED_EDGE('',*,*,#3210,.F.);
#3210 = EDGE_CURVE('',#3172,#3203,#3211,.T.);
#3211 = LINE('',#3212,#3213);
#3212 = CARTESIAN_POINT('',(26.6566,-61.5409,0.));
#3213 = VECTOR('',#3214,1.);
#3214 = DIRECTION('',(-1.,0.,0.));
#3215 = PLANE('',#3216);
#3216 = AXIS2_PLACEMENT_3D('',#3217,#3218,#3219);
#3217 = CARTESIAN_POINT('',(26.6566,-61.5409,0.));
#3218 = DIRECTION('',(0.,-1.,0.));
#3219 = DIRECTION('',(-1.,0.,0.));
#3220 = ADVANCED_FACE('',(#3221),#3246,.F.);
#3221 = FACE_BOUND('',#3222,.F.);
#3222 = EDGE_LOOP('',(#3223,#3224,#3232,#3240));
#3223 = ORIENTED_EDGE('',*,*,#3202,.T.);
#3224 = ORIENTED_EDGE('',*,*,#3225,.T.);
#3225 = EDGE_CURVE('',#3195,#3226,#3228,.T.);
#3226 = VERTEX_POINT('',#3227);
#3227 = CARTESIAN_POINT('',(20.6566,-64.5409,39.));
#3228 = LINE('',#3229,#3230);
#3229 = CARTESIAN_POINT('',(20.6566,-61.5409,39.));
#3230 = VECTOR('',#3231,1.);
#3231 = DIRECTION('',(0.,-1.,0.));
#3232 = ORIENTED_EDGE('',*,*,#3233,.F.);
#3233 = EDGE_CURVE('',#3234,#3226,#3236,.T.);
#3234 = VERTEX_POINT('',#3235);
#3235 = CARTESIAN_POINT('',(20.6566,-64.5409,0.));
#3236 = LINE('',#3237,#3238);
#3237 = CARTESIAN_POINT('',(20.6566,-64.5409,0.));
#3238 = VECTOR('',#3239,1.);
#3239 = DIRECTION('',(0.,0.,1.));
#3240 = ORIENTED_EDGE('',*,*,#3241,.F.);
#3241 = EDGE_CURVE('',#3203,#3234,#3242,.T.);
#3242 = LINE('',#3243,#3244);
#3243 = CARTESIAN_POINT('',(20.6566,-61.5409,0.));
#3244 = VECTOR('',#3245,1.);
#3245 = DIRECTION('',(0.,-1.,0.));
#3246 = PLANE('',#3247);
#3247 = AXIS2_PLACEMENT_3D('',#3248,#3249,#3250);
#3248 = CARTESIAN_POINT('',(20.6566,-61.5409,0.));
#3249 = DIRECTION('',(1.,0.,-0.));
#3250 = DIRECTION('',(0.,-1.,0.));
#3251 = ADVANCED_FACE('',(#3252),#3268,.F.);
#3252 = FACE_BOUND('',#3253,.F.);
#3253 = EDGE_LOOP('',(#3254,#3255,#3261,#3262));
#3254 = ORIENTED_EDGE('',*,*,#3233,.T.);
#3255 = ORIENTED_EDGE('',*,*,#3256,.T.);
#3256 = EDGE_CURVE('',#3226,#3156,#3257,.T.);
#3257 = LINE('',#3258,#3259);
#3258 = CARTESIAN_POINT('',(20.6566,-64.5409,39.));
#3259 = VECTOR('',#3260,1.);
#3260 = DIRECTION('',(1.,0.,0.));
#3261 = ORIENTED_EDGE('',*,*,#3153,.F.);
#3262 = ORIENTED_EDGE('',*,*,#3263,.F.);
#3263 = EDGE_CURVE('',#3234,#3154,#3264,.T.);
#3264 = LINE('',#3265,#3266);
#3265 = CARTESIAN_POINT('',(20.6566,-64.5409,0.));
#3266 = VECTOR('',#3267,1.);
#3267 = DIRECTION('',(1.,0.,0.));
#3268 = PLANE('',#3269);
#3269 = AXIS2_PLACEMENT_3D('',#3270,#3271,#3272);
#3270 = CARTESIAN_POINT('',(20.6566,-64.5409,0.));
#3271 = DIRECTION('',(0.,1.,0.));
#3272 = DIRECTION('',(1.,0.,0.));
#3273 = ADVANCED_FACE('',(#3274),#3280,.F.);
#3274 = FACE_BOUND('',#3275,.F.);
#3275 = EDGE_LOOP('',(#3276,#3277,#3278,#3279));
#3276 = ORIENTED_EDGE('',*,*,#3179,.T.);
#3277 = ORIENTED_EDGE('',*,*,#3210,.T.);
#3278 = ORIENTED_EDGE('',*,*,#3241,.T.);
#3279 = ORIENTED_EDGE('',*,*,#3263,.T.);
#3280 = PLANE('',#3281);
#3281 = AXIS2_PLACEMENT_3D('',#3282,#3283,#3284);
#3282 = CARTESIAN_POINT('',(0.10835,-63.1806,0.));
#3283 = DIRECTION('',(0.,0.,1.));
#3284 = DIRECTION('',(1.,0.,0.));
#3285 = ADVANCED_FACE('',(#3286),#3292,.T.);
#3286 = FACE_BOUND('',#3287,.T.);
#3287 = EDGE_LOOP('',(#3288,#3289,#3290,#3291));
#3288 = ORIENTED_EDGE('',*,*,#3163,.T.);
#3289 = ORIENTED_EDGE('',*,*,#3194,.T.);
#3290 = ORIENTED_EDGE('',*,*,#3225,.T.);
#3291 = ORIENTED_EDGE('',*,*,#3256,.T.);
#3292 = PLANE('',#3293);
#3293 = AXIS2_PLACEMENT_3D('',#3294,#3295,#3296);
#3294 = CARTESIAN_POINT('',(0.10835,-63.1806,39.));
#3295 = DIRECTION('',(0.,0.,1.));
#3296 = DIRECTION('',(1.,0.,0.));
#3297 = ( GEOMETRIC_REPRESENTATION_CONTEXT(3) 
GLOBAL_UNCERTAINTY_ASSIGNED_CONTEXT((#3301)) 
GLOBAL_UNIT_ASSIGNED_CONTEXT((#3298,#3299,#3300)) REPRESENTATION_CONTEXT
('Context #1','3D Context with UNIT and UNCERTAINTY') );
#3298 = ( LENGTH_UNIT() NAMED_UNIT(*) SI_UNIT(.MILLI.,.METRE.) );
#3299 = ( NAMED_UNIT(*) PLANE_ANGLE_UNIT() SI_UNIT($,.RADIAN.) );
#3300 = ( NAMED_UNIT(*) SI_UNIT($,.STERADIAN.) SOLID_ANGLE_UNIT() );
#3301 = UNCERTAINTY_MEASURE_WITH_UNIT(LENGTH_MEASURE(1.E-07),#3298,
  'distance_accuracy_value','confusion accuracy');
#3302 = CONTEXT_DEPENDENT_SHAPE_REPRESENTATION(#3303,#3305);
#3303 = ( REPRESENTATION_RELATIONSHIP('','',#2996,#10) 
REPRESENTATION_RELATIONSHIP_WITH_TRANSFORMATION(#3304) 
SHAPE_REPRESENTATION_RELATIONSHIP() );
#3304 = ITEM_DEFINED_TRANSFORMATION('','',#11,#47);
#3305 = PRODUCT_DEFINITION_SHAPE('Placement','Placement of an item',
  #3306);
#3306 = NEXT_ASSEMBLY_USAGE_OCCURRENCE('9','Pad004','',#5,#2991,$);
#3307 = PRODUCT_RELATED_PRODUCT_CATEGORY('part',$,(#2993));
#3308 = SHAPE_DEFINITION_REPRESENTATION(#3309,#3315);
#3309 = PRODUCT_DEFINITION_SHAPE('','',#3310);
#3310 = PRODUCT_DEFINITION('design','',#3311,#3314);
#3311 = PRODUCT_DEFINITION_FORMATION('','',#3312);
#3312 = PRODUCT('Body008','Body008','',(#3313));
#3313 = PRODUCT_CONTEXT('',#2,'mechanical');
#3314 = PRODUCT_DEFINITION_CONTEXT('part definition',#2,'design');
#3315 = SHAPE_REPRESENTATION('',(#11,#3316,#3750),#4164);
#3316 = MANIFOLD_SOLID_BREP('',#3317);
#3317 = CLOSED_SHELL('',(#3318,#3358,#3389,#3420,#3437,#3522,#3534,#3565
    ,#3589,#3613,#3630,#3661,#3685,#3709,#3726,#3738));
#3318 = ADVANCED_FACE('',(#3319),#3353,.F.);
#3319 = FACE_BOUND('',#3320,.F.);
#3320 = EDGE_LOOP('',(#3321,#3331,#3339,#3347));
#3321 = ORIENTED_EDGE('',*,*,#3322,.T.);
#3322 = EDGE_CURVE('',#3323,#3325,#3327,.T.);
#3323 = VERTEX_POINT('',#3324);
#3324 = CARTESIAN_POINT('',(25.550647712475,-61.30066867811,0.));
#3325 = VERTEX_POINT('',#3326);
#3326 = CARTESIAN_POINT('',(25.550647712475,-61.30066867811,45.));
#3327 = LINE('',#3328,#3329);
#3328 = CARTESIAN_POINT('',(25.550647712475,-61.30066867811,0.));
#3329 = VECTOR('',#3330,1.);
#3330 = DIRECTION('',(0.,0.,1.));
#3331 = ORIENTED_EDGE('',*,*,#3332,.T.);
#3332 = EDGE_CURVE('',#3325,#3333,#3335,.T.);
#3333 = VERTEX_POINT('',#3334);
#3334 = CARTESIAN_POINT('',(32.550647712475,-61.30066867811,45.));
#3335 = LINE('',#3336,#3337);
#3336 = CARTESIAN_POINT('',(25.550647712475,-61.30066867811,45.));
#3337 = VECTOR('',#3338,1.);
#3338 = DIRECTION('',(1.,0.,0.));
#3339 = ORIENTED_EDGE('',*,*,#3340,.F.);
#3340 = EDGE_CURVE('',#3341,#3333,#3343,.T.);
#3341 = VERTEX_POINT('',#3342);
#3342 = CARTESIAN_POINT('',(32.550647712475,-61.30066867811,0.));
#3343 = LINE('',#3344,#3345);
#3344 = CARTESIAN_POINT('',(32.550647712475,-61.30066867811,0.));
#3345 = VECTOR('',#3346,1.);
#3346 = DIRECTION('',(0.,0.,1.));
#3347 = ORIENTED_EDGE('',*,*,#3348,.F.);
#3348 = EDGE_CURVE('',#3323,#3341,#3349,.T.);
#3349 = LINE('',#3350,#3351);
#3350 = CARTESIAN_POINT('',(25.550647712475,-61.30066867811,0.));
#3351 = VECTOR('',#3352,1.);
#3352 = DIRECTION('',(1.,0.,0.));
#3353 = PLANE('',#3354);
#3354 = AXIS2_PLACEMENT_3D('',#3355,#3356,#3357);
#3355 = CARTESIAN_POINT('',(25.550647712475,-61.30066867811,0.));
#3356 = DIRECTION('',(0.,1.,0.));
#3357 = DIRECTION('',(1.,0.,0.));
#3358 = ADVANCED_FACE('',(#3359),#3384,.F.);
#3359 = FACE_BOUND('',#3360,.F.);
#3360 = EDGE_LOOP('',(#3361,#3371,#3377,#3378));
#3361 = ORIENTED_EDGE('',*,*,#3362,.T.);
#3362 = EDGE_CURVE('',#3363,#3365,#3367,.T.);
#3363 = VERTEX_POINT('',#3364);
#3364 = CARTESIAN_POINT('',(25.550647712475,2.699331321881,0.));
#3365 = VERTEX_POINT('',#3366);
#3366 = CARTESIAN_POINT('',(25.550647712475,2.699331321881,45.));
#3367 = LINE('',#3368,#3369);
#3368 = CARTESIAN_POINT('',(25.550647712475,2.699331321881,0.));
#3369 = VECTOR('',#3370,1.);
#3370 = DIRECTION('',(0.,0.,1.));
#3371 = ORIENTED_EDGE('',*,*,#3372,.T.);
#3372 = EDGE_CURVE('',#3365,#3325,#3373,.T.);
#3373 = LINE('',#3374,#3375);
#3374 = CARTESIAN_POINT('',(25.550647712475,2.699331321881,45.));
#3375 = VECTOR('',#3376,1.);
#3376 = DIRECTION('',(0.,-1.,0.));
#3377 = ORIENTED_EDGE('',*,*,#3322,.F.);
#3378 = ORIENTED_EDGE('',*,*,#3379,.F.);
#3379 = EDGE_CURVE('',#3363,#3323,#3380,.T.);
#3380 = LINE('',#3381,#3382);
#3381 = CARTESIAN_POINT('',(25.550647712475,2.699331321881,0.));
#3382 = VECTOR('',#3383,1.);
#3383 = DIRECTION('',(0.,-1.,0.));
#3384 = PLANE('',#3385);
#3385 = AXIS2_PLACEMENT_3D('',#3386,#3387,#3388);
#3386 = CARTESIAN_POINT('',(25.550647712475,2.699331321881,0.));
#3387 = DIRECTION('',(1.,0.,0.));
#3388 = DIRECTION('',(0.,-1.,0.));
#3389 = ADVANCED_FACE('',(#3390),#3415,.F.);
#3390 = FACE_BOUND('',#3391,.F.);
#3391 = EDGE_LOOP('',(#3392,#3393,#3401,#3409));
#3392 = ORIENTED_EDGE('',*,*,#3340,.T.);
#3393 = ORIENTED_EDGE('',*,*,#3394,.T.);
#3394 = EDGE_CURVE('',#3333,#3395,#3397,.T.);
#3395 = VERTEX_POINT('',#3396);
#3396 = CARTESIAN_POINT('',(32.550647712475,2.699331321881,45.));
#3397 = LINE('',#3398,#3399);
#3398 = CARTESIAN_POINT('',(32.550647712475,-61.30066867811,45.));
#3399 = VECTOR('',#3400,1.);
#3400 = DIRECTION('',(0.,1.,0.));
#3401 = ORIENTED_EDGE('',*,*,#3402,.F.);
#3402 = EDGE_CURVE('',#3403,#3395,#3405,.T.);
#3403 = VERTEX_POINT('',#3404);
#3404 = CARTESIAN_POINT('',(32.550647712475,2.699331321881,0.));
#3405 = LINE('',#3406,#3407);
#3406 = CARTESIAN_POINT('',(32.550647712475,2.699331321881,0.));
#3407 = VECTOR('',#3408,1.);
#3408 = DIRECTION('',(0.,0.,1.));
#3409 = ORIENTED_EDGE('',*,*,#3410,.F.);
#3410 = EDGE_CURVE('',#3341,#3403,#3411,.T.);
#3411 = LINE('',#3412,#3413);
#3412 = CARTESIAN_POINT('',(32.550647712475,-61.30066867811,0.));
#3413 = VECTOR('',#3414,1.);
#3414 = DIRECTION('',(0.,1.,0.));
#3415 = PLANE('',#3416);
#3416 = AXIS2_PLACEMENT_3D('',#3417,#3418,#3419);
#3417 = CARTESIAN_POINT('',(32.550647712475,-61.30066867811,0.));
#3418 = DIRECTION('',(-1.,0.,0.));
#3419 = DIRECTION('',(0.,1.,0.));
#3420 = ADVANCED_FACE('',(#3421),#3432,.F.);
#3421 = FACE_BOUND('',#3422,.F.);
#3422 = EDGE_LOOP('',(#3423,#3424,#3425,#3431));
#3423 = ORIENTED_EDGE('',*,*,#3348,.T.);
#3424 = ORIENTED_EDGE('',*,*,#3410,.T.);
#3425 = ORIENTED_EDGE('',*,*,#3426,.T.);
#3426 = EDGE_CURVE('',#3403,#3363,#3427,.T.);
#3427 = LINE('',#3428,#3429);
#3428 = CARTESIAN_POINT('',(32.550647712475,2.699331321881,0.));
#3429 = VECTOR('',#3430,1.);
#3430 = DIRECTION('',(-1.,0.,0.));
#3431 = ORIENTED_EDGE('',*,*,#3379,.T.);
#3432 = PLANE('',#3433);
#3433 = AXIS2_PLACEMENT_3D('',#3434,#3435,#3436);
#3434 = CARTESIAN_POINT('',(6.922861520632E-02,-29.32148101803,0.));
#3435 = DIRECTION('',(0.,0.,1.));
#3436 = DIRECTION('',(1.,0.,0.));
#3437 = ADVANCED_FACE('',(#3438,#3449,#3483),#3517,.T.);
#3438 = FACE_BOUND('',#3439,.T.);
#3439 = EDGE_LOOP('',(#3440,#3441,#3442,#3448));
#3440 = ORIENTED_EDGE('',*,*,#3332,.T.);
#3441 = ORIENTED_EDGE('',*,*,#3394,.T.);
#3442 = ORIENTED_EDGE('',*,*,#3443,.T.);
#3443 = EDGE_CURVE('',#3395,#3365,#3444,.T.);
#3444 = LINE('',#3445,#3446);
#3445 = CARTESIAN_POINT('',(32.550647712475,2.699331321881,45.));
#3446 = VECTOR('',#3447,1.);
#3447 = DIRECTION('',(-1.,0.,0.));
#3448 = ORIENTED_EDGE('',*,*,#3372,.T.);
#3449 = FACE_BOUND('',#3450,.T.);
#3450 = EDGE_LOOP('',(#3451,#3461,#3469,#3477));
#3451 = ORIENTED_EDGE('',*,*,#3452,.T.);
#3452 = EDGE_CURVE('',#3453,#3455,#3457,.T.);
#3453 = VERTEX_POINT('',#3454);
#3454 = CARTESIAN_POINT('',(32.243053600677,-42.3429,45.));
#3455 = VERTEX_POINT('',#3456);
#3456 = CARTESIAN_POINT('',(28.243053600677,-42.3429,45.));
#3457 = LINE('',#3458,#3459);
#3458 = CARTESIAN_POINT('',(14.156141107942,-42.3429,45.));
#3459 = VECTOR('',#3460,1.);
#3460 = DIRECTION('',(-1.,0.,0.));
#3461 = ORIENTED_EDGE('',*,*,#3462,.T.);
#3462 = EDGE_CURVE('',#3455,#3463,#3465,.T.);
#3463 = VERTEX_POINT('',#3464);
#3464 = CARTESIAN_POINT('',(28.243053600677,-32.3429,45.));
#3465 = LINE('',#3466,#3467);
#3466 = CARTESIAN_POINT('',(28.243053600677,-35.83219050901,45.));
#3467 = VECTOR('',#3468,1.);
#3468 = DIRECTION('',(0.,1.,0.));
#3469 = ORIENTED_EDGE('',*,*,#3470,.F.);
#3470 = EDGE_CURVE('',#3471,#3463,#3473,.T.);
#3471 = VERTEX_POINT('',#3472);
#3472 = CARTESIAN_POINT('',(32.243053600677,-32.3429,45.));
#3473 = LINE('',#3474,#3475);
#3474 = CARTESIAN_POINT('',(14.156141107942,-32.3429,45.));
#3475 = VECTOR('',#3476,1.);
#3476 = DIRECTION('',(-1.,0.,0.));
#3477 = ORIENTED_EDGE('',*,*,#3478,.F.);
#3478 = EDGE_CURVE('',#3453,#3471,#3479,.T.);
#3479 = LINE('',#3480,#3481);
#3480 = CARTESIAN_POINT('',(32.243053600677,-35.83219050901,45.));
#3481 = VECTOR('',#3482,1.);
#3482 = DIRECTION('',(0.,1.,0.));
#3483 = FACE_BOUND('',#3484,.T.);
#3484 = EDGE_LOOP('',(#3485,#3495,#3503,#3511));
#3485 = ORIENTED_EDGE('',*,*,#3486,.F.);
#3486 = EDGE_CURVE('',#3487,#3489,#3491,.T.);
#3487 = VERTEX_POINT('',#3488);
#3488 = CARTESIAN_POINT('',(28.243053600677,-13.3429,45.));
#3489 = VERTEX_POINT('',#3490);
#3490 = CARTESIAN_POINT('',(32.243053600677,-13.3429,45.));
#3491 = LINE('',#3492,#3493);
#3492 = CARTESIAN_POINT('',(28.243053600677,-13.3429,45.));
#3493 = VECTOR('',#3494,1.);
#3494 = DIRECTION('',(1.,0.,0.));
#3495 = ORIENTED_EDGE('',*,*,#3496,.T.);
#3496 = EDGE_CURVE('',#3487,#3497,#3499,.T.);
#3497 = VERTEX_POINT('',#3498);
#3498 = CARTESIAN_POINT('',(28.243053600677,-3.3429,45.));
#3499 = LINE('',#3500,#3501);
#3500 = CARTESIAN_POINT('',(28.243053600677,-13.3429,45.));
#3501 = VECTOR('',#3502,1.);
#3502 = DIRECTION('',(0.,1.,0.));
#3503 = ORIENTED_EDGE('',*,*,#3504,.T.);
#3504 = EDGE_CURVE('',#3497,#3505,#3507,.T.);
#3505 = VERTEX_POINT('',#3506);
#3506 = CARTESIAN_POINT('',(32.243053600677,-3.3429,45.));
#3507 = LINE('',#3508,#3509);
#3508 = CARTESIAN_POINT('',(28.243053600677,-3.3429,45.));
#3509 = VECTOR('',#3510,1.);
#3510 = DIRECTION('',(1.,0.,0.));
#3511 = ORIENTED_EDGE('',*,*,#3512,.F.);
#3512 = EDGE_CURVE('',#3489,#3505,#3513,.T.);
#3513 = LINE('',#3514,#3515);
#3514 = CARTESIAN_POINT('',(32.243053600677,-13.3429,45.));
#3515 = VECTOR('',#3516,1.);
#3516 = DIRECTION('',(0.,1.,0.));
#3517 = PLANE('',#3518);
#3518 = AXIS2_PLACEMENT_3D('',#3519,#3520,#3521);
#3519 = CARTESIAN_POINT('',(6.922861520632E-02,-29.32148101803,45.));
#3520 = DIRECTION('',(0.,0.,1.));
#3521 = DIRECTION('',(1.,0.,0.));
#3522 = ADVANCED_FACE('',(#3523),#3529,.F.);
#3523 = FACE_BOUND('',#3524,.F.);
#3524 = EDGE_LOOP('',(#3525,#3526,#3527,#3528));
#3525 = ORIENTED_EDGE('',*,*,#3402,.T.);
#3526 = ORIENTED_EDGE('',*,*,#3443,.T.);
#3527 = ORIENTED_EDGE('',*,*,#3362,.F.);
#3528 = ORIENTED_EDGE('',*,*,#3426,.F.);
#3529 = PLANE('',#3530);
#3530 = AXIS2_PLACEMENT_3D('',#3531,#3532,#3533);
#3531 = CARTESIAN_POINT('',(32.550647712475,2.699331321881,0.));
#3532 = DIRECTION('',(0.,-1.,0.));
#3533 = DIRECTION('',(-1.,0.,0.));
#3534 = ADVANCED_FACE('',(#3535),#3560,.T.);
#3535 = FACE_BOUND('',#3536,.T.);
#3536 = EDGE_LOOP('',(#3537,#3545,#3553,#3559));
#3537 = ORIENTED_EDGE('',*,*,#3538,.F.);
#3538 = EDGE_CURVE('',#3539,#3453,#3541,.T.);
#3539 = VERTEX_POINT('',#3540);
#3540 = CARTESIAN_POINT('',(32.243053600677,-42.3429,36.));
#3541 = LINE('',#3542,#3543);
#3542 = CARTESIAN_POINT('',(32.243053600677,-42.3429,36.));
#3543 = VECTOR('',#3544,1.);
#3544 = DIRECTION('',(0.,0.,1.));
#3545 = ORIENTED_EDGE('',*,*,#3546,.F.);
#3546 = EDGE_CURVE('',#3547,#3539,#3549,.T.);
#3547 = VERTEX_POINT('',#3548);
#3548 = CARTESIAN_POINT('',(28.243053600677,-42.3429,36.));
#3549 = LINE('',#3550,#3551);
#3550 = CARTESIAN_POINT('',(28.243053600677,-42.3429,36.));
#3551 = VECTOR('',#3552,1.);
#3552 = DIRECTION('',(1.,0.,0.));
#3553 = ORIENTED_EDGE('',*,*,#3554,.T.);
#3554 = EDGE_CURVE('',#3547,#3455,#3555,.T.);
#3555 = LINE('',#3556,#3557);
#3556 = CARTESIAN_POINT('',(28.243053600677,-42.3429,36.));
#3557 = VECTOR('',#3558,1.);
#3558 = DIRECTION('',(0.,0.,1.));
#3559 = ORIENTED_EDGE('',*,*,#3452,.F.);
#3560 = PLANE('',#3561);
#3561 = AXIS2_PLACEMENT_3D('',#3562,#3563,#3564);
#3562 = CARTESIAN_POINT('',(28.243053600677,-42.3429,36.));
#3563 = DIRECTION('',(0.,1.,0.));
#3564 = DIRECTION('',(0.,0.,1.));
#3565 = ADVANCED_FACE('',(#3566),#3584,.F.);
#3566 = FACE_BOUND('',#3567,.F.);
#3567 = EDGE_LOOP('',(#3568,#3569,#3577,#3583));
#3568 = ORIENTED_EDGE('',*,*,#3538,.F.);
#3569 = ORIENTED_EDGE('',*,*,#3570,.T.);
#3570 = EDGE_CURVE('',#3539,#3571,#3573,.T.);
#3571 = VERTEX_POINT('',#3572);
#3572 = CARTESIAN_POINT('',(32.243053600677,-32.3429,36.));
#3573 = LINE('',#3574,#3575);
#3574 = CARTESIAN_POINT('',(32.243053600677,-42.3429,36.));
#3575 = VECTOR('',#3576,1.);
#3576 = DIRECTION('',(0.,1.,0.));
#3577 = ORIENTED_EDGE('',*,*,#3578,.T.);
#3578 = EDGE_CURVE('',#3571,#3471,#3579,.T.);
#3579 = LINE('',#3580,#3581);
#3580 = CARTESIAN_POINT('',(32.243053600677,-32.3429,36.));
#3581 = VECTOR('',#3582,1.);
#3582 = DIRECTION('',(0.,0.,1.));
#3583 = ORIENTED_EDGE('',*,*,#3478,.F.);
#3584 = PLANE('',#3585);
#3585 = AXIS2_PLACEMENT_3D('',#3586,#3587,#3588);
#3586 = CARTESIAN_POINT('',(32.243053600677,-42.3429,36.));
#3587 = DIRECTION('',(1.,0.,0.));
#3588 = DIRECTION('',(0.,0.,1.));
#3589 = ADVANCED_FACE('',(#3590),#3608,.T.);
#3590 = FACE_BOUND('',#3591,.T.);
#3591 = EDGE_LOOP('',(#3592,#3593,#3601,#3607));
#3592 = ORIENTED_EDGE('',*,*,#3554,.F.);
#3593 = ORIENTED_EDGE('',*,*,#3594,.T.);
#3594 = EDGE_CURVE('',#3547,#3595,#3597,.T.);
#3595 = VERTEX_POINT('',#3596);
#3596 = CARTESIAN_POINT('',(28.243053600677,-32.3429,36.));
#3597 = LINE('',#3598,#3599);
#3598 = CARTESIAN_POINT('',(28.243053600677,-42.3429,36.));
#3599 = VECTOR('',#3600,1.);
#3600 = DIRECTION('',(0.,1.,0.));
#3601 = ORIENTED_EDGE('',*,*,#3602,.T.);
#3602 = EDGE_CURVE('',#3595,#3463,#3603,.T.);
#3603 = LINE('',#3604,#3605);
#3604 = CARTESIAN_POINT('',(28.243053600677,-32.3429,36.));
#3605 = VECTOR('',#3606,1.);
#3606 = DIRECTION('',(0.,0.,1.));
#3607 = ORIENTED_EDGE('',*,*,#3462,.F.);
#3608 = PLANE('',#3609);
#3609 = AXIS2_PLACEMENT_3D('',#3610,#3611,#3612);
#3610 = CARTESIAN_POINT('',(28.243053600677,-42.3429,36.));
#3611 = DIRECTION('',(1.,0.,0.));
#3612 = DIRECTION('',(0.,0.,1.));
#3613 = ADVANCED_FACE('',(#3614),#3625,.F.);
#3614 = FACE_BOUND('',#3615,.F.);
#3615 = EDGE_LOOP('',(#3616,#3617,#3623,#3624));
#3616 = ORIENTED_EDGE('',*,*,#3578,.F.);
#3617 = ORIENTED_EDGE('',*,*,#3618,.F.);
#3618 = EDGE_CURVE('',#3595,#3571,#3619,.T.);
#3619 = LINE('',#3620,#3621);
#3620 = CARTESIAN_POINT('',(28.243053600677,-32.3429,36.));
#3621 = VECTOR('',#3622,1.);
#3622 = DIRECTION('',(1.,0.,0.));
#3623 = ORIENTED_EDGE('',*,*,#3602,.T.);
#3624 = ORIENTED_EDGE('',*,*,#3470,.F.);
#3625 = PLANE('',#3626);
#3626 = AXIS2_PLACEMENT_3D('',#3627,#3628,#3629);
#3627 = CARTESIAN_POINT('',(28.243053600677,-32.3429,36.));
#3628 = DIRECTION('',(0.,1.,0.));
#3629 = DIRECTION('',(0.,0.,1.));
#3630 = ADVANCED_FACE('',(#3631),#3656,.T.);
#3631 = FACE_BOUND('',#3632,.T.);
#3632 = EDGE_LOOP('',(#3633,#3643,#3649,#3650));
#3633 = ORIENTED_EDGE('',*,*,#3634,.F.);
#3634 = EDGE_CURVE('',#3635,#3637,#3639,.T.);
#3635 = VERTEX_POINT('',#3636);
#3636 = CARTESIAN_POINT('',(28.243053600677,-13.3429,35.));
#3637 = VERTEX_POINT('',#3638);
#3638 = CARTESIAN_POINT('',(32.243053600677,-13.3429,35.));
#3639 = LINE('',#3640,#3641);
#3640 = CARTESIAN_POINT('',(28.243053600677,-13.3429,35.));
#3641 = VECTOR('',#3642,1.);
#3642 = DIRECTION('',(1.,0.,0.));
#3643 = ORIENTED_EDGE('',*,*,#3644,.T.);
#3644 = EDGE_CURVE('',#3635,#3487,#3645,.T.);
#3645 = LINE('',#3646,#3647);
#3646 = CARTESIAN_POINT('',(28.243053600677,-13.3429,35.));
#3647 = VECTOR('',#3648,1.);
#3648 = DIRECTION('',(0.,0.,1.));
#3649 = ORIENTED_EDGE('',*,*,#3486,.T.);
#3650 = ORIENTED_EDGE('',*,*,#3651,.F.);
#3651 = EDGE_CURVE('',#3637,#3489,#3652,.T.);
#3652 = LINE('',#3653,#3654);
#3653 = CARTESIAN_POINT('',(32.243053600677,-13.3429,35.));
#3654 = VECTOR('',#3655,1.);
#3655 = DIRECTION('',(0.,0.,1.));
#3656 = PLANE('',#3657);
#3657 = AXIS2_PLACEMENT_3D('',#3658,#3659,#3660);
#3658 = CARTESIAN_POINT('',(28.243053600677,-13.3429,35.));
#3659 = DIRECTION('',(0.,1.,0.));
#3660 = DIRECTION('',(0.,-0.,1.));
#3661 = ADVANCED_FACE('',(#3662),#3680,.F.);
#3662 = FACE_BOUND('',#3663,.F.);
#3663 = EDGE_LOOP('',(#3664,#3665,#3673,#3679));
#3664 = ORIENTED_EDGE('',*,*,#3651,.F.);
#3665 = ORIENTED_EDGE('',*,*,#3666,.T.);
#3666 = EDGE_CURVE('',#3637,#3667,#3669,.T.);
#3667 = VERTEX_POINT('',#3668);
#3668 = CARTESIAN_POINT('',(32.243053600677,-3.3429,35.));
#3669 = LINE('',#3670,#3671);
#3670 = CARTESIAN_POINT('',(32.243053600677,-13.3429,35.));
#3671 = VECTOR('',#3672,1.);
#3672 = DIRECTION('',(0.,1.,0.));
#3673 = ORIENTED_EDGE('',*,*,#3674,.T.);
#3674 = EDGE_CURVE('',#3667,#3505,#3675,.T.);
#3675 = LINE('',#3676,#3677);
#3676 = CARTESIAN_POINT('',(32.243053600677,-3.3429,35.));
#3677 = VECTOR('',#3678,1.);
#3678 = DIRECTION('',(0.,0.,1.));
#3679 = ORIENTED_EDGE('',*,*,#3512,.F.);
#3680 = PLANE('',#3681);
#3681 = AXIS2_PLACEMENT_3D('',#3682,#3683,#3684);
#3682 = CARTESIAN_POINT('',(32.243053600677,-13.3429,35.));
#3683 = DIRECTION('',(1.,0.,0.));
#3684 = DIRECTION('',(0.,0.,1.));
#3685 = ADVANCED_FACE('',(#3686),#3704,.F.);
#3686 = FACE_BOUND('',#3687,.F.);
#3687 = EDGE_LOOP('',(#3688,#3696,#3702,#3703));
#3688 = ORIENTED_EDGE('',*,*,#3689,.F.);
#3689 = EDGE_CURVE('',#3690,#3667,#3692,.T.);
#3690 = VERTEX_POINT('',#3691);
#3691 = CARTESIAN_POINT('',(28.243053600677,-3.3429,35.));
#3692 = LINE('',#3693,#3694);
#3693 = CARTESIAN_POINT('',(28.243053600677,-3.3429,35.));
#3694 = VECTOR('',#3695,1.);
#3695 = DIRECTION('',(1.,0.,0.));
#3696 = ORIENTED_EDGE('',*,*,#3697,.T.);
#3697 = EDGE_CURVE('',#3690,#3497,#3698,.T.);
#3698 = LINE('',#3699,#3700);
#3699 = CARTESIAN_POINT('',(28.243053600677,-3.3429,35.));
#3700 = VECTOR('',#3701,1.);
#3701 = DIRECTION('',(0.,0.,1.));
#3702 = ORIENTED_EDGE('',*,*,#3504,.T.);
#3703 = ORIENTED_EDGE('',*,*,#3674,.F.);
#3704 = PLANE('',#3705);
#3705 = AXIS2_PLACEMENT_3D('',#3706,#3707,#3708);
#3706 = CARTESIAN_POINT('',(28.243053600677,-3.3429,35.));
#3707 = DIRECTION('',(0.,1.,0.));
#3708 = DIRECTION('',(0.,-0.,1.));
#3709 = ADVANCED_FACE('',(#3710),#3721,.T.);
#3710 = FACE_BOUND('',#3711,.T.);
#3711 = EDGE_LOOP('',(#3712,#3713,#3719,#3720));
#3712 = ORIENTED_EDGE('',*,*,#3644,.F.);
#3713 = ORIENTED_EDGE('',*,*,#3714,.T.);
#3714 = EDGE_CURVE('',#3635,#3690,#3715,.T.);
#3715 = LINE('',#3716,#3717);
#3716 = CARTESIAN_POINT('',(28.243053600677,-13.3429,35.));
#3717 = VECTOR('',#3718,1.);
#3718 = DIRECTION('',(0.,1.,0.));
#3719 = ORIENTED_EDGE('',*,*,#3697,.T.);
#3720 = ORIENTED_EDGE('',*,*,#3496,.F.);
#3721 = PLANE('',#3722);
#3722 = AXIS2_PLACEMENT_3D('',#3723,#3724,#3725);
#3723 = CARTESIAN_POINT('',(28.243053600677,-13.3429,35.));
#3724 = DIRECTION('',(1.,0.,0.));
#3725 = DIRECTION('',(0.,0.,1.));
#3726 = ADVANCED_FACE('',(#3727),#3733,.T.);
#3727 = FACE_BOUND('',#3728,.T.);
#3728 = EDGE_LOOP('',(#3729,#3730,#3731,#3732));
#3729 = ORIENTED_EDGE('',*,*,#3594,.F.);
#3730 = ORIENTED_EDGE('',*,*,#3546,.T.);
#3731 = ORIENTED_EDGE('',*,*,#3570,.T.);
#3732 = ORIENTED_EDGE('',*,*,#3618,.F.);
#3733 = PLANE('',#3734);
#3734 = AXIS2_PLACEMENT_3D('',#3735,#3736,#3737);
#3735 = CARTESIAN_POINT('',(28.243053600677,-42.3429,36.));
#3736 = DIRECTION('',(0.,0.,1.));
#3737 = DIRECTION('',(1.,0.,0.));
#3738 = ADVANCED_FACE('',(#3739),#3745,.T.);
#3739 = FACE_BOUND('',#3740,.T.);
#3740 = EDGE_LOOP('',(#3741,#3742,#3743,#3744));
#3741 = ORIENTED_EDGE('',*,*,#3714,.F.);
#3742 = ORIENTED_EDGE('',*,*,#3634,.T.);
#3743 = ORIENTED_EDGE('',*,*,#3666,.T.);
#3744 = ORIENTED_EDGE('',*,*,#3689,.F.);
#3745 = PLANE('',#3746);
#3746 = AXIS2_PLACEMENT_3D('',#3747,#3748,#3749);
#3747 = CARTESIAN_POINT('',(28.243053600677,-13.3429,35.));
#3748 = DIRECTION('',(0.,0.,1.));
#3749 = DIRECTION('',(1.,0.,-0.));
#3750 = MANIFOLD_SOLID_BREP('',#3751);
#3751 = CLOSED_SHELL('',(#3752,#3856,#3887,#3911,#3981,#4005,#4029,#4046
    ,#4070,#4094,#4111,#4128,#4140,#4152));
#3752 = ADVANCED_FACE('',(#3753),#3851,.F.);
#3753 = FACE_BOUND('',#3754,.F.);
#3754 = EDGE_LOOP('',(#3755,#3765,#3773,#3781,#3789,#3797,#3805,#3813,
    #3821,#3829,#3837,#3845));
#3755 = ORIENTED_EDGE('',*,*,#3756,.F.);
#3756 = EDGE_CURVE('',#3757,#3759,#3761,.T.);
#3757 = VERTEX_POINT('',#3758);
#3758 = CARTESIAN_POINT('',(-32.25149279864,2.6571,0.));
#3759 = VERTEX_POINT('',#3760);
#3760 = CARTESIAN_POINT('',(-32.25149279864,-61.3429,0.));
#3761 = LINE('',#3762,#3763);
#3762 = CARTESIAN_POINT('',(-32.25149279864,2.6571,0.));
#3763 = VECTOR('',#3764,1.);
#3764 = DIRECTION('',(0.,-1.,0.));
#3765 = ORIENTED_EDGE('',*,*,#3766,.T.);
#3766 = EDGE_CURVE('',#3757,#3767,#3769,.T.);
#3767 = VERTEX_POINT('',#3768);
#3768 = CARTESIAN_POINT('',(-32.25149279864,2.6571,45.));
#3769 = LINE('',#3770,#3771);
#3770 = CARTESIAN_POINT('',(-32.25149279864,2.6571,0.));
#3771 = VECTOR('',#3772,1.);
#3772 = DIRECTION('',(0.,0.,1.));
#3773 = ORIENTED_EDGE('',*,*,#3774,.T.);
#3774 = EDGE_CURVE('',#3767,#3775,#3777,.T.);
#3775 = VERTEX_POINT('',#3776);
#3776 = CARTESIAN_POINT('',(-32.25149279864,-3.3429,45.));
#3777 = LINE('',#3778,#3779);
#3778 = CARTESIAN_POINT('',(-32.25149279864,2.6571,45.));
#3779 = VECTOR('',#3780,1.);
#3780 = DIRECTION('',(0.,-1.,0.));
#3781 = ORIENTED_EDGE('',*,*,#3782,.F.);
#3782 = EDGE_CURVE('',#3783,#3775,#3785,.T.);
#3783 = VERTEX_POINT('',#3784);
#3784 = CARTESIAN_POINT('',(-32.25149279864,-3.3429,35.));
#3785 = LINE('',#3786,#3787);
#3786 = CARTESIAN_POINT('',(-32.25149279864,-3.3429,17.5));
#3787 = VECTOR('',#3788,1.);
#3788 = DIRECTION('',(0.,0.,1.));
#3789 = ORIENTED_EDGE('',*,*,#3790,.T.);
#3790 = EDGE_CURVE('',#3783,#3791,#3793,.T.);
#3791 = VERTEX_POINT('',#3792);
#3792 = CARTESIAN_POINT('',(-32.25149279864,-13.3429,35.));
#3793 = LINE('',#3794,#3795);
#3794 = CARTESIAN_POINT('',(-32.25149279864,-5.3429,35.));
#3795 = VECTOR('',#3796,1.);
#3796 = DIRECTION('',(0.,-1.,0.));
#3797 = ORIENTED_EDGE('',*,*,#3798,.T.);
#3798 = EDGE_CURVE('',#3791,#3799,#3801,.T.);
#3799 = VERTEX_POINT('',#3800);
#3800 = CARTESIAN_POINT('',(-32.25149279864,-13.3429,45.));
#3801 = LINE('',#3802,#3803);
#3802 = CARTESIAN_POINT('',(-32.25149279864,-13.3429,17.5));
#3803 = VECTOR('',#3804,1.);
#3804 = DIRECTION('',(0.,0.,1.));
#3805 = ORIENTED_EDGE('',*,*,#3806,.T.);
#3806 = EDGE_CURVE('',#3799,#3807,#3809,.T.);
#3807 = VERTEX_POINT('',#3808);
#3808 = CARTESIAN_POINT('',(-32.25149279864,-32.3429,45.));
#3809 = LINE('',#3810,#3811);
#3810 = CARTESIAN_POINT('',(-32.25149279864,2.6571,45.));
#3811 = VECTOR('',#3812,1.);
#3812 = DIRECTION('',(0.,-1.,0.));
#3813 = ORIENTED_EDGE('',*,*,#3814,.F.);
#3814 = EDGE_CURVE('',#3815,#3807,#3817,.T.);
#3815 = VERTEX_POINT('',#3816);
#3816 = CARTESIAN_POINT('',(-32.25149279864,-32.3429,35.));
#3817 = LINE('',#3818,#3819);
#3818 = CARTESIAN_POINT('',(-32.25149279864,-32.3429,17.5));
#3819 = VECTOR('',#3820,1.);
#3820 = DIRECTION('',(0.,0.,1.));
#3821 = ORIENTED_EDGE('',*,*,#3822,.T.);
#3822 = EDGE_CURVE('',#3815,#3823,#3825,.T.);
#3823 = VERTEX_POINT('',#3824);
#3824 = CARTESIAN_POINT('',(-32.25149279864,-42.3429,35.));
#3825 = LINE('',#3826,#3827);
#3826 = CARTESIAN_POINT('',(-32.25149279864,-19.8429,35.));
#3827 = VECTOR('',#3828,1.);
#3828 = DIRECTION('',(0.,-1.,0.));
#3829 = ORIENTED_EDGE('',*,*,#3830,.T.);
#3830 = EDGE_CURVE('',#3823,#3831,#3833,.T.);
#3831 = VERTEX_POINT('',#3832);
#3832 = CARTESIAN_POINT('',(-32.25149279864,-42.3429,45.));
#3833 = LINE('',#3834,#3835);
#3834 = CARTESIAN_POINT('',(-32.25149279864,-42.3429,17.5));
#3835 = VECTOR('',#3836,1.);
#3836 = DIRECTION('',(0.,0.,1.));
#3837 = ORIENTED_EDGE('',*,*,#3838,.T.);
#3838 = EDGE_CURVE('',#3831,#3839,#3841,.T.);
#3839 = VERTEX_POINT('',#3840);
#3840 = CARTESIAN_POINT('',(-32.25149279864,-61.3429,45.));
#3841 = LINE('',#3842,#3843);
#3842 = CARTESIAN_POINT('',(-32.25149279864,2.6571,45.));
#3843 = VECTOR('',#3844,1.);
#3844 = DIRECTION('',(0.,-1.,0.));
#3845 = ORIENTED_EDGE('',*,*,#3846,.F.);
#3846 = EDGE_CURVE('',#3759,#3839,#3847,.T.);
#3847 = LINE('',#3848,#3849);
#3848 = CARTESIAN_POINT('',(-32.25149279864,-61.3429,0.));
#3849 = VECTOR('',#3850,1.);
#3850 = DIRECTION('',(0.,0.,1.));
#3851 = PLANE('',#3852);
#3852 = AXIS2_PLACEMENT_3D('',#3853,#3854,#3855);
#3853 = CARTESIAN_POINT('',(-32.25149279864,2.6571,0.));
#3854 = DIRECTION('',(1.,0.,0.));
#3855 = DIRECTION('',(0.,-1.,0.));
#3856 = ADVANCED_FACE('',(#3857),#3882,.F.);
#3857 = FACE_BOUND('',#3858,.F.);
#3858 = EDGE_LOOP('',(#3859,#3860,#3868,#3876));
#3859 = ORIENTED_EDGE('',*,*,#3756,.T.);
#3860 = ORIENTED_EDGE('',*,*,#3861,.T.);
#3861 = EDGE_CURVE('',#3759,#3862,#3864,.T.);
#3862 = VERTEX_POINT('',#3863);
#3863 = CARTESIAN_POINT('',(-27.2624,-61.3429,0.));
#3864 = LINE('',#3865,#3866);
#3865 = CARTESIAN_POINT('',(-32.25149279864,-61.3429,0.));
#3866 = VECTOR('',#3867,1.);
#3867 = DIRECTION('',(1.,0.,0.));
#3868 = ORIENTED_EDGE('',*,*,#3869,.T.);
#3869 = EDGE_CURVE('',#3862,#3870,#3872,.T.);
#3870 = VERTEX_POINT('',#3871);
#3871 = CARTESIAN_POINT('',(-27.2624,2.6571,0.));
#3872 = LINE('',#3873,#3874);
#3873 = CARTESIAN_POINT('',(-27.2624,-61.3429,0.));
#3874 = VECTOR('',#3875,1.);
#3875 = DIRECTION('',(0.,1.,0.));
#3876 = ORIENTED_EDGE('',*,*,#3877,.T.);
#3877 = EDGE_CURVE('',#3870,#3757,#3878,.T.);
#3878 = LINE('',#3879,#3880);
#3879 = CARTESIAN_POINT('',(-27.2624,2.6571,0.));
#3880 = VECTOR('',#3881,1.);
#3881 = DIRECTION('',(-1.,0.,0.));
#3882 = PLANE('',#3883);
#3883 = AXIS2_PLACEMENT_3D('',#3884,#3885,#3886);
#3884 = CARTESIAN_POINT('',(6.922861520632E-02,-29.32148101803,0.));
#3885 = DIRECTION('',(0.,0.,1.));
#3886 = DIRECTION('',(1.,0.,0.));
#3887 = ADVANCED_FACE('',(#3888),#3906,.F.);
#3888 = FACE_BOUND('',#3889,.F.);
#3889 = EDGE_LOOP('',(#3890,#3891,#3899,#3905));
#3890 = ORIENTED_EDGE('',*,*,#3846,.T.);
#3891 = ORIENTED_EDGE('',*,*,#3892,.T.);
#3892 = EDGE_CURVE('',#3839,#3893,#3895,.T.);
#3893 = VERTEX_POINT('',#3894);
#3894 = CARTESIAN_POINT('',(-27.2624,-61.3429,45.));
#3895 = LINE('',#3896,#3897);
#3896 = CARTESIAN_POINT('',(-32.25149279864,-61.3429,45.));
#3897 = VECTOR('',#3898,1.);
#3898 = DIRECTION('',(1.,0.,0.));
#3899 = ORIENTED_EDGE('',*,*,#3900,.F.);
#3900 = EDGE_CURVE('',#3862,#3893,#3901,.T.);
#3901 = LINE('',#3902,#3903);
#3902 = CARTESIAN_POINT('',(-27.2624,-61.3429,0.));
#3903 = VECTOR('',#3904,1.);
#3904 = DIRECTION('',(0.,0.,1.));
#3905 = ORIENTED_EDGE('',*,*,#3861,.F.);
#3906 = PLANE('',#3907);
#3907 = AXIS2_PLACEMENT_3D('',#3908,#3909,#3910);
#3908 = CARTESIAN_POINT('',(-32.25149279864,-61.3429,0.));
#3909 = DIRECTION('',(0.,1.,0.));
#3910 = DIRECTION('',(1.,0.,0.));
#3911 = ADVANCED_FACE('',(#3912),#3976,.T.);
#3912 = FACE_BOUND('',#3913,.T.);
#3913 = EDGE_LOOP('',(#3914,#3922,#3928,#3929,#3937,#3945,#3951,#3952,
    #3960,#3968,#3974,#3975));
#3914 = ORIENTED_EDGE('',*,*,#3915,.T.);
#3915 = EDGE_CURVE('',#3893,#3916,#3918,.T.);
#3916 = VERTEX_POINT('',#3917);
#3917 = CARTESIAN_POINT('',(-27.2624,2.6571,45.));
#3918 = LINE('',#3919,#3920);
#3919 = CARTESIAN_POINT('',(-27.2624,-61.3429,45.));
#3920 = VECTOR('',#3921,1.);
#3921 = DIRECTION('',(0.,1.,0.));
#3922 = ORIENTED_EDGE('',*,*,#3923,.T.);
#3923 = EDGE_CURVE('',#3916,#3767,#3924,.T.);
#3924 = LINE('',#3925,#3926);
#3925 = CARTESIAN_POINT('',(-27.2624,2.6571,45.));
#3926 = VECTOR('',#3927,1.);
#3927 = DIRECTION('',(-1.,0.,0.));
#3928 = ORIENTED_EDGE('',*,*,#3774,.T.);
#3929 = ORIENTED_EDGE('',*,*,#3930,.T.);
#3930 = EDGE_CURVE('',#3775,#3931,#3933,.T.);
#3931 = VERTEX_POINT('',#3932);
#3932 = CARTESIAN_POINT('',(-28.75694639932,-3.3429,45.));
#3933 = LINE('',#3934,#3935);
#3934 = CARTESIAN_POINT('',(-32.75694639932,-3.3429,45.));
#3935 = VECTOR('',#3936,1.);
#3936 = DIRECTION('',(1.,0.,0.));
#3937 = ORIENTED_EDGE('',*,*,#3938,.F.);
#3938 = EDGE_CURVE('',#3939,#3931,#3941,.T.);
#3939 = VERTEX_POINT('',#3940);
#3940 = CARTESIAN_POINT('',(-28.75694639932,-13.3429,45.));
#3941 = LINE('',#3942,#3943);
#3942 = CARTESIAN_POINT('',(-28.75694639932,-13.3429,45.));
#3943 = VECTOR('',#3944,1.);
#3944 = DIRECTION('',(0.,1.,0.));
#3945 = ORIENTED_EDGE('',*,*,#3946,.F.);
#3946 = EDGE_CURVE('',#3799,#3939,#3947,.T.);
#3947 = LINE('',#3948,#3949);
#3948 = CARTESIAN_POINT('',(-32.75694639932,-13.3429,45.));
#3949 = VECTOR('',#3950,1.);
#3950 = DIRECTION('',(1.,0.,0.));
#3951 = ORIENTED_EDGE('',*,*,#3806,.T.);
#3952 = ORIENTED_EDGE('',*,*,#3953,.T.);
#3953 = EDGE_CURVE('',#3807,#3954,#3956,.T.);
#3954 = VERTEX_POINT('',#3955);
#3955 = CARTESIAN_POINT('',(-28.75694639932,-32.3429,45.));
#3956 = LINE('',#3957,#3958);
#3957 = CARTESIAN_POINT('',(-32.75694639932,-32.3429,45.));
#3958 = VECTOR('',#3959,1.);
#3959 = DIRECTION('',(1.,0.,0.));
#3960 = ORIENTED_EDGE('',*,*,#3961,.F.);
#3961 = EDGE_CURVE('',#3962,#3954,#3964,.T.);
#3962 = VERTEX_POINT('',#3963);
#3963 = CARTESIAN_POINT('',(-28.75694639932,-42.3429,45.));
#3964 = LINE('',#3965,#3966);
#3965 = CARTESIAN_POINT('',(-28.75694639932,-42.3429,45.));
#3966 = VECTOR('',#3967,1.);
#3967 = DIRECTION('',(0.,1.,0.));
#3968 = ORIENTED_EDGE('',*,*,#3969,.F.);
#3969 = EDGE_CURVE('',#3831,#3962,#3970,.T.);
#3970 = LINE('',#3971,#3972);
#3971 = CARTESIAN_POINT('',(-32.75694639932,-42.3429,45.));
#3972 = VECTOR('',#3973,1.);
#3973 = DIRECTION('',(1.,0.,0.));
#3974 = ORIENTED_EDGE('',*,*,#3838,.T.);
#3975 = ORIENTED_EDGE('',*,*,#3892,.T.);
#3976 = PLANE('',#3977);
#3977 = AXIS2_PLACEMENT_3D('',#3978,#3979,#3980);
#3978 = CARTESIAN_POINT('',(6.922861520632E-02,-29.32148101803,45.));
#3979 = DIRECTION('',(0.,0.,1.));
#3980 = DIRECTION('',(1.,0.,0.));
#3981 = ADVANCED_FACE('',(#3982),#4000,.T.);
#3982 = FACE_BOUND('',#3983,.T.);
#3983 = EDGE_LOOP('',(#3984,#3992,#3993,#3994));
#3984 = ORIENTED_EDGE('',*,*,#3985,.F.);
#3985 = EDGE_CURVE('',#3823,#3986,#3988,.T.);
#3986 = VERTEX_POINT('',#3987);
#3987 = CARTESIAN_POINT('',(-28.75694639932,-42.3429,35.));
#3988 = LINE('',#3989,#3990);
#3989 = CARTESIAN_POINT('',(-32.75694639932,-42.3429,35.));
#3990 = VECTOR('',#3991,1.);
#3991 = DIRECTION('',(1.,0.,0.));
#3992 = ORIENTED_EDGE('',*,*,#3830,.T.);
#3993 = ORIENTED_EDGE('',*,*,#3969,.T.);
#3994 = ORIENTED_EDGE('',*,*,#3995,.F.);
#3995 = EDGE_CURVE('',#3986,#3962,#3996,.T.);
#3996 = LINE('',#3997,#3998);
#3997 = CARTESIAN_POINT('',(-28.75694639932,-42.3429,35.));
#3998 = VECTOR('',#3999,1.);
#3999 = DIRECTION('',(0.,0.,1.));
#4000 = PLANE('',#4001);
#4001 = AXIS2_PLACEMENT_3D('',#4002,#4003,#4004);
#4002 = CARTESIAN_POINT('',(-32.75694639932,-42.3429,35.));
#4003 = DIRECTION('',(0.,1.,0.));
#4004 = DIRECTION('',(0.,0.,1.));
#4005 = ADVANCED_FACE('',(#4006),#4024,.T.);
#4006 = FACE_BOUND('',#4007,.T.);
#4007 = EDGE_LOOP('',(#4008,#4016,#4017,#4018));
#4008 = ORIENTED_EDGE('',*,*,#4009,.F.);
#4009 = EDGE_CURVE('',#3815,#4010,#4012,.T.);
#4010 = VERTEX_POINT('',#4011);
#4011 = CARTESIAN_POINT('',(-28.75694639932,-32.3429,35.));
#4012 = LINE('',#4013,#4014);
#4013 = CARTESIAN_POINT('',(-32.75694639932,-32.3429,35.));
#4014 = VECTOR('',#4015,1.);
#4015 = DIRECTION('',(1.,0.,0.));
#4016 = ORIENTED_EDGE('',*,*,#3822,.T.);
#4017 = ORIENTED_EDGE('',*,*,#3985,.T.);
#4018 = ORIENTED_EDGE('',*,*,#4019,.T.);
#4019 = EDGE_CURVE('',#3986,#4010,#4020,.T.);
#4020 = LINE('',#4021,#4022);
#4021 = CARTESIAN_POINT('',(-28.75694639932,-42.3429,35.));
#4022 = VECTOR('',#4023,1.);
#4023 = DIRECTION('',(0.,1.,0.));
#4024 = PLANE('',#4025);
#4025 = AXIS2_PLACEMENT_3D('',#4026,#4027,#4028);
#4026 = CARTESIAN_POINT('',(-32.75694639932,-42.3429,35.));
#4027 = DIRECTION('',(0.,0.,1.));
#4028 = DIRECTION('',(1.,0.,0.));
#4029 = ADVANCED_FACE('',(#4030),#4041,.F.);
#4030 = FACE_BOUND('',#4031,.F.);
#4031 = EDGE_LOOP('',(#4032,#4033,#4034,#4035));
#4032 = ORIENTED_EDGE('',*,*,#4009,.F.);
#4033 = ORIENTED_EDGE('',*,*,#3814,.T.);
#4034 = ORIENTED_EDGE('',*,*,#3953,.T.);
#4035 = ORIENTED_EDGE('',*,*,#4036,.F.);
#4036 = EDGE_CURVE('',#4010,#3954,#4037,.T.);
#4037 = LINE('',#4038,#4039);
#4038 = CARTESIAN_POINT('',(-28.75694639932,-32.3429,35.));
#4039 = VECTOR('',#4040,1.);
#4040 = DIRECTION('',(0.,0.,1.));
#4041 = PLANE('',#4042);
#4042 = AXIS2_PLACEMENT_3D('',#4043,#4044,#4045);
#4043 = CARTESIAN_POINT('',(-32.75694639932,-32.3429,35.));
#4044 = DIRECTION('',(0.,1.,0.));
#4045 = DIRECTION('',(0.,0.,1.));
#4046 = ADVANCED_FACE('',(#4047),#4065,.T.);
#4047 = FACE_BOUND('',#4048,.T.);
#4048 = EDGE_LOOP('',(#4049,#4057,#4058,#4059));
#4049 = ORIENTED_EDGE('',*,*,#4050,.F.);
#4050 = EDGE_CURVE('',#3791,#4051,#4053,.T.);
#4051 = VERTEX_POINT('',#4052);
#4052 = CARTESIAN_POINT('',(-28.75694639932,-13.3429,35.));
#4053 = LINE('',#4054,#4055);
#4054 = CARTESIAN_POINT('',(-32.75694639932,-13.3429,35.));
#4055 = VECTOR('',#4056,1.);
#4056 = DIRECTION('',(1.,0.,0.));
#4057 = ORIENTED_EDGE('',*,*,#3798,.T.);
#4058 = ORIENTED_EDGE('',*,*,#3946,.T.);
#4059 = ORIENTED_EDGE('',*,*,#4060,.F.);
#4060 = EDGE_CURVE('',#4051,#3939,#4061,.T.);
#4061 = LINE('',#4062,#4063);
#4062 = CARTESIAN_POINT('',(-28.75694639932,-13.3429,35.));
#4063 = VECTOR('',#4064,1.);
#4064 = DIRECTION('',(0.,0.,1.));
#4065 = PLANE('',#4066);
#4066 = AXIS2_PLACEMENT_3D('',#4067,#4068,#4069);
#4067 = CARTESIAN_POINT('',(-32.75694639932,-13.3429,35.));
#4068 = DIRECTION('',(0.,1.,0.));
#4069 = DIRECTION('',(0.,0.,1.));
#4070 = ADVANCED_FACE('',(#4071),#4089,.T.);
#4071 = FACE_BOUND('',#4072,.T.);
#4072 = EDGE_LOOP('',(#4073,#4081,#4082,#4083));
#4073 = ORIENTED_EDGE('',*,*,#4074,.F.);
#4074 = EDGE_CURVE('',#3783,#4075,#4077,.T.);
#4075 = VERTEX_POINT('',#4076);
#4076 = CARTESIAN_POINT('',(-28.75694639932,-3.3429,35.));
#4077 = LINE('',#4078,#4079);
#4078 = CARTESIAN_POINT('',(-32.75694639932,-3.3429,35.));
#4079 = VECTOR('',#4080,1.);
#4080 = DIRECTION('',(1.,0.,0.));
#4081 = ORIENTED_EDGE('',*,*,#3790,.T.);
#4082 = ORIENTED_EDGE('',*,*,#4050,.T.);
#4083 = ORIENTED_EDGE('',*,*,#4084,.T.);
#4084 = EDGE_CURVE('',#4051,#4075,#4085,.T.);
#4085 = LINE('',#4086,#4087);
#4086 = CARTESIAN_POINT('',(-28.75694639932,-13.3429,35.));
#4087 = VECTOR('',#4088,1.);
#4088 = DIRECTION('',(0.,1.,0.));
#4089 = PLANE('',#4090);
#4090 = AXIS2_PLACEMENT_3D('',#4091,#4092,#4093);
#4091 = CARTESIAN_POINT('',(-32.75694639932,-13.3429,35.));
#4092 = DIRECTION('',(0.,0.,1.));
#4093 = DIRECTION('',(1.,0.,0.));
#4094 = ADVANCED_FACE('',(#4095),#4106,.F.);
#4095 = FACE_BOUND('',#4096,.F.);
#4096 = EDGE_LOOP('',(#4097,#4098,#4099,#4100));
#4097 = ORIENTED_EDGE('',*,*,#4074,.F.);
#4098 = ORIENTED_EDGE('',*,*,#3782,.T.);
#4099 = ORIENTED_EDGE('',*,*,#3930,.T.);
#4100 = ORIENTED_EDGE('',*,*,#4101,.F.);
#4101 = EDGE_CURVE('',#4075,#3931,#4102,.T.);
#4102 = LINE('',#4103,#4104);
#4103 = CARTESIAN_POINT('',(-28.75694639932,-3.3429,35.));
#4104 = VECTOR('',#4105,1.);
#4105 = DIRECTION('',(0.,0.,1.));
#4106 = PLANE('',#4107);
#4107 = AXIS2_PLACEMENT_3D('',#4108,#4109,#4110);
#4108 = CARTESIAN_POINT('',(-32.75694639932,-3.3429,35.));
#4109 = DIRECTION('',(0.,1.,0.));
#4110 = DIRECTION('',(0.,0.,1.));
#4111 = ADVANCED_FACE('',(#4112),#4123,.F.);
#4112 = FACE_BOUND('',#4113,.F.);
#4113 = EDGE_LOOP('',(#4114,#4120,#4121,#4122));
#4114 = ORIENTED_EDGE('',*,*,#4115,.T.);
#4115 = EDGE_CURVE('',#3870,#3916,#4116,.T.);
#4116 = LINE('',#4117,#4118);
#4117 = CARTESIAN_POINT('',(-27.2624,2.6571,0.));
#4118 = VECTOR('',#4119,1.);
#4119 = DIRECTION('',(0.,0.,1.));
#4120 = ORIENTED_EDGE('',*,*,#3923,.T.);
#4121 = ORIENTED_EDGE('',*,*,#3766,.F.);
#4122 = ORIENTED_EDGE('',*,*,#3877,.F.);
#4123 = PLANE('',#4124);
#4124 = AXIS2_PLACEMENT_3D('',#4125,#4126,#4127);
#4125 = CARTESIAN_POINT('',(-27.2624,2.6571,0.));
#4126 = DIRECTION('',(0.,-1.,0.));
#4127 = DIRECTION('',(-1.,0.,0.));
#4128 = ADVANCED_FACE('',(#4129),#4135,.F.);
#4129 = FACE_BOUND('',#4130,.F.);
#4130 = EDGE_LOOP('',(#4131,#4132,#4133,#4134));
#4131 = ORIENTED_EDGE('',*,*,#3900,.T.);
#4132 = ORIENTED_EDGE('',*,*,#3915,.T.);
#4133 = ORIENTED_EDGE('',*,*,#4115,.F.);
#4134 = ORIENTED_EDGE('',*,*,#3869,.F.);
#4135 = PLANE('',#4136);
#4136 = AXIS2_PLACEMENT_3D('',#4137,#4138,#4139);
#4137 = CARTESIAN_POINT('',(-27.2624,-61.3429,0.));
#4138 = DIRECTION('',(-1.,0.,0.));
#4139 = DIRECTION('',(0.,1.,0.));
#4140 = ADVANCED_FACE('',(#4141),#4147,.F.);
#4141 = FACE_BOUND('',#4142,.F.);
#4142 = EDGE_LOOP('',(#4143,#4144,#4145,#4146));
#4143 = ORIENTED_EDGE('',*,*,#3995,.F.);
#4144 = ORIENTED_EDGE('',*,*,#4019,.T.);
#4145 = ORIENTED_EDGE('',*,*,#4036,.T.);
#4146 = ORIENTED_EDGE('',*,*,#3961,.F.);
#4147 = PLANE('',#4148);
#4148 = AXIS2_PLACEMENT_3D('',#4149,#4150,#4151);
#4149 = CARTESIAN_POINT('',(-28.75694639932,-42.3429,35.));
#4150 = DIRECTION('',(1.,0.,0.));
#4151 = DIRECTION('',(0.,0.,1.));
#4152 = ADVANCED_FACE('',(#4153),#4159,.F.);
#4153 = FACE_BOUND('',#4154,.F.);
#4154 = EDGE_LOOP('',(#4155,#4156,#4157,#4158));
#4155 = ORIENTED_EDGE('',*,*,#4060,.F.);
#4156 = ORIENTED_EDGE('',*,*,#4084,.T.);
#4157 = ORIENTED_EDGE('',*,*,#4101,.T.);
#4158 = ORIENTED_EDGE('',*,*,#3938,.F.);
#4159 = PLANE('',#4160);
#4160 = AXIS2_PLACEMENT_3D('',#4161,#4162,#4163);
#4161 = CARTESIAN_POINT('',(-28.75694639932,-13.3429,35.));
#4162 = DIRECTION('',(1.,0.,0.));
#4163 = DIRECTION('',(0.,0.,1.));
#4164 = ( GEOMETRIC_REPRESENTATION_CONTEXT(3) 
GLOBAL_UNCERTAINTY_ASSIGNED_CONTEXT((#4168)) 
GLOBAL_UNIT_ASSIGNED_CONTEXT((#4165,#4166,#4167)) REPRESENTATION_CONTEXT
('Context #1','3D Context with UNIT and UNCERTAINTY') );
#4165 = ( LENGTH_UNIT() NAMED_UNIT(*) SI_UNIT(.MILLI.,.METRE.) );
#4166 = ( NAMED_UNIT(*) PLANE_ANGLE_UNIT() SI_UNIT($,.RADIAN.) );
#4167 = ( NAMED_UNIT(*) SI_UNIT($,.STERADIAN.) SOLID_ANGLE_UNIT() );
#4168 = UNCERTAINTY_MEASURE_WITH_UNIT(LENGTH_MEASURE(2.E-05),#4165,
  'distance_accuracy_value','confusion accuracy');
#4169 = CONTEXT_DEPENDENT_SHAPE_REPRESENTATION(#4170,#4172);
#4170 = ( REPRESENTATION_RELATIONSHIP('','',#3315,#10) 
REPRESENTATION_RELATIONSHIP_WITH_TRANSFORMATION(#4171) 
SHAPE_REPRESENTATION_RELATIONSHIP() );
#4171 = ITEM_DEFINED_TRANSFORMATION('','',#11,#51);
#4172 = PRODUCT_DEFINITION_SHAPE('Placement','Placement of an item',
  #4173);
#4173 = NEXT_ASSEMBLY_USAGE_OCCURRENCE('10','Body008','',#5,#3310,$);
#4174 = PRODUCT_RELATED_PRODUCT_CATEGORY('part',$,(#3312));
#4175 = SHAPE_DEFINITION_REPRESENTATION(#4176,#4182);
#4176 = PRODUCT_DEFINITION_SHAPE('','',#4177);
#4177 = PRODUCT_DEFINITION('design','',#4178,#4181);
#4178 = PRODUCT_DEFINITION_FORMATION('','',#4179);
#4179 = PRODUCT('Box005','Box005','',(#4180));
#4180 = PRODUCT_CONTEXT('',#2,'mechanical');
#4181 = PRODUCT_DEFINITION_CONTEXT('part definition',#2,'design');
#4182 = SHAPE_REPRESENTATION('',(#11,#4183,#4617),#5031);
#4183 = MANIFOLD_SOLID_BREP('',#4184);
#4184 = CLOSED_SHELL('',(#4185,#4225,#4256,#4287,#4304,#4389,#4401,#4432
    ,#4456,#4480,#4497,#4528,#4552,#4576,#4593,#4605));
#4185 = ADVANCED_FACE('',(#4186),#4220,.F.);
#4186 = FACE_BOUND('',#4187,.F.);
#4187 = EDGE_LOOP('',(#4188,#4198,#4206,#4214));
#4188 = ORIENTED_EDGE('',*,*,#4189,.T.);
#4189 = EDGE_CURVE('',#4190,#4192,#4194,.T.);
#4190 = VERTEX_POINT('',#4191);
#4191 = CARTESIAN_POINT('',(-2.692405888202,-47.95776867811,-35.));
#4192 = VERTEX_POINT('',#4193);
#4193 = CARTESIAN_POINT('',(-2.692405888202,-47.95776867811,10.));
#4194 = LINE('',#4195,#4196);
#4195 = CARTESIAN_POINT('',(-2.692405888202,-47.95776867811,-35.));
#4196 = VECTOR('',#4197,1.);
#4197 = DIRECTION('',(0.,0.,1.));
#4198 = ORIENTED_EDGE('',*,*,#4199,.T.);
#4199 = EDGE_CURVE('',#4192,#4200,#4202,.T.);
#4200 = VERTEX_POINT('',#4201);
#4201 = CARTESIAN_POINT('',(4.307594111798,-47.95776867811,10.));
#4202 = LINE('',#4203,#4204);
#4203 = CARTESIAN_POINT('',(-2.692405888202,-47.95776867811,10.));
#4204 = VECTOR('',#4205,1.);
#4205 = DIRECTION('',(1.,0.,0.));
#4206 = ORIENTED_EDGE('',*,*,#4207,.F.);
#4207 = EDGE_CURVE('',#4208,#4200,#4210,.T.);
#4208 = VERTEX_POINT('',#4209);
#4209 = CARTESIAN_POINT('',(4.307594111798,-47.95776867811,-35.));
#4210 = LINE('',#4211,#4212);
#4211 = CARTESIAN_POINT('',(4.307594111798,-47.95776867811,-35.));
#4212 = VECTOR('',#4213,1.);
#4213 = DIRECTION('',(0.,0.,1.));
#4214 = ORIENTED_EDGE('',*,*,#4215,.F.);
#4215 = EDGE_CURVE('',#4190,#4208,#4216,.T.);
#4216 = LINE('',#4217,#4218);
#4217 = CARTESIAN_POINT('',(-2.692405888202,-47.95776867811,-35.));
#4218 = VECTOR('',#4219,1.);
#4219 = DIRECTION('',(1.,0.,0.));
#4220 = PLANE('',#4221);
#4221 = AXIS2_PLACEMENT_3D('',#4222,#4223,#4224);
#4222 = CARTESIAN_POINT('',(-2.692405888202,-47.95776867811,-35.));
#4223 = DIRECTION('',(0.,1.,0.));
#4224 = DIRECTION('',(1.,0.,0.));
#4225 = ADVANCED_FACE('',(#4226),#4251,.F.);
#4226 = FACE_BOUND('',#4227,.F.);
#4227 = EDGE_LOOP('',(#4228,#4238,#4244,#4245));
#4228 = ORIENTED_EDGE('',*,*,#4229,.T.);
#4229 = EDGE_CURVE('',#4230,#4232,#4234,.T.);
#4230 = VERTEX_POINT('',#4231);
#4231 = CARTESIAN_POINT('',(-2.692405888202,16.042231321881,-35.));
#4232 = VERTEX_POINT('',#4233);
#4233 = CARTESIAN_POINT('',(-2.692405888202,16.042231321881,10.));
#4234 = LINE('',#4235,#4236);
#4235 = CARTESIAN_POINT('',(-2.692405888202,16.042231321881,-35.));
#4236 = VECTOR('',#4237,1.);
#4237 = DIRECTION('',(0.,0.,1.));
#4238 = ORIENTED_EDGE('',*,*,#4239,.T.);
#4239 = EDGE_CURVE('',#4232,#4192,#4240,.T.);
#4240 = LINE('',#4241,#4242);
#4241 = CARTESIAN_POINT('',(-2.692405888202,16.042231321881,10.));
#4242 = VECTOR('',#4243,1.);
#4243 = DIRECTION('',(0.,-1.,0.));
#4244 = ORIENTED_EDGE('',*,*,#4189,.F.);
#4245 = ORIENTED_EDGE('',*,*,#4246,.F.);
#4246 = EDGE_CURVE('',#4230,#4190,#4247,.T.);
#4247 = LINE('',#4248,#4249);
#4248 = CARTESIAN_POINT('',(-2.692405888202,16.042231321881,-35.));
#4249 = VECTOR('',#4250,1.);
#4250 = DIRECTION('',(0.,-1.,0.));
#4251 = PLANE('',#4252);
#4252 = AXIS2_PLACEMENT_3D('',#4253,#4254,#4255);
#4253 = CARTESIAN_POINT('',(-2.692405888202,16.042231321881,-35.));
#4254 = DIRECTION('',(1.,0.,0.));
#4255 = DIRECTION('',(0.,-1.,0.));
#4256 = ADVANCED_FACE('',(#4257),#4282,.F.);
#4257 = FACE_BOUND('',#4258,.F.);
#4258 = EDGE_LOOP('',(#4259,#4260,#4268,#4276));
#4259 = ORIENTED_EDGE('',*,*,#4207,.T.);
#4260 = ORIENTED_EDGE('',*,*,#4261,.T.);
#4261 = EDGE_CURVE('',#4200,#4262,#4264,.T.);
#4262 = VERTEX_POINT('',#4263);
#4263 = CARTESIAN_POINT('',(4.307594111798,16.042231321881,10.));
#4264 = LINE('',#4265,#4266);
#4265 = CARTESIAN_POINT('',(4.307594111798,-47.95776867811,10.));
#4266 = VECTOR('',#4267,1.);
#4267 = DIRECTION('',(0.,1.,0.));
#4268 = ORIENTED_EDGE('',*,*,#4269,.F.);
#4269 = EDGE_CURVE('',#4270,#4262,#4272,.T.);
#4270 = VERTEX_POINT('',#4271);
#4271 = CARTESIAN_POINT('',(4.307594111798,16.042231321881,-35.));
#4272 = LINE('',#4273,#4274);
#4273 = CARTESIAN_POINT('',(4.307594111798,16.042231321881,-35.));
#4274 = VECTOR('',#4275,1.);
#4275 = DIRECTION('',(0.,0.,1.));
#4276 = ORIENTED_EDGE('',*,*,#4277,.F.);
#4277 = EDGE_CURVE('',#4208,#4270,#4278,.T.);
#4278 = LINE('',#4279,#4280);
#4279 = CARTESIAN_POINT('',(4.307594111798,-47.95776867811,-35.));
#4280 = VECTOR('',#4281,1.);
#4281 = DIRECTION('',(0.,1.,0.));
#4282 = PLANE('',#4283);
#4283 = AXIS2_PLACEMENT_3D('',#4284,#4285,#4286);
#4284 = CARTESIAN_POINT('',(4.307594111798,-47.95776867811,-35.));
#4285 = DIRECTION('',(-1.,0.,0.));
#4286 = DIRECTION('',(0.,1.,0.));
#4287 = ADVANCED_FACE('',(#4288),#4299,.F.);
#4288 = FACE_BOUND('',#4289,.F.);
#4289 = EDGE_LOOP('',(#4290,#4291,#4292,#4298));
#4290 = ORIENTED_EDGE('',*,*,#4215,.T.);
#4291 = ORIENTED_EDGE('',*,*,#4277,.T.);
#4292 = ORIENTED_EDGE('',*,*,#4293,.T.);
#4293 = EDGE_CURVE('',#4270,#4230,#4294,.T.);
#4294 = LINE('',#4295,#4296);
#4295 = CARTESIAN_POINT('',(4.307594111798,16.042231321881,-35.));
#4296 = VECTOR('',#4297,1.);
#4297 = DIRECTION('',(-1.,0.,0.));
#4298 = ORIENTED_EDGE('',*,*,#4246,.T.);
#4299 = PLANE('',#4300);
#4300 = AXIS2_PLACEMENT_3D('',#4301,#4302,#4303);
#4301 = CARTESIAN_POINT('',(-28.17382498547,-15.97858101803,-35.));
#4302 = DIRECTION('',(0.,0.,1.));
#4303 = DIRECTION('',(1.,0.,0.));
#4304 = ADVANCED_FACE('',(#4305,#4316,#4350),#4384,.T.);
#4305 = FACE_BOUND('',#4306,.T.);
#4306 = EDGE_LOOP('',(#4307,#4308,#4309,#4315));
#4307 = ORIENTED_EDGE('',*,*,#4199,.T.);
#4308 = ORIENTED_EDGE('',*,*,#4261,.T.);
#4309 = ORIENTED_EDGE('',*,*,#4310,.T.);
#4310 = EDGE_CURVE('',#4262,#4232,#4311,.T.);
#4311 = LINE('',#4312,#4313);
#4312 = CARTESIAN_POINT('',(4.307594111798,16.042231321881,10.));
#4313 = VECTOR('',#4314,1.);
#4314 = DIRECTION('',(-1.,0.,0.));
#4315 = ORIENTED_EDGE('',*,*,#4239,.T.);
#4316 = FACE_BOUND('',#4317,.T.);
#4317 = EDGE_LOOP('',(#4318,#4328,#4336,#4344));
#4318 = ORIENTED_EDGE('',*,*,#4319,.T.);
#4319 = EDGE_CURVE('',#4320,#4322,#4324,.T.);
#4320 = VERTEX_POINT('',#4321);
#4321 = CARTESIAN_POINT('',(4.,-29.,10.));
#4322 = VERTEX_POINT('',#4323);
#4323 = CARTESIAN_POINT('',(0.,-29.,10.));
#4324 = LINE('',#4325,#4326);
#4325 = CARTESIAN_POINT('',(-14.08691249273,-29.,10.));
#4326 = VECTOR('',#4327,1.);
#4327 = DIRECTION('',(-1.,0.,0.));
#4328 = ORIENTED_EDGE('',*,*,#4329,.T.);
#4329 = EDGE_CURVE('',#4322,#4330,#4332,.T.);
#4330 = VERTEX_POINT('',#4331);
#4331 = CARTESIAN_POINT('',(0.,-19.,10.));
#4332 = LINE('',#4333,#4334);
#4333 = CARTESIAN_POINT('',(0.,-22.48929050901,10.));
#4334 = VECTOR('',#4335,1.);
#4335 = DIRECTION('',(0.,1.,0.));
#4336 = ORIENTED_EDGE('',*,*,#4337,.F.);
#4337 = EDGE_CURVE('',#4338,#4330,#4340,.T.);
#4338 = VERTEX_POINT('',#4339);
#4339 = CARTESIAN_POINT('',(4.,-19.,10.));
#4340 = LINE('',#4341,#4342);
#4341 = CARTESIAN_POINT('',(-14.08691249273,-19.,10.));
#4342 = VECTOR('',#4343,1.);
#4343 = DIRECTION('',(-1.,0.,0.));
#4344 = ORIENTED_EDGE('',*,*,#4345,.F.);
#4345 = EDGE_CURVE('',#4320,#4338,#4346,.T.);
#4346 = LINE('',#4347,#4348);
#4347 = CARTESIAN_POINT('',(4.,-22.48929050901,10.));
#4348 = VECTOR('',#4349,1.);
#4349 = DIRECTION('',(0.,1.,0.));
#4350 = FACE_BOUND('',#4351,.T.);
#4351 = EDGE_LOOP('',(#4352,#4362,#4370,#4378));
#4352 = ORIENTED_EDGE('',*,*,#4353,.F.);
#4353 = EDGE_CURVE('',#4354,#4356,#4358,.T.);
#4354 = VERTEX_POINT('',#4355);
#4355 = CARTESIAN_POINT('',(0.,0.,10.));
#4356 = VERTEX_POINT('',#4357);
#4357 = CARTESIAN_POINT('',(4.,0.,10.));
#4358 = LINE('',#4359,#4360);
#4359 = CARTESIAN_POINT('',(0.,0.,10.));
#4360 = VECTOR('',#4361,1.);
#4361 = DIRECTION('',(1.,0.,-0.));
#4362 = ORIENTED_EDGE('',*,*,#4363,.T.);
#4363 = EDGE_CURVE('',#4354,#4364,#4366,.T.);
#4364 = VERTEX_POINT('',#4365);
#4365 = CARTESIAN_POINT('',(0.,10.,10.));
#4366 = LINE('',#4367,#4368);
#4367 = CARTESIAN_POINT('',(0.,0.,10.));
#4368 = VECTOR('',#4369,1.);
#4369 = DIRECTION('',(-0.,1.,0.));
#4370 = ORIENTED_EDGE('',*,*,#4371,.T.);
#4371 = EDGE_CURVE('',#4364,#4372,#4374,.T.);
#4372 = VERTEX_POINT('',#4373);
#4373 = CARTESIAN_POINT('',(4.,10.,10.));
#4374 = LINE('',#4375,#4376);
#4375 = CARTESIAN_POINT('',(0.,10.,10.));
#4376 = VECTOR('',#4377,1.);
#4377 = DIRECTION('',(1.,0.,-0.));
#4378 = ORIENTED_EDGE('',*,*,#4379,.F.);
#4379 = EDGE_CURVE('',#4356,#4372,#4380,.T.);
#4380 = LINE('',#4381,#4382);
#4381 = CARTESIAN_POINT('',(4.,0.,10.));
#4382 = VECTOR('',#4383,1.);
#4383 = DIRECTION('',(-0.,1.,0.));
#4384 = PLANE('',#4385);
#4385 = AXIS2_PLACEMENT_3D('',#4386,#4387,#4388);
#4386 = CARTESIAN_POINT('',(-28.17382498547,-15.97858101803,10.));
#4387 = DIRECTION('',(0.,0.,1.));
#4388 = DIRECTION('',(1.,0.,0.));
#4389 = ADVANCED_FACE('',(#4390),#4396,.F.);
#4390 = FACE_BOUND('',#4391,.F.);
#4391 = EDGE_LOOP('',(#4392,#4393,#4394,#4395));
#4392 = ORIENTED_EDGE('',*,*,#4269,.T.);
#4393 = ORIENTED_EDGE('',*,*,#4310,.T.);
#4394 = ORIENTED_EDGE('',*,*,#4229,.F.);
#4395 = ORIENTED_EDGE('',*,*,#4293,.F.);
#4396 = PLANE('',#4397);
#4397 = AXIS2_PLACEMENT_3D('',#4398,#4399,#4400);
#4398 = CARTESIAN_POINT('',(4.307594111798,16.042231321881,-35.));
#4399 = DIRECTION('',(0.,-1.,0.));
#4400 = DIRECTION('',(-1.,0.,0.));
#4401 = ADVANCED_FACE('',(#4402),#4427,.T.);
#4402 = FACE_BOUND('',#4403,.T.);
#4403 = EDGE_LOOP('',(#4404,#4412,#4420,#4426));
#4404 = ORIENTED_EDGE('',*,*,#4405,.F.);
#4405 = EDGE_CURVE('',#4406,#4320,#4408,.T.);
#4406 = VERTEX_POINT('',#4407);
#4407 = CARTESIAN_POINT('',(4.,-29.,1.));
#4408 = LINE('',#4409,#4410);
#4409 = CARTESIAN_POINT('',(4.,-29.,1.));
#4410 = VECTOR('',#4411,1.);
#4411 = DIRECTION('',(0.,0.,1.));
#4412 = ORIENTED_EDGE('',*,*,#4413,.F.);
#4413 = EDGE_CURVE('',#4414,#4406,#4416,.T.);
#4414 = VERTEX_POINT('',#4415);
#4415 = CARTESIAN_POINT('',(0.,-29.,1.));
#4416 = LINE('',#4417,#4418);
#4417 = CARTESIAN_POINT('',(0.,-29.,1.));
#4418 = VECTOR('',#4419,1.);
#4419 = DIRECTION('',(1.,0.,0.));
#4420 = ORIENTED_EDGE('',*,*,#4421,.T.);
#4421 = EDGE_CURVE('',#4414,#4322,#4422,.T.);
#4422 = LINE('',#4423,#4424);
#4423 = CARTESIAN_POINT('',(0.,-29.,1.));
#4424 = VECTOR('',#4425,1.);
#4425 = DIRECTION('',(0.,0.,1.));
#4426 = ORIENTED_EDGE('',*,*,#4319,.F.);
#4427 = PLANE('',#4428);
#4428 = AXIS2_PLACEMENT_3D('',#4429,#4430,#4431);
#4429 = CARTESIAN_POINT('',(0.,-29.,1.));
#4430 = DIRECTION('',(0.,1.,0.));
#4431 = DIRECTION('',(0.,0.,1.));
#4432 = ADVANCED_FACE('',(#4433),#4451,.F.);
#4433 = FACE_BOUND('',#4434,.F.);
#4434 = EDGE_LOOP('',(#4435,#4436,#4444,#4450));
#4435 = ORIENTED_EDGE('',*,*,#4405,.F.);
#4436 = ORIENTED_EDGE('',*,*,#4437,.T.);
#4437 = EDGE_CURVE('',#4406,#4438,#4440,.T.);
#4438 = VERTEX_POINT('',#4439);
#4439 = CARTESIAN_POINT('',(4.,-19.,1.));
#4440 = LINE('',#4441,#4442);
#4441 = CARTESIAN_POINT('',(4.,-29.,1.));
#4442 = VECTOR('',#4443,1.);
#4443 = DIRECTION('',(0.,1.,0.));
#4444 = ORIENTED_EDGE('',*,*,#4445,.T.);
#4445 = EDGE_CURVE('',#4438,#4338,#4446,.T.);
#4446 = LINE('',#4447,#4448);
#4447 = CARTESIAN_POINT('',(4.,-19.,1.));
#4448 = VECTOR('',#4449,1.);
#4449 = DIRECTION('',(0.,0.,1.));
#4450 = ORIENTED_EDGE('',*,*,#4345,.F.);
#4451 = PLANE('',#4452);
#4452 = AXIS2_PLACEMENT_3D('',#4453,#4454,#4455);
#4453 = CARTESIAN_POINT('',(4.,-29.,1.));
#4454 = DIRECTION('',(1.,0.,0.));
#4455 = DIRECTION('',(0.,0.,1.));
#4456 = ADVANCED_FACE('',(#4457),#4475,.T.);
#4457 = FACE_BOUND('',#4458,.T.);
#4458 = EDGE_LOOP('',(#4459,#4460,#4468,#4474));
#4459 = ORIENTED_EDGE('',*,*,#4421,.F.);
#4460 = ORIENTED_EDGE('',*,*,#4461,.T.);
#4461 = EDGE_CURVE('',#4414,#4462,#4464,.T.);
#4462 = VERTEX_POINT('',#4463);
#4463 = CARTESIAN_POINT('',(0.,-19.,1.));
#4464 = LINE('',#4465,#4466);
#4465 = CARTESIAN_POINT('',(0.,-29.,1.));
#4466 = VECTOR('',#4467,1.);
#4467 = DIRECTION('',(0.,1.,0.));
#4468 = ORIENTED_EDGE('',*,*,#4469,.T.);
#4469 = EDGE_CURVE('',#4462,#4330,#4470,.T.);
#4470 = LINE('',#4471,#4472);
#4471 = CARTESIAN_POINT('',(0.,-19.,1.));
#4472 = VECTOR('',#4473,1.);
#4473 = DIRECTION('',(0.,0.,1.));
#4474 = ORIENTED_EDGE('',*,*,#4329,.F.);
#4475 = PLANE('',#4476);
#4476 = AXIS2_PLACEMENT_3D('',#4477,#4478,#4479);
#4477 = CARTESIAN_POINT('',(0.,-29.,1.));
#4478 = DIRECTION('',(1.,0.,0.));
#4479 = DIRECTION('',(0.,0.,1.));
#4480 = ADVANCED_FACE('',(#4481),#4492,.F.);
#4481 = FACE_BOUND('',#4482,.F.);
#4482 = EDGE_LOOP('',(#4483,#4484,#4490,#4491));
#4483 = ORIENTED_EDGE('',*,*,#4445,.F.);
#4484 = ORIENTED_EDGE('',*,*,#4485,.F.);
#4485 = EDGE_CURVE('',#4462,#4438,#4486,.T.);
#4486 = LINE('',#4487,#4488);
#4487 = CARTESIAN_POINT('',(0.,-19.,1.));
#4488 = VECTOR('',#4489,1.);
#4489 = DIRECTION('',(1.,0.,0.));
#4490 = ORIENTED_EDGE('',*,*,#4469,.T.);
#4491 = ORIENTED_EDGE('',*,*,#4337,.F.);
#4492 = PLANE('',#4493);
#4493 = AXIS2_PLACEMENT_3D('',#4494,#4495,#4496);
#4494 = CARTESIAN_POINT('',(0.,-19.,1.));
#4495 = DIRECTION('',(0.,1.,0.));
#4496 = DIRECTION('',(0.,0.,1.));
#4497 = ADVANCED_FACE('',(#4498),#4523,.T.);
#4498 = FACE_BOUND('',#4499,.T.);
#4499 = EDGE_LOOP('',(#4500,#4510,#4516,#4517));
#4500 = ORIENTED_EDGE('',*,*,#4501,.F.);
#4501 = EDGE_CURVE('',#4502,#4504,#4506,.T.);
#4502 = VERTEX_POINT('',#4503);
#4503 = CARTESIAN_POINT('',(0.,0.,0.));
#4504 = VERTEX_POINT('',#4505);
#4505 = CARTESIAN_POINT('',(4.,0.,0.));
#4506 = LINE('',#4507,#4508);
#4507 = CARTESIAN_POINT('',(0.,0.,0.));
#4508 = VECTOR('',#4509,1.);
#4509 = DIRECTION('',(1.,0.,-0.));
#4510 = ORIENTED_EDGE('',*,*,#4511,.T.);
#4511 = EDGE_CURVE('',#4502,#4354,#4512,.T.);
#4512 = LINE('',#4513,#4514);
#4513 = CARTESIAN_POINT('',(0.,0.,0.));
#4514 = VECTOR('',#4515,1.);
#4515 = DIRECTION('',(0.,0.,1.));
#4516 = ORIENTED_EDGE('',*,*,#4353,.T.);
#4517 = ORIENTED_EDGE('',*,*,#4518,.F.);
#4518 = EDGE_CURVE('',#4504,#4356,#4519,.T.);
#4519 = LINE('',#4520,#4521);
#4520 = CARTESIAN_POINT('',(4.,0.,0.));
#4521 = VECTOR('',#4522,1.);
#4522 = DIRECTION('',(0.,0.,1.));
#4523 = PLANE('',#4524);
#4524 = AXIS2_PLACEMENT_3D('',#4525,#4526,#4527);
#4525 = CARTESIAN_POINT('',(0.,0.,0.));
#4526 = DIRECTION('',(-0.,1.,0.));
#4527 = DIRECTION('',(0.,0.,1.));
#4528 = ADVANCED_FACE('',(#4529),#4547,.F.);
#4529 = FACE_BOUND('',#4530,.F.);
#4530 = EDGE_LOOP('',(#4531,#4532,#4540,#4546));
#4531 = ORIENTED_EDGE('',*,*,#4518,.F.);
#4532 = ORIENTED_EDGE('',*,*,#4533,.T.);
#4533 = EDGE_CURVE('',#4504,#4534,#4536,.T.);
#4534 = VERTEX_POINT('',#4535);
#4535 = CARTESIAN_POINT('',(4.,10.,0.));
#4536 = LINE('',#4537,#4538);
#4537 = CARTESIAN_POINT('',(4.,0.,0.));
#4538 = VECTOR('',#4539,1.);
#4539 = DIRECTION('',(-0.,1.,0.));
#4540 = ORIENTED_EDGE('',*,*,#4541,.T.);
#4541 = EDGE_CURVE('',#4534,#4372,#4542,.T.);
#4542 = LINE('',#4543,#4544);
#4543 = CARTESIAN_POINT('',(4.,10.,0.));
#4544 = VECTOR('',#4545,1.);
#4545 = DIRECTION('',(0.,0.,1.));
#4546 = ORIENTED_EDGE('',*,*,#4379,.F.);
#4547 = PLANE('',#4548);
#4548 = AXIS2_PLACEMENT_3D('',#4549,#4550,#4551);
#4549 = CARTESIAN_POINT('',(4.,0.,0.));
#4550 = DIRECTION('',(1.,0.,-0.));
#4551 = DIRECTION('',(0.,0.,1.));
#4552 = ADVANCED_FACE('',(#4553),#4571,.F.);
#4553 = FACE_BOUND('',#4554,.F.);
#4554 = EDGE_LOOP('',(#4555,#4563,#4569,#4570));
#4555 = ORIENTED_EDGE('',*,*,#4556,.F.);
#4556 = EDGE_CURVE('',#4557,#4534,#4559,.T.);
#4557 = VERTEX_POINT('',#4558);
#4558 = CARTESIAN_POINT('',(0.,10.,0.));
#4559 = LINE('',#4560,#4561);
#4560 = CARTESIAN_POINT('',(0.,10.,0.));
#4561 = VECTOR('',#4562,1.);
#4562 = DIRECTION('',(1.,0.,-0.));
#4563 = ORIENTED_EDGE('',*,*,#4564,.T.);
#4564 = EDGE_CURVE('',#4557,#4364,#4565,.T.);
#4565 = LINE('',#4566,#4567);
#4566 = CARTESIAN_POINT('',(0.,10.,0.));
#4567 = VECTOR('',#4568,1.);
#4568 = DIRECTION('',(0.,0.,1.));
#4569 = ORIENTED_EDGE('',*,*,#4371,.T.);
#4570 = ORIENTED_EDGE('',*,*,#4541,.F.);
#4571 = PLANE('',#4572);
#4572 = AXIS2_PLACEMENT_3D('',#4573,#4574,#4575);
#4573 = CARTESIAN_POINT('',(0.,10.,0.));
#4574 = DIRECTION('',(-0.,1.,0.));
#4575 = DIRECTION('',(0.,0.,1.));
#4576 = ADVANCED_FACE('',(#4577),#4588,.T.);
#4577 = FACE_BOUND('',#4578,.T.);
#4578 = EDGE_LOOP('',(#4579,#4580,#4586,#4587));
#4579 = ORIENTED_EDGE('',*,*,#4511,.F.);
#4580 = ORIENTED_EDGE('',*,*,#4581,.T.);
#4581 = EDGE_CURVE('',#4502,#4557,#4582,.T.);
#4582 = LINE('',#4583,#4584);
#4583 = CARTESIAN_POINT('',(0.,0.,0.));
#4584 = VECTOR('',#4585,1.);
#4585 = DIRECTION('',(-0.,1.,0.));
#4586 = ORIENTED_EDGE('',*,*,#4564,.T.);
#4587 = ORIENTED_EDGE('',*,*,#4363,.F.);
#4588 = PLANE('',#4589);
#4589 = AXIS2_PLACEMENT_3D('',#4590,#4591,#4592);
#4590 = CARTESIAN_POINT('',(0.,0.,0.));
#4591 = DIRECTION('',(1.,0.,-0.));
#4592 = DIRECTION('',(0.,0.,1.));
#4593 = ADVANCED_FACE('',(#4594),#4600,.T.);
#4594 = FACE_BOUND('',#4595,.T.);
#4595 = EDGE_LOOP('',(#4596,#4597,#4598,#4599));
#4596 = ORIENTED_EDGE('',*,*,#4461,.F.);
#4597 = ORIENTED_EDGE('',*,*,#4413,.T.);
#4598 = ORIENTED_EDGE('',*,*,#4437,.T.);
#4599 = ORIENTED_EDGE('',*,*,#4485,.F.);
#4600 = PLANE('',#4601);
#4601 = AXIS2_PLACEMENT_3D('',#4602,#4603,#4604);
#4602 = CARTESIAN_POINT('',(0.,-29.,1.));
#4603 = DIRECTION('',(0.,0.,1.));
#4604 = DIRECTION('',(1.,0.,0.));
#4605 = ADVANCED_FACE('',(#4606),#4612,.T.);
#4606 = FACE_BOUND('',#4607,.T.);
#4607 = EDGE_LOOP('',(#4608,#4609,#4610,#4611));
#4608 = ORIENTED_EDGE('',*,*,#4581,.F.);
#4609 = ORIENTED_EDGE('',*,*,#4501,.T.);
#4610 = ORIENTED_EDGE('',*,*,#4533,.T.);
#4611 = ORIENTED_EDGE('',*,*,#4556,.F.);
#4612 = PLANE('',#4613);
#4613 = AXIS2_PLACEMENT_3D('',#4614,#4615,#4616);
#4614 = CARTESIAN_POINT('',(0.,0.,0.));
#4615 = DIRECTION('',(0.,0.,1.));
#4616 = DIRECTION('',(1.,0.,-0.));
#4617 = MANIFOLD_SOLID_BREP('',#4618);
#4618 = CLOSED_SHELL('',(#4619,#4723,#4754,#4778,#4848,#4872,#4896,#4913
    ,#4937,#4961,#4978,#4995,#5007,#5019));
#4619 = ADVANCED_FACE('',(#4620),#4718,.F.);
#4620 = FACE_BOUND('',#4621,.F.);
#4621 = EDGE_LOOP('',(#4622,#4632,#4640,#4648,#4656,#4664,#4672,#4680,
    #4688,#4696,#4704,#4712));
#4622 = ORIENTED_EDGE('',*,*,#4623,.F.);
#4623 = EDGE_CURVE('',#4624,#4626,#4628,.T.);
#4624 = VERTEX_POINT('',#4625);
#4625 = CARTESIAN_POINT('',(-60.49454639932,16.,-35.));
#4626 = VERTEX_POINT('',#4627);
#4627 = CARTESIAN_POINT('',(-60.49454639932,-48.,-35.));
#4628 = LINE('',#4629,#4630);
#4629 = CARTESIAN_POINT('',(-60.49454639932,16.,-35.));
#4630 = VECTOR('',#4631,1.);
#4631 = DIRECTION('',(0.,-1.,0.));
#4632 = ORIENTED_EDGE('',*,*,#4633,.T.);
#4633 = EDGE_CURVE('',#4624,#4634,#4636,.T.);
#4634 = VERTEX_POINT('',#4635);
#4635 = CARTESIAN_POINT('',(-60.49454639932,16.,10.));
#4636 = LINE('',#4637,#4638);
#4637 = CARTESIAN_POINT('',(-60.49454639932,16.,-35.));
#4638 = VECTOR('',#4639,1.);
#4639 = DIRECTION('',(0.,0.,1.));
#4640 = ORIENTED_EDGE('',*,*,#4641,.T.);
#4641 = EDGE_CURVE('',#4634,#4642,#4644,.T.);
#4642 = VERTEX_POINT('',#4643);
#4643 = CARTESIAN_POINT('',(-60.49454639932,10.,10.));
#4644 = LINE('',#4645,#4646);
#4645 = CARTESIAN_POINT('',(-60.49454639932,16.,10.));
#4646 = VECTOR('',#4647,1.);
#4647 = DIRECTION('',(0.,-1.,0.));
#4648 = ORIENTED_EDGE('',*,*,#4649,.F.);
#4649 = EDGE_CURVE('',#4650,#4642,#4652,.T.);
#4650 = VERTEX_POINT('',#4651);
#4651 = CARTESIAN_POINT('',(-60.49454639932,10.,0.));
#4652 = LINE('',#4653,#4654);
#4653 = CARTESIAN_POINT('',(-60.49454639932,10.,-17.5));
#4654 = VECTOR('',#4655,1.);
#4655 = DIRECTION('',(0.,0.,1.));
#4656 = ORIENTED_EDGE('',*,*,#4657,.T.);
#4657 = EDGE_CURVE('',#4650,#4658,#4660,.T.);
#4658 = VERTEX_POINT('',#4659);
#4659 = CARTESIAN_POINT('',(-60.49454639932,0.,0.));
#4660 = LINE('',#4661,#4662);
#4661 = CARTESIAN_POINT('',(-60.49454639932,8.,0.));
#4662 = VECTOR('',#4663,1.);
#4663 = DIRECTION('',(0.,-1.,0.));
#4664 = ORIENTED_EDGE('',*,*,#4665,.T.);
#4665 = EDGE_CURVE('',#4658,#4666,#4668,.T.);
#4666 = VERTEX_POINT('',#4667);
#4667 = CARTESIAN_POINT('',(-60.49454639932,0.,10.));
#4668 = LINE('',#4669,#4670);
#4669 = CARTESIAN_POINT('',(-60.49454639932,0.,-17.5));
#4670 = VECTOR('',#4671,1.);
#4671 = DIRECTION('',(0.,0.,1.));
#4672 = ORIENTED_EDGE('',*,*,#4673,.T.);
#4673 = EDGE_CURVE('',#4666,#4674,#4676,.T.);
#4674 = VERTEX_POINT('',#4675);
#4675 = CARTESIAN_POINT('',(-60.49454639932,-19.,10.));
#4676 = LINE('',#4677,#4678);
#4677 = CARTESIAN_POINT('',(-60.49454639932,16.,10.));
#4678 = VECTOR('',#4679,1.);
#4679 = DIRECTION('',(0.,-1.,0.));
#4680 = ORIENTED_EDGE('',*,*,#4681,.F.);
#4681 = EDGE_CURVE('',#4682,#4674,#4684,.T.);
#4682 = VERTEX_POINT('',#4683);
#4683 = CARTESIAN_POINT('',(-60.49454639932,-19.,0.));
#4684 = LINE('',#4685,#4686);
#4685 = CARTESIAN_POINT('',(-60.49454639932,-19.,-17.5));
#4686 = VECTOR('',#4687,1.);
#4687 = DIRECTION('',(0.,0.,1.));
#4688 = ORIENTED_EDGE('',*,*,#4689,.T.);
#4689 = EDGE_CURVE('',#4682,#4690,#4692,.T.);
#4690 = VERTEX_POINT('',#4691);
#4691 = CARTESIAN_POINT('',(-60.49454639932,-29.,0.));
#4692 = LINE('',#4693,#4694);
#4693 = CARTESIAN_POINT('',(-60.49454639932,-6.5,0.));
#4694 = VECTOR('',#4695,1.);
#4695 = DIRECTION('',(0.,-1.,0.));
#4696 = ORIENTED_EDGE('',*,*,#4697,.T.);
#4697 = EDGE_CURVE('',#4690,#4698,#4700,.T.);
#4698 = VERTEX_POINT('',#4699);
#4699 = CARTESIAN_POINT('',(-60.49454639932,-29.,10.));
#4700 = LINE('',#4701,#4702);
#4701 = CARTESIAN_POINT('',(-60.49454639932,-29.,-17.5));
#4702 = VECTOR('',#4703,1.);
#4703 = DIRECTION('',(0.,0.,1.));
#4704 = ORIENTED_EDGE('',*,*,#4705,.T.);
#4705 = EDGE_CURVE('',#4698,#4706,#4708,.T.);
#4706 = VERTEX_POINT('',#4707);
#4707 = CARTESIAN_POINT('',(-60.49454639932,-48.,10.));
#4708 = LINE('',#4709,#4710);
#4709 = CARTESIAN_POINT('',(-60.49454639932,16.,10.));
#4710 = VECTOR('',#4711,1.);
#4711 = DIRECTION('',(0.,-1.,0.));
#4712 = ORIENTED_EDGE('',*,*,#4713,.F.);
#4713 = EDGE_CURVE('',#4626,#4706,#4714,.T.);
#4714 = LINE('',#4715,#4716);
#4715 = CARTESIAN_POINT('',(-60.49454639932,-48.,-35.));
#4716 = VECTOR('',#4717,1.);
#4717 = DIRECTION('',(0.,0.,1.));
#4718 = PLANE('',#4719);
#4719 = AXIS2_PLACEMENT_3D('',#4720,#4721,#4722);
#4720 = CARTESIAN_POINT('',(-60.49454639932,16.,-35.));
#4721 = DIRECTION('',(1.,0.,0.));
#4722 = DIRECTION('',(0.,-1.,0.));
#4723 = ADVANCED_FACE('',(#4724),#4749,.F.);
#4724 = FACE_BOUND('',#4725,.F.);
#4725 = EDGE_LOOP('',(#4726,#4727,#4735,#4743));
#4726 = ORIENTED_EDGE('',*,*,#4623,.T.);
#4727 = ORIENTED_EDGE('',*,*,#4728,.T.);
#4728 = EDGE_CURVE('',#4626,#4729,#4731,.T.);
#4729 = VERTEX_POINT('',#4730);
#4730 = CARTESIAN_POINT('',(-55.50545360067,-48.,-35.));
#4731 = LINE('',#4732,#4733);
#4732 = CARTESIAN_POINT('',(-60.49454639932,-48.,-35.));
#4733 = VECTOR('',#4734,1.);
#4734 = DIRECTION('',(1.,0.,0.));
#4735 = ORIENTED_EDGE('',*,*,#4736,.T.);
#4736 = EDGE_CURVE('',#4729,#4737,#4739,.T.);
#4737 = VERTEX_POINT('',#4738);
#4738 = CARTESIAN_POINT('',(-55.50545360067,16.,-35.));
#4739 = LINE('',#4740,#4741);
#4740 = CARTESIAN_POINT('',(-55.50545360067,-48.,-35.));
#4741 = VECTOR('',#4742,1.);
#4742 = DIRECTION('',(0.,1.,0.));
#4743 = ORIENTED_EDGE('',*,*,#4744,.T.);
#4744 = EDGE_CURVE('',#4737,#4624,#4745,.T.);
#4745 = LINE('',#4746,#4747);
#4746 = CARTESIAN_POINT('',(-55.50545360067,16.,-35.));
#4747 = VECTOR('',#4748,1.);
#4748 = DIRECTION('',(-1.,0.,0.));
#4749 = PLANE('',#4750);
#4750 = AXIS2_PLACEMENT_3D('',#4751,#4752,#4753);
#4751 = CARTESIAN_POINT('',(-28.17382498547,-15.97858101803,-35.));
#4752 = DIRECTION('',(0.,0.,1.));
#4753 = DIRECTION('',(1.,0.,0.));
#4754 = ADVANCED_FACE('',(#4755),#4773,.F.);
#4755 = FACE_BOUND('',#4756,.F.);
#4756 = EDGE_LOOP('',(#4757,#4758,#4766,#4772));
#4757 = ORIENTED_EDGE('',*,*,#4713,.T.);
#4758 = ORIENTED_EDGE('',*,*,#4759,.T.);
#4759 = EDGE_CURVE('',#4706,#4760,#4762,.T.);
#4760 = VERTEX_POINT('',#4761);
#4761 = CARTESIAN_POINT('',(-55.50545360067,-48.,10.));
#4762 = LINE('',#4763,#4764);
#4763 = CARTESIAN_POINT('',(-60.49454639932,-48.,10.));
#4764 = VECTOR('',#4765,1.);
#4765 = DIRECTION('',(1.,0.,0.));
#4766 = ORIENTED_EDGE('',*,*,#4767,.F.);
#4767 = EDGE_CURVE('',#4729,#4760,#4768,.T.);
#4768 = LINE('',#4769,#4770);
#4769 = CARTESIAN_POINT('',(-55.50545360067,-48.,-35.));
#4770 = VECTOR('',#4771,1.);
#4771 = DIRECTION('',(0.,0.,1.));
#4772 = ORIENTED_EDGE('',*,*,#4728,.F.);
#4773 = PLANE('',#4774);
#4774 = AXIS2_PLACEMENT_3D('',#4775,#4776,#4777);
#4775 = CARTESIAN_POINT('',(-60.49454639932,-48.,-35.));
#4776 = DIRECTION('',(0.,1.,0.));
#4777 = DIRECTION('',(1.,0.,0.));
#4778 = ADVANCED_FACE('',(#4779),#4843,.T.);
#4779 = FACE_BOUND('',#4780,.T.);
#4780 = EDGE_LOOP('',(#4781,#4789,#4795,#4796,#4804,#4812,#4818,#4819,
    #4827,#4835,#4841,#4842));
#4781 = ORIENTED_EDGE('',*,*,#4782,.T.);
#4782 = EDGE_CURVE('',#4760,#4783,#4785,.T.);
#4783 = VERTEX_POINT('',#4784);
#4784 = CARTESIAN_POINT('',(-55.50545360067,16.,10.));
#4785 = LINE('',#4786,#4787);
#4786 = CARTESIAN_POINT('',(-55.50545360067,-48.,10.));
#4787 = VECTOR('',#4788,1.);
#4788 = DIRECTION('',(0.,1.,0.));
#4789 = ORIENTED_EDGE('',*,*,#4790,.T.);
#4790 = EDGE_CURVE('',#4783,#4634,#4791,.T.);
#4791 = LINE('',#4792,#4793);
#4792 = CARTESIAN_POINT('',(-55.50545360067,16.,10.));
#4793 = VECTOR('',#4794,1.);
#4794 = DIRECTION('',(-1.,0.,0.));
#4795 = ORIENTED_EDGE('',*,*,#4641,.T.);
#4796 = ORIENTED_EDGE('',*,*,#4797,.T.);
#4797 = EDGE_CURVE('',#4642,#4798,#4800,.T.);
#4798 = VERTEX_POINT('',#4799);
#4799 = CARTESIAN_POINT('',(-57.,10.,10.));
#4800 = LINE('',#4801,#4802);
#4801 = CARTESIAN_POINT('',(-61.,10.,10.));
#4802 = VECTOR('',#4803,1.);
#4803 = DIRECTION('',(1.,0.,0.));
#4804 = ORIENTED_EDGE('',*,*,#4805,.F.);
#4805 = EDGE_CURVE('',#4806,#4798,#4808,.T.);
#4806 = VERTEX_POINT('',#4807);
#4807 = CARTESIAN_POINT('',(-57.,0.,10.));
#4808 = LINE('',#4809,#4810);
#4809 = CARTESIAN_POINT('',(-57.,0.,10.));
#4810 = VECTOR('',#4811,1.);
#4811 = DIRECTION('',(0.,1.,0.));
#4812 = ORIENTED_EDGE('',*,*,#4813,.F.);
#4813 = EDGE_CURVE('',#4666,#4806,#4814,.T.);
#4814 = LINE('',#4815,#4816);
#4815 = CARTESIAN_POINT('',(-61.,0.,10.));
#4816 = VECTOR('',#4817,1.);
#4817 = DIRECTION('',(1.,0.,0.));
#4818 = ORIENTED_EDGE('',*,*,#4673,.T.);
#4819 = ORIENTED_EDGE('',*,*,#4820,.T.);
#4820 = EDGE_CURVE('',#4674,#4821,#4823,.T.);
#4821 = VERTEX_POINT('',#4822);
#4822 = CARTESIAN_POINT('',(-57.,-19.,10.));
#4823 = LINE('',#4824,#4825);
#4824 = CARTESIAN_POINT('',(-61.,-19.,10.));
#4825 = VECTOR('',#4826,1.);
#4826 = DIRECTION('',(1.,0.,0.));
#4827 = ORIENTED_EDGE('',*,*,#4828,.F.);
#4828 = EDGE_CURVE('',#4829,#4821,#4831,.T.);
#4829 = VERTEX_POINT('',#4830);
#4830 = CARTESIAN_POINT('',(-57.,-29.,10.));
#4831 = LINE('',#4832,#4833);
#4832 = CARTESIAN_POINT('',(-57.,-29.,10.));
#4833 = VECTOR('',#4834,1.);
#4834 = DIRECTION('',(0.,1.,0.));
#4835 = ORIENTED_EDGE('',*,*,#4836,.F.);
#4836 = EDGE_CURVE('',#4698,#4829,#4837,.T.);
#4837 = LINE('',#4838,#4839);
#4838 = CARTESIAN_POINT('',(-61.,-29.,10.));
#4839 = VECTOR('',#4840,1.);
#4840 = DIRECTION('',(1.,0.,0.));
#4841 = ORIENTED_EDGE('',*,*,#4705,.T.);
#4842 = ORIENTED_EDGE('',*,*,#4759,.T.);
#4843 = PLANE('',#4844);
#4844 = AXIS2_PLACEMENT_3D('',#4845,#4846,#4847);
#4845 = CARTESIAN_POINT('',(-28.17382498547,-15.97858101803,10.));
#4846 = DIRECTION('',(0.,0.,1.));
#4847 = DIRECTION('',(1.,0.,0.));
#4848 = ADVANCED_FACE('',(#4849),#4867,.T.);
#4849 = FACE_BOUND('',#4850,.T.);
#4850 = EDGE_LOOP('',(#4851,#4859,#4860,#4861));
#4851 = ORIENTED_EDGE('',*,*,#4852,.F.);
#4852 = EDGE_CURVE('',#4690,#4853,#4855,.T.);
#4853 = VERTEX_POINT('',#4854);
#4854 = CARTESIAN_POINT('',(-57.,-29.,0.));
#4855 = LINE('',#4856,#4857);
#4856 = CARTESIAN_POINT('',(-61.,-29.,0.));
#4857 = VECTOR('',#4858,1.);
#4858 = DIRECTION('',(1.,0.,0.));
#4859 = ORIENTED_EDGE('',*,*,#4697,.T.);
#4860 = ORIENTED_EDGE('',*,*,#4836,.T.);
#4861 = ORIENTED_EDGE('',*,*,#4862,.F.);
#4862 = EDGE_CURVE('',#4853,#4829,#4863,.T.);
#4863 = LINE('',#4864,#4865);
#4864 = CARTESIAN_POINT('',(-57.,-29.,0.));
#4865 = VECTOR('',#4866,1.);
#4866 = DIRECTION('',(0.,0.,1.));
#4867 = PLANE('',#4868);
#4868 = AXIS2_PLACEMENT_3D('',#4869,#4870,#4871);
#4869 = CARTESIAN_POINT('',(-61.,-29.,0.));
#4870 = DIRECTION('',(0.,1.,0.));
#4871 = DIRECTION('',(0.,0.,1.));
#4872 = ADVANCED_FACE('',(#4873),#4891,.T.);
#4873 = FACE_BOUND('',#4874,.T.);
#4874 = EDGE_LOOP('',(#4875,#4883,#4884,#4885));
#4875 = ORIENTED_EDGE('',*,*,#4876,.F.);
#4876 = EDGE_CURVE('',#4682,#4877,#4879,.T.);
#4877 = VERTEX_POINT('',#4878);
#4878 = CARTESIAN_POINT('',(-57.,-19.,0.));
#4879 = LINE('',#4880,#4881);
#4880 = CARTESIAN_POINT('',(-61.,-19.,0.));
#4881 = VECTOR('',#4882,1.);
#4882 = DIRECTION('',(1.,0.,0.));
#4883 = ORIENTED_EDGE('',*,*,#4689,.T.);
#4884 = ORIENTED_EDGE('',*,*,#4852,.T.);
#4885 = ORIENTED_EDGE('',*,*,#4886,.T.);
#4886 = EDGE_CURVE('',#4853,#4877,#4887,.T.);
#4887 = LINE('',#4888,#4889);
#4888 = CARTESIAN_POINT('',(-57.,-29.,0.));
#4889 = VECTOR('',#4890,1.);
#4890 = DIRECTION('',(0.,1.,0.));
#4891 = PLANE('',#4892);
#4892 = AXIS2_PLACEMENT_3D('',#4893,#4894,#4895);
#4893 = CARTESIAN_POINT('',(-61.,-29.,0.));
#4894 = DIRECTION('',(0.,0.,1.));
#4895 = DIRECTION('',(1.,0.,0.));
#4896 = ADVANCED_FACE('',(#4897),#4908,.F.);
#4897 = FACE_BOUND('',#4898,.F.);
#4898 = EDGE_LOOP('',(#4899,#4900,#4901,#4902));
#4899 = ORIENTED_EDGE('',*,*,#4876,.F.);
#4900 = ORIENTED_EDGE('',*,*,#4681,.T.);
#4901 = ORIENTED_EDGE('',*,*,#4820,.T.);
#4902 = ORIENTED_EDGE('',*,*,#4903,.F.);
#4903 = EDGE_CURVE('',#4877,#4821,#4904,.T.);
#4904 = LINE('',#4905,#4906);
#4905 = CARTESIAN_POINT('',(-57.,-19.,0.));
#4906 = VECTOR('',#4907,1.);
#4907 = DIRECTION('',(0.,0.,1.));
#4908 = PLANE('',#4909);
#4909 = AXIS2_PLACEMENT_3D('',#4910,#4911,#4912);
#4910 = CARTESIAN_POINT('',(-61.,-19.,0.));
#4911 = DIRECTION('',(0.,1.,0.));
#4912 = DIRECTION('',(0.,0.,1.));
#4913 = ADVANCED_FACE('',(#4914),#4932,.T.);
#4914 = FACE_BOUND('',#4915,.T.);
#4915 = EDGE_LOOP('',(#4916,#4924,#4925,#4926));
#4916 = ORIENTED_EDGE('',*,*,#4917,.F.);
#4917 = EDGE_CURVE('',#4658,#4918,#4920,.T.);
#4918 = VERTEX_POINT('',#4919);
#4919 = CARTESIAN_POINT('',(-57.,0.,0.));
#4920 = LINE('',#4921,#4922);
#4921 = CARTESIAN_POINT('',(-61.,0.,0.));
#4922 = VECTOR('',#4923,1.);
#4923 = DIRECTION('',(1.,0.,0.));
#4924 = ORIENTED_EDGE('',*,*,#4665,.T.);
#4925 = ORIENTED_EDGE('',*,*,#4813,.T.);
#4926 = ORIENTED_EDGE('',*,*,#4927,.F.);
#4927 = EDGE_CURVE('',#4918,#4806,#4928,.T.);
#4928 = LINE('',#4929,#4930);
#4929 = CARTESIAN_POINT('',(-57.,0.,0.));
#4930 = VECTOR('',#4931,1.);
#4931 = DIRECTION('',(0.,0.,1.));
#4932 = PLANE('',#4933);
#4933 = AXIS2_PLACEMENT_3D('',#4934,#4935,#4936);
#4934 = CARTESIAN_POINT('',(-61.,0.,0.));
#4935 = DIRECTION('',(0.,1.,0.));
#4936 = DIRECTION('',(0.,0.,1.));
#4937 = ADVANCED_FACE('',(#4938),#4956,.T.);
#4938 = FACE_BOUND('',#4939,.T.);
#4939 = EDGE_LOOP('',(#4940,#4948,#4949,#4950));
#4940 = ORIENTED_EDGE('',*,*,#4941,.F.);
#4941 = EDGE_CURVE('',#4650,#4942,#4944,.T.);
#4942 = VERTEX_POINT('',#4943);
#4943 = CARTESIAN_POINT('',(-57.,10.,0.));
#4944 = LINE('',#4945,#4946);
#4945 = CARTESIAN_POINT('',(-61.,10.,0.));
#4946 = VECTOR('',#4947,1.);
#4947 = DIRECTION('',(1.,0.,0.));
#4948 = ORIENTED_EDGE('',*,*,#4657,.T.);
#4949 = ORIENTED_EDGE('',*,*,#4917,.T.);
#4950 = ORIENTED_EDGE('',*,*,#4951,.T.);
#4951 = EDGE_CURVE('',#4918,#4942,#4952,.T.);
#4952 = LINE('',#4953,#4954);
#4953 = CARTESIAN_POINT('',(-57.,0.,0.));
#4954 = VECTOR('',#4955,1.);
#4955 = DIRECTION('',(0.,1.,0.));
#4956 = PLANE('',#4957);
#4957 = AXIS2_PLACEMENT_3D('',#4958,#4959,#4960);
#4958 = CARTESIAN_POINT('',(-61.,0.,0.));
#4959 = DIRECTION('',(0.,0.,1.));
#4960 = DIRECTION('',(1.,0.,0.));
#4961 = ADVANCED_FACE('',(#4962),#4973,.F.);
#4962 = FACE_BOUND('',#4963,.F.);
#4963 = EDGE_LOOP('',(#4964,#4965,#4966,#4967));
#4964 = ORIENTED_EDGE('',*,*,#4941,.F.);
#4965 = ORIENTED_EDGE('',*,*,#4649,.T.);
#4966 = ORIENTED_EDGE('',*,*,#4797,.T.);
#4967 = ORIENTED_EDGE('',*,*,#4968,.F.);
#4968 = EDGE_CURVE('',#4942,#4798,#4969,.T.);
#4969 = LINE('',#4970,#4971);
#4970 = CARTESIAN_POINT('',(-57.,10.,0.));
#4971 = VECTOR('',#4972,1.);
#4972 = DIRECTION('',(0.,0.,1.));
#4973 = PLANE('',#4974);
#4974 = AXIS2_PLACEMENT_3D('',#4975,#4976,#4977);
#4975 = CARTESIAN_POINT('',(-61.,10.,0.));
#4976 = DIRECTION('',(0.,1.,0.));
#4977 = DIRECTION('',(0.,0.,1.));
#4978 = ADVANCED_FACE('',(#4979),#4990,.F.);
#4979 = FACE_BOUND('',#4980,.F.);
#4980 = EDGE_LOOP('',(#4981,#4987,#4988,#4989));
#4981 = ORIENTED_EDGE('',*,*,#4982,.T.);
#4982 = EDGE_CURVE('',#4737,#4783,#4983,.T.);
#4983 = LINE('',#4984,#4985);
#4984 = CARTESIAN_POINT('',(-55.50545360067,16.,-35.));
#4985 = VECTOR('',#4986,1.);
#4986 = DIRECTION('',(0.,0.,1.));
#4987 = ORIENTED_EDGE('',*,*,#4790,.T.);
#4988 = ORIENTED_EDGE('',*,*,#4633,.F.);
#4989 = ORIENTED_EDGE('',*,*,#4744,.F.);
#4990 = PLANE('',#4991);
#4991 = AXIS2_PLACEMENT_3D('',#4992,#4993,#4994);
#4992 = CARTESIAN_POINT('',(-55.50545360067,16.,-35.));
#4993 = DIRECTION('',(0.,-1.,0.));
#4994 = DIRECTION('',(-1.,0.,0.));
#4995 = ADVANCED_FACE('',(#4996),#5002,.F.);
#4996 = FACE_BOUND('',#4997,.F.);
#4997 = EDGE_LOOP('',(#4998,#4999,#5000,#5001));
#4998 = ORIENTED_EDGE('',*,*,#4767,.T.);
#4999 = ORIENTED_EDGE('',*,*,#4782,.T.);
#5000 = ORIENTED_EDGE('',*,*,#4982,.F.);
#5001 = ORIENTED_EDGE('',*,*,#4736,.F.);
#5002 = PLANE('',#5003);
#5003 = AXIS2_PLACEMENT_3D('',#5004,#5005,#5006);
#5004 = CARTESIAN_POINT('',(-55.50545360067,-48.,-35.));
#5005 = DIRECTION('',(-1.,0.,0.));
#5006 = DIRECTION('',(0.,1.,0.));
#5007 = ADVANCED_FACE('',(#5008),#5014,.F.);
#5008 = FACE_BOUND('',#5009,.F.);
#5009 = EDGE_LOOP('',(#5010,#5011,#5012,#5013));
#5010 = ORIENTED_EDGE('',*,*,#4862,.F.);
#5011 = ORIENTED_EDGE('',*,*,#4886,.T.);
#5012 = ORIENTED_EDGE('',*,*,#4903,.T.);
#5013 = ORIENTED_EDGE('',*,*,#4828,.F.);
#5014 = PLANE('',#5015);
#5015 = AXIS2_PLACEMENT_3D('',#5016,#5017,#5018);
#5016 = CARTESIAN_POINT('',(-57.,-29.,0.));
#5017 = DIRECTION('',(1.,0.,0.));
#5018 = DIRECTION('',(0.,0.,1.));
#5019 = ADVANCED_FACE('',(#5020),#5026,.F.);
#5020 = FACE_BOUND('',#5021,.F.);
#5021 = EDGE_LOOP('',(#5022,#5023,#5024,#5025));
#5022 = ORIENTED_EDGE('',*,*,#4927,.F.);
#5023 = ORIENTED_EDGE('',*,*,#4951,.T.);
#5024 = ORIENTED_EDGE('',*,*,#4968,.T.);
#5025 = ORIENTED_EDGE('',*,*,#4805,.F.);
#5026 = PLANE('',#5027);
#5027 = AXIS2_PLACEMENT_3D('',#5028,#5029,#5030);
#5028 = CARTESIAN_POINT('',(-57.,0.,0.));
#5029 = DIRECTION('',(1.,0.,0.));
#5030 = DIRECTION('',(0.,0.,1.));
#5031 = ( GEOMETRIC_REPRESENTATION_CONTEXT(3) 
GLOBAL_UNCERTAINTY_ASSIGNED_CONTEXT((#5035)) 
GLOBAL_UNIT_ASSIGNED_CONTEXT((#5032,#5033,#5034)) REPRESENTATION_CONTEXT
('Context #1','3D Context with UNIT and UNCERTAINTY') );
#5032 = ( LENGTH_UNIT() NAMED_UNIT(*) SI_UNIT(.MILLI.,.METRE.) );
#5033 = ( NAMED_UNIT(*) PLANE_ANGLE_UNIT() SI_UNIT($,.RADIAN.) );
#5034 = ( NAMED_UNIT(*) SI_UNIT($,.STERADIAN.) SOLID_ANGLE_UNIT() );
#5035 = UNCERTAINTY_MEASURE_WITH_UNIT(LENGTH_MEASURE(2.E-05),#5032,
  'distance_accuracy_value','confusion accuracy');
#5036 = CONTEXT_DEPENDENT_SHAPE_REPRESENTATION(#5037,#5039);
#5037 = ( REPRESENTATION_RELATIONSHIP('','',#4182,#10) 
REPRESENTATION_RELATIONSHIP_WITH_TRANSFORMATION(#5038) 
SHAPE_REPRESENTATION_RELATIONSHIP() );
#5038 = ITEM_DEFINED_TRANSFORMATION('','',#11,#55);
#5039 = PRODUCT_DEFINITION_SHAPE('Placement','Placement of an item',
  #5040);
#5040 = NEXT_ASSEMBLY_USAGE_OCCURRENCE('11','Box005','',#5,#4177,$);
#5041 = PRODUCT_RELATED_PRODUCT_CATEGORY('part',$,(#4179));
#5042 = MECHANICAL_DESIGN_GEOMETRIC_PRESENTATION_REPRESENTATION('',(
    #5043),#1664);
#5043 = STYLED_ITEM('color',(#5044),#878);
#5044 = PRESENTATION_STYLE_ASSIGNMENT((#5045,#5051));
#5045 = SURFACE_STYLE_USAGE(.BOTH.,#5046);
#5046 = SURFACE_SIDE_STYLE('',(#5047));
#5047 = SURFACE_STYLE_FILL_AREA(#5048);
#5048 = FILL_AREA_STYLE('',(#5049));
#5049 = FILL_AREA_STYLE_COLOUR('',#5050);
#5050 = COLOUR_RGB('',0.447058818107,0.474509808674,0.501960817233);
#5051 = CURVE_STYLE('',#5052,POSITIVE_LENGTH_MEASURE(0.1),#5053);
#5052 = DRAUGHTING_PRE_DEFINED_CURVE_FONT('continuous');
#5053 = COLOUR_RGB('',9.803921802644E-02,9.803921802644E-02,
  9.803921802644E-02);
#5054 = MECHANICAL_DESIGN_GEOMETRIC_PRESENTATION_REPRESENTATION('',(
    #5055,#5064),#3297);
#5055 = STYLED_ITEM('color',(#5056),#2997);
#5056 = PRESENTATION_STYLE_ASSIGNMENT((#5057,#5062));
#5057 = SURFACE_STYLE_USAGE(.BOTH.,#5058);
#5058 = SURFACE_SIDE_STYLE('',(#5059));
#5059 = SURFACE_STYLE_FILL_AREA(#5060);
#5060 = FILL_AREA_STYLE('',(#5061));
#5061 = FILL_AREA_STYLE_COLOUR('',#5050);
#5062 = CURVE_STYLE('',#5063,POSITIVE_LENGTH_MEASURE(0.1),#5053);
#5063 = DRAUGHTING_PRE_DEFINED_CURVE_FONT('continuous');
#5064 = STYLED_ITEM('color',(#5065),#3147);
#5065 = PRESENTATION_STYLE_ASSIGNMENT((#5066,#5071));
#5066 = SURFACE_STYLE_USAGE(.BOTH.,#5067);
#5067 = SURFACE_SIDE_STYLE('',(#5068));
#5068 = SURFACE_STYLE_FILL_AREA(#5069);
#5069 = FILL_AREA_STYLE('',(#5070));
#5070 = FILL_AREA_STYLE_COLOUR('',#5050);
#5071 = CURVE_STYLE('',#5072,POSITIVE_LENGTH_MEASURE(0.1),#5053);
#5072 = DRAUGHTING_PRE_DEFINED_CURVE_FONT('continuous');
#5073 = MECHANICAL_DESIGN_GEOMETRIC_PRESENTATION_REPRESENTATION('',(
    #5074,#5083),#5031);
#5074 = STYLED_ITEM('color',(#5075),#4183);
#5075 = PRESENTATION_STYLE_ASSIGNMENT((#5076,#5081));
#5076 = SURFACE_STYLE_USAGE(.BOTH.,#5077);
#5077 = SURFACE_SIDE_STYLE('',(#5078));
#5078 = SURFACE_STYLE_FILL_AREA(#5079);
#5079 = FILL_AREA_STYLE('',(#5080));
#5080 = FILL_AREA_STYLE_COLOUR('',#5050);
#5081 = CURVE_STYLE('',#5082,POSITIVE_LENGTH_MEASURE(0.1),#5053);
#5082 = DRAUGHTING_PRE_DEFINED_CURVE_FONT('continuous');
#5083 = STYLED_ITEM('color',(#5084),#4617);
#5084 = PRESENTATION_STYLE_ASSIGNMENT((#5085,#5090));
#5085 = SURFACE_STYLE_USAGE(.BOTH.,#5086);
#5086 = SURFACE_SIDE_STYLE('',(#5087));
#5087 = SURFACE_STYLE_FILL_AREA(#5088);
#5088 = FILL_AREA_STYLE('',(#5089));
#5089 = FILL_AREA_STYLE_COLOUR('',#5050);
#5090 = CURVE_STYLE('',#5091,POSITIVE_LENGTH_MEASURE(0.1),#5053);
#5091 = DRAUGHTING_PRE_DEFINED_CURVE_FONT('continuous');
#5092 = MECHANICAL_DESIGN_GEOMETRIC_PRESENTATION_REPRESENTATION('',(
    #5093),#2152);
#5093 = STYLED_ITEM('color',(#5094),#2002);
#5094 = PRESENTATION_STYLE_ASSIGNMENT((#5095,#5100));
#5095 = SURFACE_STYLE_USAGE(.BOTH.,#5096);
#5096 = SURFACE_SIDE_STYLE('',(#5097));
#5097 = SURFACE_STYLE_FILL_AREA(#5098);
#5098 = FILL_AREA_STYLE('',(#5099));
#5099 = FILL_AREA_STYLE_COLOUR('',#5050);
#5100 = CURVE_STYLE('',#5101,POSITIVE_LENGTH_MEASURE(0.1),#5053);
#5101 = DRAUGHTING_PRE_DEFINED_CURVE_FONT('continuous');
#5102 = MECHANICAL_DESIGN_GEOMETRIC_PRESENTATION_REPRESENTATION('',(
    #5103),#859);
#5103 = STYLED_ITEM('color',(#5104),#73);
#5104 = PRESENTATION_STYLE_ASSIGNMENT((#5105,#5110));
#5105 = SURFACE_STYLE_USAGE(.BOTH.,#5106);
#5106 = SURFACE_SIDE_STYLE('',(#5107));
#5107 = SURFACE_STYLE_FILL_AREA(#5108);
#5108 = FILL_AREA_STYLE('',(#5109));
#5109 = FILL_AREA_STYLE_COLOUR('',#5050);
#5110 = CURVE_STYLE('',#5111,POSITIVE_LENGTH_MEASURE(0.1),#5053);
#5111 = DRAUGHTING_PRE_DEFINED_CURVE_FONT('continuous');
#5112 = MECHANICAL_DESIGN_GEOMETRIC_PRESENTATION_REPRESENTATION('',(
    #5113),#2321);
#5113 = STYLED_ITEM('color',(#5114),#2171);
#5114 = PRESENTATION_STYLE_ASSIGNMENT((#5115,#5120));
#5115 = SURFACE_STYLE_USAGE(.BOTH.,#5116);
#5116 = SURFACE_SIDE_STYLE('',(#5117));
#5117 = SURFACE_STYLE_FILL_AREA(#5118);
#5118 = FILL_AREA_STYLE('',(#5119));
#5119 = FILL_AREA_STYLE_COLOUR('',#5050);
#5120 = CURVE_STYLE('',#5121,POSITIVE_LENGTH_MEASURE(0.1),#5053);
#5121 = DRAUGHTING_PRE_DEFINED_CURVE_FONT('continuous');
#5122 = MECHANICAL_DESIGN_GEOMETRIC_PRESENTATION_REPRESENTATION('',(
    #5123),#2978);
#5123 = STYLED_ITEM('color',(#5124),#2828);
#5124 = PRESENTATION_STYLE_ASSIGNMENT((#5125,#5130));
#5125 = SURFACE_STYLE_USAGE(.BOTH.,#5126);
#5126 = SURFACE_SIDE_STYLE('',(#5127));
#5127 = SURFACE_STYLE_FILL_AREA(#5128);
#5128 = FILL_AREA_STYLE('',(#5129));
#5129 = FILL_AREA_STYLE_COLOUR('',#5050);
#5130 = CURVE_STYLE('',#5131,POSITIVE_LENGTH_MEASURE(0.1),#5053);
#5131 = DRAUGHTING_PRE_DEFINED_CURVE_FONT('continuous');
#5132 = MECHANICAL_DESIGN_GEOMETRIC_PRESENTATION_REPRESENTATION('',(
    #5133),#2809);
#5133 = STYLED_ITEM('color',(#5134),#2659);
#5134 = PRESENTATION_STYLE_ASSIGNMENT((#5135,#5140));
#5135 = SURFACE_STYLE_USAGE(.BOTH.,#5136);
#5136 = SURFACE_SIDE_STYLE('',(#5137));
#5137 = SURFACE_STYLE_FILL_AREA(#5138);
#5138 = FILL_AREA_STYLE('',(#5139));
#5139 = FILL_AREA_STYLE_COLOUR('',#5050);
#5140 = CURVE_STYLE('',#5141,POSITIVE_LENGTH_MEASURE(0.1),#5053);
#5141 = DRAUGHTING_PRE_DEFINED_CURVE_FONT('continuous');
#5142 = MECHANICAL_DESIGN_GEOMETRIC_PRESENTATION_REPRESENTATION('',(
    #5143,#5152),#2640);
#5143 = STYLED_ITEM('color',(#5144),#2340);
#5144 = PRESENTATION_STYLE_ASSIGNMENT((#5145,#5150));
#5145 = SURFACE_STYLE_USAGE(.BOTH.,#5146);
#5146 = SURFACE_SIDE_STYLE('',(#5147));
#5147 = SURFACE_STYLE_FILL_AREA(#5148);
#5148 = FILL_AREA_STYLE('',(#5149));
#5149 = FILL_AREA_STYLE_COLOUR('',#5050);
#5150 = CURVE_STYLE('',#5151,POSITIVE_LENGTH_MEASURE(0.1),#5053);
#5151 = DRAUGHTING_PRE_DEFINED_CURVE_FONT('continuous');
#5152 = STYLED_ITEM('color',(#5153),#2490);
#5153 = PRESENTATION_STYLE_ASSIGNMENT((#5154,#5159));
#5154 = SURFACE_STYLE_USAGE(.BOTH.,#5155);
#5155 = SURFACE_SIDE_STYLE('',(#5156));
#5156 = SURFACE_STYLE_FILL_AREA(#5157);
#5157 = FILL_AREA_STYLE('',(#5158));
#5158 = FILL_AREA_STYLE_COLOUR('',#5050);
#5159 = CURVE_STYLE('',#5160,POSITIVE_LENGTH_MEASURE(0.1),#5053);
#5160 = DRAUGHTING_PRE_DEFINED_CURVE_FONT('continuous');
#5161 = MECHANICAL_DESIGN_GEOMETRIC_PRESENTATION_REPRESENTATION('',(
    #5162,#5171),#1983);
#5162 = STYLED_ITEM('color',(#5163),#1683);
#5163 = PRESENTATION_STYLE_ASSIGNMENT((#5164,#5169));
#5164 = SURFACE_STYLE_USAGE(.BOTH.,#5165);
#5165 = SURFACE_SIDE_STYLE('',(#5166));
#5166 = SURFACE_STYLE_FILL_AREA(#5167);
#5167 = FILL_AREA_STYLE('',(#5168));
#5168 = FILL_AREA_STYLE_COLOUR('',#5050);
#5169 = CURVE_STYLE('',#5170,POSITIVE_LENGTH_MEASURE(0.1),#5053);
#5170 = DRAUGHTING_PRE_DEFINED_CURVE_FONT('continuous');
#5171 = STYLED_ITEM('color',(#5172),#1833);
#5172 = PRESENTATION_STYLE_ASSIGNMENT((#5173,#5178));
#5173 = SURFACE_STYLE_USAGE(.BOTH.,#5174);
#5174 = SURFACE_SIDE_STYLE('',(#5175));
#5175 = SURFACE_STYLE_FILL_AREA(#5176);
#5176 = FILL_AREA_STYLE('',(#5177));
#5177 = FILL_AREA_STYLE_COLOUR('',#5050);
#5178 = CURVE_STYLE('',#5179,POSITIVE_LENGTH_MEASURE(0.1),#5053);
#5179 = DRAUGHTING_PRE_DEFINED_CURVE_FONT('continuous');
#5180 = MECHANICAL_DESIGN_GEOMETRIC_PRESENTATION_REPRESENTATION('',(
    #5181,#5190),#4164);
#5181 = STYLED_ITEM('color',(#5182),#3316);
#5182 = PRESENTATION_STYLE_ASSIGNMENT((#5183,#5188));
#5183 = SURFACE_STYLE_USAGE(.BOTH.,#5184);
#5184 = SURFACE_SIDE_STYLE('',(#5185));
#5185 = SURFACE_STYLE_FILL_AREA(#5186);
#5186 = FILL_AREA_STYLE('',(#5187));
#5187 = FILL_AREA_STYLE_COLOUR('',#5050);
#5188 = CURVE_STYLE('',#5189,POSITIVE_LENGTH_MEASURE(0.1),#5053);
#5189 = DRAUGHTING_PRE_DEFINED_CURVE_FONT('continuous');
#5190 = STYLED_ITEM('color',(#5191),#3750);
#5191 = PRESENTATION_STYLE_ASSIGNMENT((#5192,#5197));
#5192 = SURFACE_STYLE_USAGE(.BOTH.,#5193);
#5193 = SURFACE_SIDE_STYLE('',(#5194));
#5194 = SURFACE_STYLE_FILL_AREA(#5195);
#5195 = FILL_AREA_STYLE('',(#5196));
#5196 = FILL_AREA_STYLE_COLOUR('',#5050);
#5197 = CURVE_STYLE('',#5198,POSITIVE_LENGTH_MEASURE(0.1),#5053);
#5198 = DRAUGHTING_PRE_DEFINED_CURVE_FONT('continuous');
ENDSEC;
END-ISO-10303-21;
