ISO-10303-21;
HEADER;
FILE_DESCRIPTION(('FreeCAD Model'),'2;1');
FILE_NAME('Open CASCADE Shape Model','2026-09-26T21:26:12',(''),(''),
  'Open CASCADE STEP processor 7.8','FreeCAD','Unknown');
FILE_SCHEMA(('AUTOMOTIVE_DESIGN { 1 0 10303 214 1 1 1 1 }'));
ENDSEC;
DATA;
#1 = APPLICATION_PROTOCOL_DEFINITION('international standard',
  'automotive_design',2000,#2);
#2 = APPLICATION_CONTEXT(
  'core data for automotive mechanical design processes');
#3 = SHAPE_DEFINITION_REPRESENTATION(#4,#10);
#4 = PRODUCT_DEFINITION_SHAPE('','',#5);
#5 = PRODUCT_DEFINITION('design','',#6,#9);
#6 = PRODUCT_DEFINITION_FORMATION('','',#7);
#7 = PRODUCT('chargertop','chargertop','',(#8));
#8 = PRODUCT_CONTEXT('',#2,'mechanical');
#9 = PRODUCT_DEFINITION_CONTEXT('part definition',#2,'design');
#10 = SHAPE_REPRESENTATION('',(#11,#15,#19,#23,#27),#31);
#11 = AXIS2_PLACEMENT_3D('',#12,#13,#14);
#12 = CARTESIAN_POINT('',(0.,0.,0.));
#13 = DIRECTION('',(0.,0.,1.));
#14 = DIRECTION('',(1.,0.,-0.));
#15 = AXIS2_PLACEMENT_3D('',#16,#17,#18);
#16 = CARTESIAN_POINT('',(0.,0.,0.));
#17 = DIRECTION('',(0.,0.,1.));
#18 = DIRECTION('',(1.,0.,0.));
#19 = AXIS2_PLACEMENT_3D('',#20,#21,#22);
#20 = CARTESIAN_POINT('',(-6.,-60.,-5.));
#21 = DIRECTION('',(0.,0.,1.));
#22 = DIRECTION('',(1.,0.,0.));
#23 = AXIS2_PLACEMENT_3D('',#24,#25,#26);
#24 = CARTESIAN_POINT('',(0.,0.,0.));
#25 = DIRECTION('',(0.,0.,1.));
#26 = DIRECTION('',(1.,0.,0.));
#27 = AXIS2_PLACEMENT_3D('',#28,#29,#30);
#28 = CARTESIAN_POINT('',(32.,-42.34,25.));
#29 = DIRECTION('',(0.,0.,1.));
#30 = DIRECTION('',(1.,0.,0.));
#31 = ( GEOMETRIC_REPRESENTATION_CONTEXT(3) 
GLOBAL_UNCERTAINTY_ASSIGNED_CONTEXT((#35)) GLOBAL_UNIT_ASSIGNED_CONTEXT(
(#32,#33,#34)) REPRESENTATION_CONTEXT('Context #1',
  '3D Context with UNIT and UNCERTAINTY') );
#32 = ( LENGTH_UNIT() NAMED_UNIT(*) SI_UNIT(.MILLI.,.METRE.) );
#33 = ( NAMED_UNIT(*) PLANE_ANGLE_UNIT() SI_UNIT($,.RADIAN.) );
#34 = ( NAMED_UNIT(*) SI_UNIT($,.STERADIAN.) SOLID_ANGLE_UNIT() );
#35 = UNCERTAINTY_MEASURE_WITH_UNIT(LENGTH_MEASURE(2.E-05),#32,
  'distance_accuracy_value','confusion accuracy');
#36 = PRODUCT_RELATED_PRODUCT_CATEGORY('part',$,(#7));
#37 = SHAPE_DEFINITION_REPRESENTATION(#38,#44);
#38 = PRODUCT_DEFINITION_SHAPE('','',#39);
#39 = PRODUCT_DEFINITION('design','',#40,#43);
#40 = PRODUCT_DEFINITION_FORMATION('','',#41);
#41 = PRODUCT('Body','Body','',(#42));
#42 = PRODUCT_CONTEXT('',#2,'mechanical');
#43 = PRODUCT_DEFINITION_CONTEXT('part definition',#2,'design');
#44 = ADVANCED_BREP_SHAPE_REPRESENTATION('',(#11,#45),#2325);
#45 = MANIFOLD_SOLID_BREP('',#46);
#46 = CLOSED_SHELL('',(#47,#417,#468,#493,#536,#553,#586,#619,#652,#685,
    #736,#761,#804,#821,#872,#897,#940,#957,#1008,#1033,#1076,#1093,
    #1144,#1169,#1212,#1229,#1246,#1429,#1441,#1472,#1489,#1506,#1569,
    #1586,#1634,#1651,#1682,#1694,#1706,#1718,#1730,#1742,#1754,#1766,
    #1778,#1809,#1865,#1906,#1923,#1954,#1978,#2002,#2019,#2050,#2074,
    #2098,#2115,#2133,#2167,#2179,#2196,#2213,#2230,#2265,#2277,#2289,
    #2301,#2313));
#47 = ADVANCED_FACE('',(#48,#114,#148,#214,#280,#346),#412,.F.);
#48 = FACE_BOUND('',#49,.F.);
#49 = EDGE_LOOP('',(#50,#60,#68,#76,#84,#92,#100,#108));
#50 = ORIENTED_EDGE('',*,*,#51,.F.);
#51 = EDGE_CURVE('',#52,#54,#56,.T.);
#52 = VERTEX_POINT('',#53);
#53 = CARTESIAN_POINT('',(-4.5,-40.,-3.));
#54 = VERTEX_POINT('',#55);
#55 = CARTESIAN_POINT('',(-4.5,-39.,-3.));
#56 = LINE('',#57,#58);
#57 = CARTESIAN_POINT('',(-4.5,-30.,-3.));
#58 = VECTOR('',#59,1.);
#59 = DIRECTION('',(0.,1.,0.));
#60 = ORIENTED_EDGE('',*,*,#61,.F.);
#61 = EDGE_CURVE('',#62,#52,#64,.T.);
#62 = VERTEX_POINT('',#63);
#63 = CARTESIAN_POINT('',(-4.5,-60.,-3.));
#64 = LINE('',#65,#66);
#65 = CARTESIAN_POINT('',(-4.5,-30.,-3.));
#66 = VECTOR('',#67,1.);
#67 = DIRECTION('',(0.,1.,0.));
#68 = ORIENTED_EDGE('',*,*,#69,.T.);
#69 = EDGE_CURVE('',#62,#70,#72,.T.);
#70 = VERTEX_POINT('',#71);
#71 = CARTESIAN_POINT('',(-4.5,-61.,-3.));
#72 = LINE('',#73,#74);
#73 = CARTESIAN_POINT('',(-4.5,-30.,-3.));
#74 = VECTOR('',#75,1.);
#75 = DIRECTION('',(-0.,-1.,-0.));
#76 = ORIENTED_EDGE('',*,*,#77,.T.);
#77 = EDGE_CURVE('',#70,#78,#80,.T.);
#78 = VERTEX_POINT('',#79);
#79 = CARTESIAN_POINT('',(-6.,-61.,-3.));
#80 = LINE('',#81,#82);
#81 = CARTESIAN_POINT('',(-4.5,-61.,-3.));
#82 = VECTOR('',#83,1.);
#83 = DIRECTION('',(-1.,0.,0.));
#84 = ORIENTED_EDGE('',*,*,#85,.F.);
#85 = EDGE_CURVE('',#86,#78,#88,.T.);
#86 = VERTEX_POINT('',#87);
#87 = CARTESIAN_POINT('',(-6.,-60.,-3.));
#88 = LINE('',#89,#90);
#89 = CARTESIAN_POINT('',(-6.,-30.,-3.));
#90 = VECTOR('',#91,1.);
#91 = DIRECTION('',(-0.,-1.,-0.));
#92 = ORIENTED_EDGE('',*,*,#93,.T.);
#93 = EDGE_CURVE('',#86,#94,#96,.T.);
#94 = VERTEX_POINT('',#95);
#95 = CARTESIAN_POINT('',(-6.,-40.,-3.));
#96 = LINE('',#97,#98);
#97 = CARTESIAN_POINT('',(-6.,-30.,-3.));
#98 = VECTOR('',#99,1.);
#99 = DIRECTION('',(0.,1.,0.));
#100 = ORIENTED_EDGE('',*,*,#101,.T.);
#101 = EDGE_CURVE('',#94,#102,#104,.T.);
#102 = VERTEX_POINT('',#103);
#103 = CARTESIAN_POINT('',(-6.,-39.,-3.));
#104 = LINE('',#105,#106);
#105 = CARTESIAN_POINT('',(-6.,-30.,-3.));
#106 = VECTOR('',#107,1.);
#107 = DIRECTION('',(0.,1.,0.));
#108 = ORIENTED_EDGE('',*,*,#109,.F.);
#109 = EDGE_CURVE('',#54,#102,#110,.T.);
#110 = LINE('',#111,#112);
#111 = CARTESIAN_POINT('',(-4.5,-39.,-3.));
#112 = VECTOR('',#113,1.);
#113 = DIRECTION('',(-1.,0.,0.));
#114 = FACE_BOUND('',#115,.F.);
#115 = EDGE_LOOP('',(#116,#126,#134,#142));
#116 = ORIENTED_EDGE('',*,*,#117,.T.);
#117 = EDGE_CURVE('',#118,#120,#122,.T.);
#118 = VERTEX_POINT('',#119);
#119 = CARTESIAN_POINT('',(35.610589947643,-65.,-3.));
#120 = VERTEX_POINT('',#121);
#121 = CARTESIAN_POINT('',(35.610589947643,65.,-3.));
#122 = LINE('',#123,#124);
#123 = CARTESIAN_POINT('',(35.610589947643,-65.,-3.));
#124 = VECTOR('',#125,1.);
#125 = DIRECTION('',(0.,1.,0.));
#126 = ORIENTED_EDGE('',*,*,#127,.T.);
#127 = EDGE_CURVE('',#120,#128,#130,.T.);
#128 = VERTEX_POINT('',#129);
#129 = CARTESIAN_POINT('',(-29.38941005235,65.,-3.));
#130 = LINE('',#131,#132);
#131 = CARTESIAN_POINT('',(35.610589947643,65.,-3.));
#132 = VECTOR('',#133,1.);
#133 = DIRECTION('',(-1.,0.,0.));
#134 = ORIENTED_EDGE('',*,*,#135,.T.);
#135 = EDGE_CURVE('',#128,#136,#138,.T.);
#136 = VERTEX_POINT('',#137);
#137 = CARTESIAN_POINT('',(-29.38941005235,-65.,-3.));
#138 = LINE('',#139,#140);
#139 = CARTESIAN_POINT('',(-29.38941005235,65.,-3.));
#140 = VECTOR('',#141,1.);
#141 = DIRECTION('',(0.,-1.,0.));
#142 = ORIENTED_EDGE('',*,*,#143,.T.);
#143 = EDGE_CURVE('',#136,#118,#144,.T.);
#144 = LINE('',#145,#146);
#145 = CARTESIAN_POINT('',(-29.38941005235,-65.,-3.));
#146 = VECTOR('',#147,1.);
#147 = DIRECTION('',(1.,0.,0.));
#148 = FACE_BOUND('',#149,.F.);
#149 = EDGE_LOOP('',(#150,#160,#168,#176,#184,#192,#200,#208));
#150 = ORIENTED_EDGE('',*,*,#151,.F.);
#151 = EDGE_CURVE('',#152,#154,#156,.T.);
#152 = VERTEX_POINT('',#153);
#153 = CARTESIAN_POINT('',(-18.5,-40.,-3.));
#154 = VERTEX_POINT('',#155);
#155 = CARTESIAN_POINT('',(-18.5,-39.,-3.));
#156 = LINE('',#157,#158);
#157 = CARTESIAN_POINT('',(-18.5,-30.,-3.));
#158 = VECTOR('',#159,1.);
#159 = DIRECTION('',(0.,1.,0.));
#160 = ORIENTED_EDGE('',*,*,#161,.F.);
#161 = EDGE_CURVE('',#162,#152,#164,.T.);
#162 = VERTEX_POINT('',#163);
#163 = CARTESIAN_POINT('',(-18.5,-60.,-3.));
#164 = LINE('',#165,#166);
#165 = CARTESIAN_POINT('',(-18.5,-30.,-3.));
#166 = VECTOR('',#167,1.);
#167 = DIRECTION('',(0.,1.,0.));
#168 = ORIENTED_EDGE('',*,*,#169,.T.);
#169 = EDGE_CURVE('',#162,#170,#172,.T.);
#170 = VERTEX_POINT('',#171);
#171 = CARTESIAN_POINT('',(-18.5,-61.,-3.));
#172 = LINE('',#173,#174);
#173 = CARTESIAN_POINT('',(-18.5,-30.,-3.));
#174 = VECTOR('',#175,1.);
#175 = DIRECTION('',(-0.,-1.,-0.));
#176 = ORIENTED_EDGE('',*,*,#177,.T.);
#177 = EDGE_CURVE('',#170,#178,#180,.T.);
#178 = VERTEX_POINT('',#179);
#179 = CARTESIAN_POINT('',(-20.,-61.,-3.));
#180 = LINE('',#181,#182);
#181 = CARTESIAN_POINT('',(-18.5,-61.,-3.));
#182 = VECTOR('',#183,1.);
#183 = DIRECTION('',(-1.,0.,0.));
#184 = ORIENTED_EDGE('',*,*,#185,.F.);
#185 = EDGE_CURVE('',#186,#178,#188,.T.);
#186 = VERTEX_POINT('',#187);
#187 = CARTESIAN_POINT('',(-20.,-60.,-3.));
#188 = LINE('',#189,#190);
#189 = CARTESIAN_POINT('',(-20.,-30.,-3.));
#190 = VECTOR('',#191,1.);
#191 = DIRECTION('',(-0.,-1.,-0.));
#192 = ORIENTED_EDGE('',*,*,#193,.T.);
#193 = EDGE_CURVE('',#186,#194,#196,.T.);
#194 = VERTEX_POINT('',#195);
#195 = CARTESIAN_POINT('',(-20.,-40.,-3.));
#196 = LINE('',#197,#198);
#197 = CARTESIAN_POINT('',(-20.,-30.,-3.));
#198 = VECTOR('',#199,1.);
#199 = DIRECTION('',(0.,1.,0.));
#200 = ORIENTED_EDGE('',*,*,#201,.T.);
#201 = EDGE_CURVE('',#194,#202,#204,.T.);
#202 = VERTEX_POINT('',#203);
#203 = CARTESIAN_POINT('',(-20.,-39.,-3.));
#204 = LINE('',#205,#206);
#205 = CARTESIAN_POINT('',(-20.,-30.,-3.));
#206 = VECTOR('',#207,1.);
#207 = DIRECTION('',(0.,1.,0.));
#208 = ORIENTED_EDGE('',*,*,#209,.F.);
#209 = EDGE_CURVE('',#154,#202,#210,.T.);
#210 = LINE('',#211,#212);
#211 = CARTESIAN_POINT('',(-18.5,-39.,-3.));
#212 = VECTOR('',#213,1.);
#213 = DIRECTION('',(-1.,0.,0.));
#214 = FACE_BOUND('',#215,.F.);
#215 = EDGE_LOOP('',(#216,#226,#234,#242,#250,#258,#266,#274));
#216 = ORIENTED_EDGE('',*,*,#217,.F.);
#217 = EDGE_CURVE('',#218,#220,#222,.T.);
#218 = VERTEX_POINT('',#219);
#219 = CARTESIAN_POINT('',(-15.,-40.,-3.));
#220 = VERTEX_POINT('',#221);
#221 = CARTESIAN_POINT('',(-15.,-39.,-3.));
#222 = LINE('',#223,#224);
#223 = CARTESIAN_POINT('',(-15.,-30.,-3.));
#224 = VECTOR('',#225,1.);
#225 = DIRECTION('',(0.,1.,0.));
#226 = ORIENTED_EDGE('',*,*,#227,.F.);
#227 = EDGE_CURVE('',#228,#218,#230,.T.);
#228 = VERTEX_POINT('',#229);
#229 = CARTESIAN_POINT('',(-15.,-60.,-3.));
#230 = LINE('',#231,#232);
#231 = CARTESIAN_POINT('',(-15.,-30.,-3.));
#232 = VECTOR('',#233,1.);
#233 = DIRECTION('',(0.,1.,0.));
#234 = ORIENTED_EDGE('',*,*,#235,.T.);
#235 = EDGE_CURVE('',#228,#236,#238,.T.);
#236 = VERTEX_POINT('',#237);
#237 = CARTESIAN_POINT('',(-15.,-61.,-3.));
#238 = LINE('',#239,#240);
#239 = CARTESIAN_POINT('',(-15.,-30.,-3.));
#240 = VECTOR('',#241,1.);
#241 = DIRECTION('',(-0.,-1.,-0.));
#242 = ORIENTED_EDGE('',*,*,#243,.T.);
#243 = EDGE_CURVE('',#236,#244,#246,.T.);
#244 = VERTEX_POINT('',#245);
#245 = CARTESIAN_POINT('',(-16.5,-61.,-3.));
#246 = LINE('',#247,#248);
#247 = CARTESIAN_POINT('',(-15.,-61.,-3.));
#248 = VECTOR('',#249,1.);
#249 = DIRECTION('',(-1.,0.,0.));
#250 = ORIENTED_EDGE('',*,*,#251,.F.);
#251 = EDGE_CURVE('',#252,#244,#254,.T.);
#252 = VERTEX_POINT('',#253);
#253 = CARTESIAN_POINT('',(-16.5,-60.,-3.));
#254 = LINE('',#255,#256);
#255 = CARTESIAN_POINT('',(-16.5,-30.,-3.));
#256 = VECTOR('',#257,1.);
#257 = DIRECTION('',(-0.,-1.,-0.));
#258 = ORIENTED_EDGE('',*,*,#259,.T.);
#259 = EDGE_CURVE('',#252,#260,#262,.T.);
#260 = VERTEX_POINT('',#261);
#261 = CARTESIAN_POINT('',(-16.5,-40.,-3.));
#262 = LINE('',#263,#264);
#263 = CARTESIAN_POINT('',(-16.5,-30.,-3.));
#264 = VECTOR('',#265,1.);
#265 = DIRECTION('',(0.,1.,0.));
#266 = ORIENTED_EDGE('',*,*,#267,.T.);
#267 = EDGE_CURVE('',#260,#268,#270,.T.);
#268 = VERTEX_POINT('',#269);
#269 = CARTESIAN_POINT('',(-16.5,-39.,-3.));
#270 = LINE('',#271,#272);
#271 = CARTESIAN_POINT('',(-16.5,-30.,-3.));
#272 = VECTOR('',#273,1.);
#273 = DIRECTION('',(0.,1.,0.));
#274 = ORIENTED_EDGE('',*,*,#275,.F.);
#275 = EDGE_CURVE('',#220,#268,#276,.T.);
#276 = LINE('',#277,#278);
#277 = CARTESIAN_POINT('',(-15.,-39.,-3.));
#278 = VECTOR('',#279,1.);
#279 = DIRECTION('',(-1.,0.,0.));
#280 = FACE_BOUND('',#281,.F.);
#281 = EDGE_LOOP('',(#282,#292,#300,#308,#316,#324,#332,#340));
#282 = ORIENTED_EDGE('',*,*,#283,.F.);
#283 = EDGE_CURVE('',#284,#286,#288,.T.);
#284 = VERTEX_POINT('',#285);
#285 = CARTESIAN_POINT('',(-11.5,-40.,-3.));
#286 = VERTEX_POINT('',#287);
#287 = CARTESIAN_POINT('',(-11.5,-39.,-3.));
#288 = LINE('',#289,#290);
#289 = CARTESIAN_POINT('',(-11.5,-30.,-3.));
#290 = VECTOR('',#291,1.);
#291 = DIRECTION('',(0.,1.,0.));
#292 = ORIENTED_EDGE('',*,*,#293,.F.);
#293 = EDGE_CURVE('',#294,#284,#296,.T.);
#294 = VERTEX_POINT('',#295);
#295 = CARTESIAN_POINT('',(-11.5,-60.,-3.));
#296 = LINE('',#297,#298);
#297 = CARTESIAN_POINT('',(-11.5,-30.,-3.));
#298 = VECTOR('',#299,1.);
#299 = DIRECTION('',(0.,1.,0.));
#300 = ORIENTED_EDGE('',*,*,#301,.T.);
#301 = EDGE_CURVE('',#294,#302,#304,.T.);
#302 = VERTEX_POINT('',#303);
#303 = CARTESIAN_POINT('',(-11.5,-61.,-3.));
#304 = LINE('',#305,#306);
#305 = CARTESIAN_POINT('',(-11.5,-30.,-3.));
#306 = VECTOR('',#307,1.);
#307 = DIRECTION('',(-0.,-1.,-0.));
#308 = ORIENTED_EDGE('',*,*,#309,.T.);
#309 = EDGE_CURVE('',#302,#310,#312,.T.);
#310 = VERTEX_POINT('',#311);
#311 = CARTESIAN_POINT('',(-13.,-61.,-3.));
#312 = LINE('',#313,#314);
#313 = CARTESIAN_POINT('',(-11.5,-61.,-3.));
#314 = VECTOR('',#315,1.);
#315 = DIRECTION('',(-1.,0.,0.));
#316 = ORIENTED_EDGE('',*,*,#317,.F.);
#317 = EDGE_CURVE('',#318,#310,#320,.T.);
#318 = VERTEX_POINT('',#319);
#319 = CARTESIAN_POINT('',(-13.,-60.,-3.));
#320 = LINE('',#321,#322);
#321 = CARTESIAN_POINT('',(-13.,-30.,-3.));
#322 = VECTOR('',#323,1.);
#323 = DIRECTION('',(-0.,-1.,-0.));
#324 = ORIENTED_EDGE('',*,*,#325,.T.);
#325 = EDGE_CURVE('',#318,#326,#328,.T.);
#326 = VERTEX_POINT('',#327);
#327 = CARTESIAN_POINT('',(-13.,-40.,-3.));
#328 = LINE('',#329,#330);
#329 = CARTESIAN_POINT('',(-13.,-30.,-3.));
#330 = VECTOR('',#331,1.);
#331 = DIRECTION('',(0.,1.,0.));
#332 = ORIENTED_EDGE('',*,*,#333,.T.);
#333 = EDGE_CURVE('',#326,#334,#336,.T.);
#334 = VERTEX_POINT('',#335);
#335 = CARTESIAN_POINT('',(-13.,-39.,-3.));
#336 = LINE('',#337,#338);
#337 = CARTESIAN_POINT('',(-13.,-30.,-3.));
#338 = VECTOR('',#339,1.);
#339 = DIRECTION('',(0.,1.,0.));
#340 = ORIENTED_EDGE('',*,*,#341,.F.);
#341 = EDGE_CURVE('',#286,#334,#342,.T.);
#342 = LINE('',#343,#344);
#343 = CARTESIAN_POINT('',(-11.5,-39.,-3.));
#344 = VECTOR('',#345,1.);
#345 = DIRECTION('',(-1.,0.,0.));
#346 = FACE_BOUND('',#347,.F.);
#347 = EDGE_LOOP('',(#348,#358,#366,#374,#382,#390,#398,#406));
#348 = ORIENTED_EDGE('',*,*,#349,.F.);
#349 = EDGE_CURVE('',#350,#352,#354,.T.);
#350 = VERTEX_POINT('',#351);
#351 = CARTESIAN_POINT('',(-8.,-40.,-3.));
#352 = VERTEX_POINT('',#353);
#353 = CARTESIAN_POINT('',(-8.,-39.,-3.));
#354 = LINE('',#355,#356);
#355 = CARTESIAN_POINT('',(-8.,-30.,-3.));
#356 = VECTOR('',#357,1.);
#357 = DIRECTION('',(0.,1.,0.));
#358 = ORIENTED_EDGE('',*,*,#359,.F.);
#359 = EDGE_CURVE('',#360,#350,#362,.T.);
#360 = VERTEX_POINT('',#361);
#361 = CARTESIAN_POINT('',(-8.,-60.,-3.));
#362 = LINE('',#363,#364);
#363 = CARTESIAN_POINT('',(-8.,-30.,-3.));
#364 = VECTOR('',#365,1.);
#365 = DIRECTION('',(0.,1.,0.));
#366 = ORIENTED_EDGE('',*,*,#367,.T.);
#367 = EDGE_CURVE('',#360,#368,#370,.T.);
#368 = VERTEX_POINT('',#369);
#369 = CARTESIAN_POINT('',(-8.,-61.,-3.));
#370 = LINE('',#371,#372);
#371 = CARTESIAN_POINT('',(-8.,-30.,-3.));
#372 = VECTOR('',#373,1.);
#373 = DIRECTION('',(-0.,-1.,-0.));
#374 = ORIENTED_EDGE('',*,*,#375,.T.);
#375 = EDGE_CURVE('',#368,#376,#378,.T.);
#376 = VERTEX_POINT('',#377);
#377 = CARTESIAN_POINT('',(-9.5,-61.,-3.));
#378 = LINE('',#379,#380);
#379 = CARTESIAN_POINT('',(-8.,-61.,-3.));
#380 = VECTOR('',#381,1.);
#381 = DIRECTION('',(-1.,0.,0.));
#382 = ORIENTED_EDGE('',*,*,#383,.F.);
#383 = EDGE_CURVE('',#384,#376,#386,.T.);
#384 = VERTEX_POINT('',#385);
#385 = CARTESIAN_POINT('',(-9.5,-60.,-3.));
#386 = LINE('',#387,#388);
#387 = CARTESIAN_POINT('',(-9.5,-30.,-3.));
#388 = VECTOR('',#389,1.);
#389 = DIRECTION('',(-0.,-1.,-0.));
#390 = ORIENTED_EDGE('',*,*,#391,.T.);
#391 = EDGE_CURVE('',#384,#392,#394,.T.);
#392 = VERTEX_POINT('',#393);
#393 = CARTESIAN_POINT('',(-9.5,-40.,-3.));
#394 = LINE('',#395,#396);
#395 = CARTESIAN_POINT('',(-9.5,-30.,-3.));
#396 = VECTOR('',#397,1.);
#397 = DIRECTION('',(0.,1.,0.));
#398 = ORIENTED_EDGE('',*,*,#399,.T.);
#399 = EDGE_CURVE('',#392,#400,#402,.T.);
#400 = VERTEX_POINT('',#401);
#401 = CARTESIAN_POINT('',(-9.5,-39.,-3.));
#402 = LINE('',#403,#404);
#403 = CARTESIAN_POINT('',(-9.5,-30.,-3.));
#404 = VECTOR('',#405,1.);
#405 = DIRECTION('',(0.,1.,0.));
#406 = ORIENTED_EDGE('',*,*,#407,.F.);
#407 = EDGE_CURVE('',#352,#400,#408,.T.);
#408 = LINE('',#409,#410);
#409 = CARTESIAN_POINT('',(-8.,-39.,-3.));
#410 = VECTOR('',#411,1.);
#411 = DIRECTION('',(-1.,0.,0.));
#412 = PLANE('',#413);
#413 = AXIS2_PLACEMENT_3D('',#414,#415,#416);
#414 = CARTESIAN_POINT('',(3.110589947643,0.,-3.));
#415 = DIRECTION('',(0.,0.,1.));
#416 = DIRECTION('',(1.,0.,0.));
#417 = ADVANCED_FACE('',(#418),#463,.F.);
#418 = FACE_BOUND('',#419,.F.);
#419 = EDGE_LOOP('',(#420,#430,#438,#446,#453,#454,#455,#456));
#420 = ORIENTED_EDGE('',*,*,#421,.T.);
#421 = EDGE_CURVE('',#422,#424,#426,.T.);
#422 = VERTEX_POINT('',#423);
#423 = CARTESIAN_POINT('',(-4.5,-40.,-2.));
#424 = VERTEX_POINT('',#425);
#425 = CARTESIAN_POINT('',(-4.5,-40.,0.));
#426 = LINE('',#427,#428);
#427 = CARTESIAN_POINT('',(-4.5,-40.,-5.));
#428 = VECTOR('',#429,1.);
#429 = DIRECTION('',(0.,0.,1.));
#430 = ORIENTED_EDGE('',*,*,#431,.F.);
#431 = EDGE_CURVE('',#432,#424,#434,.T.);
#432 = VERTEX_POINT('',#433);
#433 = CARTESIAN_POINT('',(-4.5,-60.,0.));
#434 = LINE('',#435,#436);
#435 = CARTESIAN_POINT('',(-4.5,-30.,0.));
#436 = VECTOR('',#437,1.);
#437 = DIRECTION('',(0.,1.,0.));
#438 = ORIENTED_EDGE('',*,*,#439,.F.);
#439 = EDGE_CURVE('',#440,#432,#442,.T.);
#440 = VERTEX_POINT('',#441);
#441 = CARTESIAN_POINT('',(-4.5,-60.,-2.));
#442 = LINE('',#443,#444);
#443 = CARTESIAN_POINT('',(-4.5,-60.,-5.));
#444 = VECTOR('',#445,1.);
#445 = DIRECTION('',(0.,0.,1.));
#446 = ORIENTED_EDGE('',*,*,#447,.F.);
#447 = EDGE_CURVE('',#70,#440,#448,.T.);
#448 = CIRCLE('',#449,1.);
#449 = AXIS2_PLACEMENT_3D('',#450,#451,#452);
#450 = CARTESIAN_POINT('',(-4.5,-61.,-2.));
#451 = DIRECTION('',(1.,-0.,0.));
#452 = DIRECTION('',(0.,0.,-1.));
#453 = ORIENTED_EDGE('',*,*,#69,.F.);
#454 = ORIENTED_EDGE('',*,*,#61,.T.);
#455 = ORIENTED_EDGE('',*,*,#51,.T.);
#456 = ORIENTED_EDGE('',*,*,#457,.T.);
#457 = EDGE_CURVE('',#54,#422,#458,.T.);
#458 = CIRCLE('',#459,1.);
#459 = AXIS2_PLACEMENT_3D('',#460,#461,#462);
#460 = CARTESIAN_POINT('',(-4.5,-39.,-2.));
#461 = DIRECTION('',(-1.,0.,0.));
#462 = DIRECTION('',(0.,0.,-1.));
#463 = PLANE('',#464);
#464 = AXIS2_PLACEMENT_3D('',#465,#466,#467);
#465 = CARTESIAN_POINT('',(-4.5,-60.,-5.));
#466 = DIRECTION('',(1.,0.,0.));
#467 = DIRECTION('',(0.,0.,1.));
#468 = ADVANCED_FACE('',(#469),#488,.T.);
#469 = FACE_BOUND('',#470,.T.);
#470 = EDGE_LOOP('',(#471,#472,#480,#487));
#471 = ORIENTED_EDGE('',*,*,#457,.T.);
#472 = ORIENTED_EDGE('',*,*,#473,.T.);
#473 = EDGE_CURVE('',#422,#474,#476,.T.);
#474 = VERTEX_POINT('',#475);
#475 = CARTESIAN_POINT('',(-6.,-40.,-2.));
#476 = LINE('',#477,#478);
#477 = CARTESIAN_POINT('',(-4.5,-40.,-2.));
#478 = VECTOR('',#479,1.);
#479 = DIRECTION('',(-1.,0.,0.));
#480 = ORIENTED_EDGE('',*,*,#481,.F.);
#481 = EDGE_CURVE('',#102,#474,#482,.T.);
#482 = CIRCLE('',#483,1.);
#483 = AXIS2_PLACEMENT_3D('',#484,#485,#486);
#484 = CARTESIAN_POINT('',(-6.,-39.,-2.));
#485 = DIRECTION('',(-1.,0.,0.));
#486 = DIRECTION('',(0.,0.,-1.));
#487 = ORIENTED_EDGE('',*,*,#109,.F.);
#488 = CYLINDRICAL_SURFACE('',#489,1.);
#489 = AXIS2_PLACEMENT_3D('',#490,#491,#492);
#490 = CARTESIAN_POINT('',(-4.5,-39.,-2.));
#491 = DIRECTION('',(-1.,0.,0.));
#492 = DIRECTION('',(0.,0.,-1.));
#493 = ADVANCED_FACE('',(#494),#531,.T.);
#494 = FACE_BOUND('',#495,.T.);
#495 = EDGE_LOOP('',(#496,#504,#512,#520,#527,#528,#529,#530));
#496 = ORIENTED_EDGE('',*,*,#497,.T.);
#497 = EDGE_CURVE('',#474,#498,#500,.T.);
#498 = VERTEX_POINT('',#499);
#499 = CARTESIAN_POINT('',(-6.,-40.,0.));
#500 = LINE('',#501,#502);
#501 = CARTESIAN_POINT('',(-6.,-40.,-5.));
#502 = VECTOR('',#503,1.);
#503 = DIRECTION('',(0.,0.,1.));
#504 = ORIENTED_EDGE('',*,*,#505,.F.);
#505 = EDGE_CURVE('',#506,#498,#508,.T.);
#506 = VERTEX_POINT('',#507);
#507 = CARTESIAN_POINT('',(-6.,-60.,0.));
#508 = LINE('',#509,#510);
#509 = CARTESIAN_POINT('',(-6.,-30.,0.));
#510 = VECTOR('',#511,1.);
#511 = DIRECTION('',(0.,1.,0.));
#512 = ORIENTED_EDGE('',*,*,#513,.F.);
#513 = EDGE_CURVE('',#514,#506,#516,.T.);
#514 = VERTEX_POINT('',#515);
#515 = CARTESIAN_POINT('',(-6.,-60.,-2.));
#516 = LINE('',#517,#518);
#517 = CARTESIAN_POINT('',(-6.,-60.,-5.));
#518 = VECTOR('',#519,1.);
#519 = DIRECTION('',(0.,0.,1.));
#520 = ORIENTED_EDGE('',*,*,#521,.F.);
#521 = EDGE_CURVE('',#78,#514,#522,.T.);
#522 = CIRCLE('',#523,1.);
#523 = AXIS2_PLACEMENT_3D('',#524,#525,#526);
#524 = CARTESIAN_POINT('',(-6.,-61.,-2.));
#525 = DIRECTION('',(1.,-0.,0.));
#526 = DIRECTION('',(0.,0.,-1.));
#527 = ORIENTED_EDGE('',*,*,#85,.F.);
#528 = ORIENTED_EDGE('',*,*,#93,.T.);
#529 = ORIENTED_EDGE('',*,*,#101,.T.);
#530 = ORIENTED_EDGE('',*,*,#481,.T.);
#531 = PLANE('',#532);
#532 = AXIS2_PLACEMENT_3D('',#533,#534,#535);
#533 = CARTESIAN_POINT('',(-6.,-60.,-5.));
#534 = DIRECTION('',(1.,0.,0.));
#535 = DIRECTION('',(0.,0.,1.));
#536 = ADVANCED_FACE('',(#537),#548,.T.);
#537 = FACE_BOUND('',#538,.F.);
#538 = EDGE_LOOP('',(#539,#540,#546,#547));
#539 = ORIENTED_EDGE('',*,*,#447,.T.);
#540 = ORIENTED_EDGE('',*,*,#541,.T.);
#541 = EDGE_CURVE('',#440,#514,#542,.T.);
#542 = LINE('',#543,#544);
#543 = CARTESIAN_POINT('',(-4.5,-60.,-2.));
#544 = VECTOR('',#545,1.);
#545 = DIRECTION('',(-1.,0.,0.));
#546 = ORIENTED_EDGE('',*,*,#521,.F.);
#547 = ORIENTED_EDGE('',*,*,#77,.F.);
#548 = CYLINDRICAL_SURFACE('',#549,1.);
#549 = AXIS2_PLACEMENT_3D('',#550,#551,#552);
#550 = CARTESIAN_POINT('',(-4.5,-61.,-2.));
#551 = DIRECTION('',(-1.,0.,0.));
#552 = DIRECTION('',(0.,0.,-1.));
#553 = ADVANCED_FACE('',(#554),#581,.T.);
#554 = FACE_BOUND('',#555,.T.);
#555 = EDGE_LOOP('',(#556,#566,#573,#574));
#556 = ORIENTED_EDGE('',*,*,#557,.F.);
#557 = EDGE_CURVE('',#558,#560,#562,.T.);
#558 = VERTEX_POINT('',#559);
#559 = CARTESIAN_POINT('',(38.610589947643,-65.,0.));
#560 = VERTEX_POINT('',#561);
#561 = CARTESIAN_POINT('',(38.610589947643,65.,0.));
#562 = LINE('',#563,#564);
#563 = CARTESIAN_POINT('',(38.610589947643,-65.,0.));
#564 = VECTOR('',#565,1.);
#565 = DIRECTION('',(0.,1.,0.));
#566 = ORIENTED_EDGE('',*,*,#567,.T.);
#567 = EDGE_CURVE('',#558,#118,#568,.T.);
#568 = CIRCLE('',#569,3.);
#569 = AXIS2_PLACEMENT_3D('',#570,#571,#572);
#570 = CARTESIAN_POINT('',(35.610589947643,-65.,0.));
#571 = DIRECTION('',(-0.,1.,0.));
#572 = DIRECTION('',(1.1E-16,0.,1.));
#573 = ORIENTED_EDGE('',*,*,#117,.T.);
#574 = ORIENTED_EDGE('',*,*,#575,.F.);
#575 = EDGE_CURVE('',#560,#120,#576,.T.);
#576 = CIRCLE('',#577,3.);
#577 = AXIS2_PLACEMENT_3D('',#578,#579,#580);
#578 = CARTESIAN_POINT('',(35.610589947643,65.,0.));
#579 = DIRECTION('',(-0.,1.,0.));
#580 = DIRECTION('',(1.1E-16,0.,1.));
#581 = CYLINDRICAL_SURFACE('',#582,3.);
#582 = AXIS2_PLACEMENT_3D('',#583,#584,#585);
#583 = CARTESIAN_POINT('',(35.610589947643,-65.,0.));
#584 = DIRECTION('',(0.,1.,0.));
#585 = DIRECTION('',(1.1E-16,0.,1.));
#586 = ADVANCED_FACE('',(#587),#614,.T.);
#587 = FACE_BOUND('',#588,.T.);
#588 = EDGE_LOOP('',(#589,#599,#606,#607));
#589 = ORIENTED_EDGE('',*,*,#590,.F.);
#590 = EDGE_CURVE('',#591,#593,#595,.T.);
#591 = VERTEX_POINT('',#592);
#592 = CARTESIAN_POINT('',(-29.38941005235,-68.,0.));
#593 = VERTEX_POINT('',#594);
#594 = CARTESIAN_POINT('',(35.610589947643,-68.,0.));
#595 = LINE('',#596,#597);
#596 = CARTESIAN_POINT('',(-29.38941005235,-68.,0.));
#597 = VECTOR('',#598,1.);
#598 = DIRECTION('',(1.,0.,0.));
#599 = ORIENTED_EDGE('',*,*,#600,.T.);
#600 = EDGE_CURVE('',#591,#136,#601,.T.);
#601 = CIRCLE('',#602,3.);
#602 = AXIS2_PLACEMENT_3D('',#603,#604,#605);
#603 = CARTESIAN_POINT('',(-29.38941005235,-65.,0.));
#604 = DIRECTION('',(1.,0.,0.));
#605 = DIRECTION('',(0.,-1.1E-16,1.));
#606 = ORIENTED_EDGE('',*,*,#143,.T.);
#607 = ORIENTED_EDGE('',*,*,#608,.F.);
#608 = EDGE_CURVE('',#593,#118,#609,.T.);
#609 = CIRCLE('',#610,3.);
#610 = AXIS2_PLACEMENT_3D('',#611,#612,#613);
#611 = CARTESIAN_POINT('',(35.610589947643,-65.,0.));
#612 = DIRECTION('',(1.,0.,0.));
#613 = DIRECTION('',(0.,-1.1E-16,1.));
#614 = CYLINDRICAL_SURFACE('',#615,3.);
#615 = AXIS2_PLACEMENT_3D('',#616,#617,#618);
#616 = CARTESIAN_POINT('',(-29.38941005235,-65.,0.));
#617 = DIRECTION('',(1.,0.,0.));
#618 = DIRECTION('',(0.,-1.1E-16,1.));
#619 = ADVANCED_FACE('',(#620),#647,.T.);
#620 = FACE_BOUND('',#621,.T.);
#621 = EDGE_LOOP('',(#622,#632,#639,#640));
#622 = ORIENTED_EDGE('',*,*,#623,.F.);
#623 = EDGE_CURVE('',#624,#626,#628,.T.);
#624 = VERTEX_POINT('',#625);
#625 = CARTESIAN_POINT('',(35.610589947643,68.,0.));
#626 = VERTEX_POINT('',#627);
#627 = CARTESIAN_POINT('',(-29.38941005235,68.,0.));
#628 = LINE('',#629,#630);
#629 = CARTESIAN_POINT('',(35.610589947643,68.,0.));
#630 = VECTOR('',#631,1.);
#631 = DIRECTION('',(-1.,0.,0.));
#632 = ORIENTED_EDGE('',*,*,#633,.T.);
#633 = EDGE_CURVE('',#624,#120,#634,.T.);
#634 = CIRCLE('',#635,3.);
#635 = AXIS2_PLACEMENT_3D('',#636,#637,#638);
#636 = CARTESIAN_POINT('',(35.610589947643,65.,0.));
#637 = DIRECTION('',(-1.,0.,0.));
#638 = DIRECTION('',(0.,1.1E-16,1.));
#639 = ORIENTED_EDGE('',*,*,#127,.T.);
#640 = ORIENTED_EDGE('',*,*,#641,.F.);
#641 = EDGE_CURVE('',#626,#128,#642,.T.);
#642 = CIRCLE('',#643,3.);
#643 = AXIS2_PLACEMENT_3D('',#644,#645,#646);
#644 = CARTESIAN_POINT('',(-29.38941005235,65.,0.));
#645 = DIRECTION('',(-1.,0.,0.));
#646 = DIRECTION('',(0.,1.1E-16,1.));
#647 = CYLINDRICAL_SURFACE('',#648,3.);
#648 = AXIS2_PLACEMENT_3D('',#649,#650,#651);
#649 = CARTESIAN_POINT('',(35.610589947643,65.,0.));
#650 = DIRECTION('',(-1.,0.,0.));
#651 = DIRECTION('',(0.,1.1E-16,1.));
#652 = ADVANCED_FACE('',(#653),#680,.T.);
#653 = FACE_BOUND('',#654,.T.);
#654 = EDGE_LOOP('',(#655,#665,#672,#673));
#655 = ORIENTED_EDGE('',*,*,#656,.F.);
#656 = EDGE_CURVE('',#657,#659,#661,.T.);
#657 = VERTEX_POINT('',#658);
#658 = CARTESIAN_POINT('',(-32.38941005235,65.,0.));
#659 = VERTEX_POINT('',#660);
#660 = CARTESIAN_POINT('',(-32.38941005235,-65.,0.));
#661 = LINE('',#662,#663);
#662 = CARTESIAN_POINT('',(-32.38941005235,65.,0.));
#663 = VECTOR('',#664,1.);
#664 = DIRECTION('',(0.,-1.,0.));
#665 = ORIENTED_EDGE('',*,*,#666,.T.);
#666 = EDGE_CURVE('',#657,#128,#667,.T.);
#667 = CIRCLE('',#668,3.);
#668 = AXIS2_PLACEMENT_3D('',#669,#670,#671);
#669 = CARTESIAN_POINT('',(-29.38941005235,65.,0.));
#670 = DIRECTION('',(0.,-1.,0.));
#671 = DIRECTION('',(-1.1E-16,0.,1.));
#672 = ORIENTED_EDGE('',*,*,#135,.T.);
#673 = ORIENTED_EDGE('',*,*,#674,.F.);
#674 = EDGE_CURVE('',#659,#136,#675,.T.);
#675 = CIRCLE('',#676,3.);
#676 = AXIS2_PLACEMENT_3D('',#677,#678,#679);
#677 = CARTESIAN_POINT('',(-29.38941005235,-65.,0.));
#678 = DIRECTION('',(0.,-1.,0.));
#679 = DIRECTION('',(-1.1E-16,0.,1.));
#680 = CYLINDRICAL_SURFACE('',#681,3.);
#681 = AXIS2_PLACEMENT_3D('',#682,#683,#684);
#682 = CARTESIAN_POINT('',(-29.38941005235,65.,0.));
#683 = DIRECTION('',(0.,-1.,0.));
#684 = DIRECTION('',(-1.1E-16,0.,1.));
#685 = ADVANCED_FACE('',(#686),#731,.F.);
#686 = FACE_BOUND('',#687,.F.);
#687 = EDGE_LOOP('',(#688,#698,#706,#714,#721,#722,#723,#724));
#688 = ORIENTED_EDGE('',*,*,#689,.T.);
#689 = EDGE_CURVE('',#690,#692,#694,.T.);
#690 = VERTEX_POINT('',#691);
#691 = CARTESIAN_POINT('',(-18.5,-40.,-2.));
#692 = VERTEX_POINT('',#693);
#693 = CARTESIAN_POINT('',(-18.5,-40.,0.));
#694 = LINE('',#695,#696);
#695 = CARTESIAN_POINT('',(-18.5,-40.,-5.));
#696 = VECTOR('',#697,1.);
#697 = DIRECTION('',(0.,0.,1.));
#698 = ORIENTED_EDGE('',*,*,#699,.F.);
#699 = EDGE_CURVE('',#700,#692,#702,.T.);
#700 = VERTEX_POINT('',#701);
#701 = CARTESIAN_POINT('',(-18.5,-60.,0.));
#702 = LINE('',#703,#704);
#703 = CARTESIAN_POINT('',(-18.5,-30.,0.));
#704 = VECTOR('',#705,1.);
#705 = DIRECTION('',(0.,1.,0.));
#706 = ORIENTED_EDGE('',*,*,#707,.F.);
#707 = EDGE_CURVE('',#708,#700,#710,.T.);
#708 = VERTEX_POINT('',#709);
#709 = CARTESIAN_POINT('',(-18.5,-60.,-2.));
#710 = LINE('',#711,#712);
#711 = CARTESIAN_POINT('',(-18.5,-60.,-5.));
#712 = VECTOR('',#713,1.);
#713 = DIRECTION('',(0.,0.,1.));
#714 = ORIENTED_EDGE('',*,*,#715,.T.);
#715 = EDGE_CURVE('',#708,#170,#716,.T.);
#716 = CIRCLE('',#717,1.);
#717 = AXIS2_PLACEMENT_3D('',#718,#719,#720);
#718 = CARTESIAN_POINT('',(-18.5,-61.,-2.));
#719 = DIRECTION('',(-1.,0.,0.));
#720 = DIRECTION('',(0.,0.,-1.));
#721 = ORIENTED_EDGE('',*,*,#169,.F.);
#722 = ORIENTED_EDGE('',*,*,#161,.T.);
#723 = ORIENTED_EDGE('',*,*,#151,.T.);
#724 = ORIENTED_EDGE('',*,*,#725,.T.);
#725 = EDGE_CURVE('',#154,#690,#726,.T.);
#726 = CIRCLE('',#727,1.);
#727 = AXIS2_PLACEMENT_3D('',#728,#729,#730);
#728 = CARTESIAN_POINT('',(-18.5,-39.,-2.));
#729 = DIRECTION('',(-1.,0.,0.));
#730 = DIRECTION('',(0.,0.,-1.));
#731 = PLANE('',#732);
#732 = AXIS2_PLACEMENT_3D('',#733,#734,#735);
#733 = CARTESIAN_POINT('',(-18.5,-60.,-5.));
#734 = DIRECTION('',(1.,0.,0.));
#735 = DIRECTION('',(0.,0.,1.));
#736 = ADVANCED_FACE('',(#737),#756,.T.);
#737 = FACE_BOUND('',#738,.T.);
#738 = EDGE_LOOP('',(#739,#740,#748,#755));
#739 = ORIENTED_EDGE('',*,*,#725,.T.);
#740 = ORIENTED_EDGE('',*,*,#741,.T.);
#741 = EDGE_CURVE('',#690,#742,#744,.T.);
#742 = VERTEX_POINT('',#743);
#743 = CARTESIAN_POINT('',(-20.,-40.,-2.));
#744 = LINE('',#745,#746);
#745 = CARTESIAN_POINT('',(-18.5,-40.,-2.));
#746 = VECTOR('',#747,1.);
#747 = DIRECTION('',(-1.,0.,0.));
#748 = ORIENTED_EDGE('',*,*,#749,.F.);
#749 = EDGE_CURVE('',#202,#742,#750,.T.);
#750 = CIRCLE('',#751,1.);
#751 = AXIS2_PLACEMENT_3D('',#752,#753,#754);
#752 = CARTESIAN_POINT('',(-20.,-39.,-2.));
#753 = DIRECTION('',(-1.,0.,0.));
#754 = DIRECTION('',(0.,0.,-1.));
#755 = ORIENTED_EDGE('',*,*,#209,.F.);
#756 = CYLINDRICAL_SURFACE('',#757,1.);
#757 = AXIS2_PLACEMENT_3D('',#758,#759,#760);
#758 = CARTESIAN_POINT('',(-18.5,-39.,-2.));
#759 = DIRECTION('',(-1.,0.,0.));
#760 = DIRECTION('',(0.,0.,-1.));
#761 = ADVANCED_FACE('',(#762),#799,.T.);
#762 = FACE_BOUND('',#763,.T.);
#763 = EDGE_LOOP('',(#764,#772,#780,#788,#795,#796,#797,#798));
#764 = ORIENTED_EDGE('',*,*,#765,.T.);
#765 = EDGE_CURVE('',#742,#766,#768,.T.);
#766 = VERTEX_POINT('',#767);
#767 = CARTESIAN_POINT('',(-20.,-40.,0.));
#768 = LINE('',#769,#770);
#769 = CARTESIAN_POINT('',(-20.,-40.,-5.));
#770 = VECTOR('',#771,1.);
#771 = DIRECTION('',(0.,0.,1.));
#772 = ORIENTED_EDGE('',*,*,#773,.F.);
#773 = EDGE_CURVE('',#774,#766,#776,.T.);
#774 = VERTEX_POINT('',#775);
#775 = CARTESIAN_POINT('',(-20.,-60.,0.));
#776 = LINE('',#777,#778);
#777 = CARTESIAN_POINT('',(-20.,-30.,0.));
#778 = VECTOR('',#779,1.);
#779 = DIRECTION('',(0.,1.,0.));
#780 = ORIENTED_EDGE('',*,*,#781,.F.);
#781 = EDGE_CURVE('',#782,#774,#784,.T.);
#782 = VERTEX_POINT('',#783);
#783 = CARTESIAN_POINT('',(-20.,-60.,-2.));
#784 = LINE('',#785,#786);
#785 = CARTESIAN_POINT('',(-20.,-60.,-5.));
#786 = VECTOR('',#787,1.);
#787 = DIRECTION('',(0.,0.,1.));
#788 = ORIENTED_EDGE('',*,*,#789,.T.);
#789 = EDGE_CURVE('',#782,#178,#790,.T.);
#790 = CIRCLE('',#791,1.);
#791 = AXIS2_PLACEMENT_3D('',#792,#793,#794);
#792 = CARTESIAN_POINT('',(-20.,-61.,-2.));
#793 = DIRECTION('',(-1.,0.,0.));
#794 = DIRECTION('',(0.,0.,-1.));
#795 = ORIENTED_EDGE('',*,*,#185,.F.);
#796 = ORIENTED_EDGE('',*,*,#193,.T.);
#797 = ORIENTED_EDGE('',*,*,#201,.T.);
#798 = ORIENTED_EDGE('',*,*,#749,.T.);
#799 = PLANE('',#800);
#800 = AXIS2_PLACEMENT_3D('',#801,#802,#803);
#801 = CARTESIAN_POINT('',(-20.,-60.,-5.));
#802 = DIRECTION('',(1.,0.,0.));
#803 = DIRECTION('',(0.,0.,1.));
#804 = ADVANCED_FACE('',(#805),#816,.T.);
#805 = FACE_BOUND('',#806,.T.);
#806 = EDGE_LOOP('',(#807,#808,#809,#810));
#807 = ORIENTED_EDGE('',*,*,#715,.T.);
#808 = ORIENTED_EDGE('',*,*,#177,.T.);
#809 = ORIENTED_EDGE('',*,*,#789,.F.);
#810 = ORIENTED_EDGE('',*,*,#811,.F.);
#811 = EDGE_CURVE('',#708,#782,#812,.T.);
#812 = LINE('',#813,#814);
#813 = CARTESIAN_POINT('',(-18.5,-60.,-2.));
#814 = VECTOR('',#815,1.);
#815 = DIRECTION('',(-1.,0.,0.));
#816 = CYLINDRICAL_SURFACE('',#817,1.);
#817 = AXIS2_PLACEMENT_3D('',#818,#819,#820);
#818 = CARTESIAN_POINT('',(-18.5,-61.,-2.));
#819 = DIRECTION('',(-1.,0.,0.));
#820 = DIRECTION('',(0.,1.,0.));
#821 = ADVANCED_FACE('',(#822),#867,.F.);
#822 = FACE_BOUND('',#823,.F.);
#823 = EDGE_LOOP('',(#824,#834,#842,#850,#857,#858,#859,#860));
#824 = ORIENTED_EDGE('',*,*,#825,.T.);
#825 = EDGE_CURVE('',#826,#828,#830,.T.);
#826 = VERTEX_POINT('',#827);
#827 = CARTESIAN_POINT('',(-15.,-40.,-2.));
#828 = VERTEX_POINT('',#829);
#829 = CARTESIAN_POINT('',(-15.,-40.,0.));
#830 = LINE('',#831,#832);
#831 = CARTESIAN_POINT('',(-15.,-40.,-4.));
#832 = VECTOR('',#833,1.);
#833 = DIRECTION('',(0.,0.,1.));
#834 = ORIENTED_EDGE('',*,*,#835,.F.);
#835 = EDGE_CURVE('',#836,#828,#838,.T.);
#836 = VERTEX_POINT('',#837);
#837 = CARTESIAN_POINT('',(-15.,-60.,0.));
#838 = LINE('',#839,#840);
#839 = CARTESIAN_POINT('',(-15.,-30.,0.));
#840 = VECTOR('',#841,1.);
#841 = DIRECTION('',(0.,1.,0.));
#842 = ORIENTED_EDGE('',*,*,#843,.F.);
#843 = EDGE_CURVE('',#844,#836,#846,.T.);
#844 = VERTEX_POINT('',#845);
#845 = CARTESIAN_POINT('',(-15.,-60.,-2.));
#846 = LINE('',#847,#848);
#847 = CARTESIAN_POINT('',(-15.,-60.,-4.));
#848 = VECTOR('',#849,1.);
#849 = DIRECTION('',(0.,0.,1.));
#850 = ORIENTED_EDGE('',*,*,#851,.F.);
#851 = EDGE_CURVE('',#236,#844,#852,.T.);
#852 = CIRCLE('',#853,1.);
#853 = AXIS2_PLACEMENT_3D('',#854,#855,#856);
#854 = CARTESIAN_POINT('',(-15.,-61.,-2.));
#855 = DIRECTION('',(1.,-0.,0.));
#856 = DIRECTION('',(0.,0.,-1.));
#857 = ORIENTED_EDGE('',*,*,#235,.F.);
#858 = ORIENTED_EDGE('',*,*,#227,.T.);
#859 = ORIENTED_EDGE('',*,*,#217,.T.);
#860 = ORIENTED_EDGE('',*,*,#861,.T.);
#861 = EDGE_CURVE('',#220,#826,#862,.T.);
#862 = CIRCLE('',#863,1.);
#863 = AXIS2_PLACEMENT_3D('',#864,#865,#866);
#864 = CARTESIAN_POINT('',(-15.,-39.,-2.));
#865 = DIRECTION('',(-1.,0.,0.));
#866 = DIRECTION('',(0.,0.,-1.));
#867 = PLANE('',#868);
#868 = AXIS2_PLACEMENT_3D('',#869,#870,#871);
#869 = CARTESIAN_POINT('',(-15.,-60.,-4.));
#870 = DIRECTION('',(1.,0.,0.));
#871 = DIRECTION('',(0.,0.,1.));
#872 = ADVANCED_FACE('',(#873),#892,.T.);
#873 = FACE_BOUND('',#874,.T.);
#874 = EDGE_LOOP('',(#875,#876,#884,#891));
#875 = ORIENTED_EDGE('',*,*,#861,.T.);
#876 = ORIENTED_EDGE('',*,*,#877,.T.);
#877 = EDGE_CURVE('',#826,#878,#880,.T.);
#878 = VERTEX_POINT('',#879);
#879 = CARTESIAN_POINT('',(-16.5,-40.,-2.));
#880 = LINE('',#881,#882);
#881 = CARTESIAN_POINT('',(-15.,-40.,-2.));
#882 = VECTOR('',#883,1.);
#883 = DIRECTION('',(-1.,0.,0.));
#884 = ORIENTED_EDGE('',*,*,#885,.F.);
#885 = EDGE_CURVE('',#268,#878,#886,.T.);
#886 = CIRCLE('',#887,1.);
#887 = AXIS2_PLACEMENT_3D('',#888,#889,#890);
#888 = CARTESIAN_POINT('',(-16.5,-39.,-2.));
#889 = DIRECTION('',(-1.,0.,0.));
#890 = DIRECTION('',(0.,0.,-1.));
#891 = ORIENTED_EDGE('',*,*,#275,.F.);
#892 = CYLINDRICAL_SURFACE('',#893,1.);
#893 = AXIS2_PLACEMENT_3D('',#894,#895,#896);
#894 = CARTESIAN_POINT('',(-15.,-39.,-2.));
#895 = DIRECTION('',(-1.,0.,0.));
#896 = DIRECTION('',(0.,0.,-1.));
#897 = ADVANCED_FACE('',(#898),#935,.T.);
#898 = FACE_BOUND('',#899,.T.);
#899 = EDGE_LOOP('',(#900,#908,#916,#924,#931,#932,#933,#934));
#900 = ORIENTED_EDGE('',*,*,#901,.T.);
#901 = EDGE_CURVE('',#878,#902,#904,.T.);
#902 = VERTEX_POINT('',#903);
#903 = CARTESIAN_POINT('',(-16.5,-40.,0.));
#904 = LINE('',#905,#906);
#905 = CARTESIAN_POINT('',(-16.5,-40.,-4.));
#906 = VECTOR('',#907,1.);
#907 = DIRECTION('',(0.,0.,1.));
#908 = ORIENTED_EDGE('',*,*,#909,.F.);
#909 = EDGE_CURVE('',#910,#902,#912,.T.);
#910 = VERTEX_POINT('',#911);
#911 = CARTESIAN_POINT('',(-16.5,-60.,0.));
#912 = LINE('',#913,#914);
#913 = CARTESIAN_POINT('',(-16.5,-30.,0.));
#914 = VECTOR('',#915,1.);
#915 = DIRECTION('',(0.,1.,0.));
#916 = ORIENTED_EDGE('',*,*,#917,.F.);
#917 = EDGE_CURVE('',#918,#910,#920,.T.);
#918 = VERTEX_POINT('',#919);
#919 = CARTESIAN_POINT('',(-16.5,-60.,-2.));
#920 = LINE('',#921,#922);
#921 = CARTESIAN_POINT('',(-16.5,-60.,-4.));
#922 = VECTOR('',#923,1.);
#923 = DIRECTION('',(0.,0.,1.));
#924 = ORIENTED_EDGE('',*,*,#925,.F.);
#925 = EDGE_CURVE('',#244,#918,#926,.T.);
#926 = CIRCLE('',#927,1.);
#927 = AXIS2_PLACEMENT_3D('',#928,#929,#930);
#928 = CARTESIAN_POINT('',(-16.5,-61.,-2.));
#929 = DIRECTION('',(1.,-0.,0.));
#930 = DIRECTION('',(0.,0.,-1.));
#931 = ORIENTED_EDGE('',*,*,#251,.F.);
#932 = ORIENTED_EDGE('',*,*,#259,.T.);
#933 = ORIENTED_EDGE('',*,*,#267,.T.);
#934 = ORIENTED_EDGE('',*,*,#885,.T.);
#935 = PLANE('',#936);
#936 = AXIS2_PLACEMENT_3D('',#937,#938,#939);
#937 = CARTESIAN_POINT('',(-16.5,-60.,-4.));
#938 = DIRECTION('',(1.,0.,0.));
#939 = DIRECTION('',(0.,0.,1.));
#940 = ADVANCED_FACE('',(#941),#952,.T.);
#941 = FACE_BOUND('',#942,.F.);
#942 = EDGE_LOOP('',(#943,#944,#950,#951));
#943 = ORIENTED_EDGE('',*,*,#851,.T.);
#944 = ORIENTED_EDGE('',*,*,#945,.T.);
#945 = EDGE_CURVE('',#844,#918,#946,.T.);
#946 = LINE('',#947,#948);
#947 = CARTESIAN_POINT('',(-15.,-60.,-2.));
#948 = VECTOR('',#949,1.);
#949 = DIRECTION('',(-1.,0.,0.));
#950 = ORIENTED_EDGE('',*,*,#925,.F.);
#951 = ORIENTED_EDGE('',*,*,#243,.F.);
#952 = CYLINDRICAL_SURFACE('',#953,1.);
#953 = AXIS2_PLACEMENT_3D('',#954,#955,#956);
#954 = CARTESIAN_POINT('',(-15.,-61.,-2.));
#955 = DIRECTION('',(-1.,0.,0.));
#956 = DIRECTION('',(0.,0.,-1.));
#957 = ADVANCED_FACE('',(#958),#1003,.F.);
#958 = FACE_BOUND('',#959,.F.);
#959 = EDGE_LOOP('',(#960,#970,#978,#986,#993,#994,#995,#996));
#960 = ORIENTED_EDGE('',*,*,#961,.T.);
#961 = EDGE_CURVE('',#962,#964,#966,.T.);
#962 = VERTEX_POINT('',#963);
#963 = CARTESIAN_POINT('',(-11.5,-40.,-2.));
#964 = VERTEX_POINT('',#965);
#965 = CARTESIAN_POINT('',(-11.5,-40.,0.));
#966 = LINE('',#967,#968);
#967 = CARTESIAN_POINT('',(-11.5,-40.,-4.));
#968 = VECTOR('',#969,1.);
#969 = DIRECTION('',(0.,0.,1.));
#970 = ORIENTED_EDGE('',*,*,#971,.F.);
#971 = EDGE_CURVE('',#972,#964,#974,.T.);
#972 = VERTEX_POINT('',#973);
#973 = CARTESIAN_POINT('',(-11.5,-60.,0.));
#974 = LINE('',#975,#976);
#975 = CARTESIAN_POINT('',(-11.5,-30.,0.));
#976 = VECTOR('',#977,1.);
#977 = DIRECTION('',(0.,1.,0.));
#978 = ORIENTED_EDGE('',*,*,#979,.F.);
#979 = EDGE_CURVE('',#980,#972,#982,.T.);
#980 = VERTEX_POINT('',#981);
#981 = CARTESIAN_POINT('',(-11.5,-60.,-2.));
#982 = LINE('',#983,#984);
#983 = CARTESIAN_POINT('',(-11.5,-60.,-4.));
#984 = VECTOR('',#985,1.);
#985 = DIRECTION('',(0.,0.,1.));
#986 = ORIENTED_EDGE('',*,*,#987,.F.);
#987 = EDGE_CURVE('',#302,#980,#988,.T.);
#988 = CIRCLE('',#989,1.);
#989 = AXIS2_PLACEMENT_3D('',#990,#991,#992);
#990 = CARTESIAN_POINT('',(-11.5,-61.,-2.));
#991 = DIRECTION('',(1.,-0.,0.));
#992 = DIRECTION('',(0.,0.,-1.));
#993 = ORIENTED_EDGE('',*,*,#301,.F.);
#994 = ORIENTED_EDGE('',*,*,#293,.T.);
#995 = ORIENTED_EDGE('',*,*,#283,.T.);
#996 = ORIENTED_EDGE('',*,*,#997,.T.);
#997 = EDGE_CURVE('',#286,#962,#998,.T.);
#998 = CIRCLE('',#999,1.);
#999 = AXIS2_PLACEMENT_3D('',#1000,#1001,#1002);
#1000 = CARTESIAN_POINT('',(-11.5,-39.,-2.));
#1001 = DIRECTION('',(-1.,0.,0.));
#1002 = DIRECTION('',(0.,0.,-1.));
#1003 = PLANE('',#1004);
#1004 = AXIS2_PLACEMENT_3D('',#1005,#1006,#1007);
#1005 = CARTESIAN_POINT('',(-11.5,-60.,-4.));
#1006 = DIRECTION('',(1.,0.,0.));
#1007 = DIRECTION('',(0.,0.,1.));
#1008 = ADVANCED_FACE('',(#1009),#1028,.T.);
#1009 = FACE_BOUND('',#1010,.T.);
#1010 = EDGE_LOOP('',(#1011,#1012,#1020,#1027));
#1011 = ORIENTED_EDGE('',*,*,#997,.T.);
#1012 = ORIENTED_EDGE('',*,*,#1013,.T.);
#1013 = EDGE_CURVE('',#962,#1014,#1016,.T.);
#1014 = VERTEX_POINT('',#1015);
#1015 = CARTESIAN_POINT('',(-13.,-40.,-2.));
#1016 = LINE('',#1017,#1018);
#1017 = CARTESIAN_POINT('',(-11.5,-40.,-2.));
#1018 = VECTOR('',#1019,1.);
#1019 = DIRECTION('',(-1.,0.,0.));
#1020 = ORIENTED_EDGE('',*,*,#1021,.F.);
#1021 = EDGE_CURVE('',#334,#1014,#1022,.T.);
#1022 = CIRCLE('',#1023,1.);
#1023 = AXIS2_PLACEMENT_3D('',#1024,#1025,#1026);
#1024 = CARTESIAN_POINT('',(-13.,-39.,-2.));
#1025 = DIRECTION('',(-1.,0.,0.));
#1026 = DIRECTION('',(0.,0.,-1.));
#1027 = ORIENTED_EDGE('',*,*,#341,.F.);
#1028 = CYLINDRICAL_SURFACE('',#1029,1.);
#1029 = AXIS2_PLACEMENT_3D('',#1030,#1031,#1032);
#1030 = CARTESIAN_POINT('',(-11.5,-39.,-2.));
#1031 = DIRECTION('',(-1.,0.,0.));
#1032 = DIRECTION('',(0.,0.,-1.));
#1033 = ADVANCED_FACE('',(#1034),#1071,.T.);
#1034 = FACE_BOUND('',#1035,.T.);
#1035 = EDGE_LOOP('',(#1036,#1044,#1052,#1060,#1067,#1068,#1069,#1070));
#1036 = ORIENTED_EDGE('',*,*,#1037,.T.);
#1037 = EDGE_CURVE('',#1014,#1038,#1040,.T.);
#1038 = VERTEX_POINT('',#1039);
#1039 = CARTESIAN_POINT('',(-13.,-40.,0.));
#1040 = LINE('',#1041,#1042);
#1041 = CARTESIAN_POINT('',(-13.,-40.,-4.));
#1042 = VECTOR('',#1043,1.);
#1043 = DIRECTION('',(0.,0.,1.));
#1044 = ORIENTED_EDGE('',*,*,#1045,.F.);
#1045 = EDGE_CURVE('',#1046,#1038,#1048,.T.);
#1046 = VERTEX_POINT('',#1047);
#1047 = CARTESIAN_POINT('',(-13.,-60.,0.));
#1048 = LINE('',#1049,#1050);
#1049 = CARTESIAN_POINT('',(-13.,-30.,0.));
#1050 = VECTOR('',#1051,1.);
#1051 = DIRECTION('',(0.,1.,0.));
#1052 = ORIENTED_EDGE('',*,*,#1053,.F.);
#1053 = EDGE_CURVE('',#1054,#1046,#1056,.T.);
#1054 = VERTEX_POINT('',#1055);
#1055 = CARTESIAN_POINT('',(-13.,-60.,-2.));
#1056 = LINE('',#1057,#1058);
#1057 = CARTESIAN_POINT('',(-13.,-60.,-4.));
#1058 = VECTOR('',#1059,1.);
#1059 = DIRECTION('',(0.,0.,1.));
#1060 = ORIENTED_EDGE('',*,*,#1061,.F.);
#1061 = EDGE_CURVE('',#310,#1054,#1062,.T.);
#1062 = CIRCLE('',#1063,1.);
#1063 = AXIS2_PLACEMENT_3D('',#1064,#1065,#1066);
#1064 = CARTESIAN_POINT('',(-13.,-61.,-2.));
#1065 = DIRECTION('',(1.,-0.,0.));
#1066 = DIRECTION('',(0.,0.,-1.));
#1067 = ORIENTED_EDGE('',*,*,#317,.F.);
#1068 = ORIENTED_EDGE('',*,*,#325,.T.);
#1069 = ORIENTED_EDGE('',*,*,#333,.T.);
#1070 = ORIENTED_EDGE('',*,*,#1021,.T.);
#1071 = PLANE('',#1072);
#1072 = AXIS2_PLACEMENT_3D('',#1073,#1074,#1075);
#1073 = CARTESIAN_POINT('',(-13.,-60.,-4.));
#1074 = DIRECTION('',(1.,0.,0.));
#1075 = DIRECTION('',(0.,0.,1.));
#1076 = ADVANCED_FACE('',(#1077),#1088,.T.);
#1077 = FACE_BOUND('',#1078,.F.);
#1078 = EDGE_LOOP('',(#1079,#1080,#1086,#1087));
#1079 = ORIENTED_EDGE('',*,*,#987,.T.);
#1080 = ORIENTED_EDGE('',*,*,#1081,.T.);
#1081 = EDGE_CURVE('',#980,#1054,#1082,.T.);
#1082 = LINE('',#1083,#1084);
#1083 = CARTESIAN_POINT('',(-11.5,-60.,-2.));
#1084 = VECTOR('',#1085,1.);
#1085 = DIRECTION('',(-1.,0.,0.));
#1086 = ORIENTED_EDGE('',*,*,#1061,.F.);
#1087 = ORIENTED_EDGE('',*,*,#309,.F.);
#1088 = CYLINDRICAL_SURFACE('',#1089,1.);
#1089 = AXIS2_PLACEMENT_3D('',#1090,#1091,#1092);
#1090 = CARTESIAN_POINT('',(-11.5,-61.,-2.));
#1091 = DIRECTION('',(-1.,0.,0.));
#1092 = DIRECTION('',(0.,0.,-1.));
#1093 = ADVANCED_FACE('',(#1094),#1139,.F.);
#1094 = FACE_BOUND('',#1095,.F.);
#1095 = EDGE_LOOP('',(#1096,#1106,#1114,#1122,#1129,#1130,#1131,#1132));
#1096 = ORIENTED_EDGE('',*,*,#1097,.T.);
#1097 = EDGE_CURVE('',#1098,#1100,#1102,.T.);
#1098 = VERTEX_POINT('',#1099);
#1099 = CARTESIAN_POINT('',(-8.,-40.,-2.));
#1100 = VERTEX_POINT('',#1101);
#1101 = CARTESIAN_POINT('',(-8.,-40.,0.));
#1102 = LINE('',#1103,#1104);
#1103 = CARTESIAN_POINT('',(-8.,-40.,-4.));
#1104 = VECTOR('',#1105,1.);
#1105 = DIRECTION('',(0.,0.,1.));
#1106 = ORIENTED_EDGE('',*,*,#1107,.F.);
#1107 = EDGE_CURVE('',#1108,#1100,#1110,.T.);
#1108 = VERTEX_POINT('',#1109);
#1109 = CARTESIAN_POINT('',(-8.,-60.,0.));
#1110 = LINE('',#1111,#1112);
#1111 = CARTESIAN_POINT('',(-8.,-30.,0.));
#1112 = VECTOR('',#1113,1.);
#1113 = DIRECTION('',(0.,1.,0.));
#1114 = ORIENTED_EDGE('',*,*,#1115,.F.);
#1115 = EDGE_CURVE('',#1116,#1108,#1118,.T.);
#1116 = VERTEX_POINT('',#1117);
#1117 = CARTESIAN_POINT('',(-8.,-60.,-2.));
#1118 = LINE('',#1119,#1120);
#1119 = CARTESIAN_POINT('',(-8.,-60.,-4.));
#1120 = VECTOR('',#1121,1.);
#1121 = DIRECTION('',(0.,0.,1.));
#1122 = ORIENTED_EDGE('',*,*,#1123,.F.);
#1123 = EDGE_CURVE('',#368,#1116,#1124,.T.);
#1124 = CIRCLE('',#1125,1.);
#1125 = AXIS2_PLACEMENT_3D('',#1126,#1127,#1128);
#1126 = CARTESIAN_POINT('',(-8.,-61.,-2.));
#1127 = DIRECTION('',(1.,-0.,0.));
#1128 = DIRECTION('',(0.,0.,-1.));
#1129 = ORIENTED_EDGE('',*,*,#367,.F.);
#1130 = ORIENTED_EDGE('',*,*,#359,.T.);
#1131 = ORIENTED_EDGE('',*,*,#349,.T.);
#1132 = ORIENTED_EDGE('',*,*,#1133,.T.);
#1133 = EDGE_CURVE('',#352,#1098,#1134,.T.);
#1134 = CIRCLE('',#1135,1.);
#1135 = AXIS2_PLACEMENT_3D('',#1136,#1137,#1138);
#1136 = CARTESIAN_POINT('',(-8.,-39.,-2.));
#1137 = DIRECTION('',(-1.,0.,0.));
#1138 = DIRECTION('',(0.,0.,-1.));
#1139 = PLANE('',#1140);
#1140 = AXIS2_PLACEMENT_3D('',#1141,#1142,#1143);
#1141 = CARTESIAN_POINT('',(-8.,-60.,-4.));
#1142 = DIRECTION('',(1.,0.,0.));
#1143 = DIRECTION('',(0.,0.,1.));
#1144 = ADVANCED_FACE('',(#1145),#1164,.T.);
#1145 = FACE_BOUND('',#1146,.T.);
#1146 = EDGE_LOOP('',(#1147,#1148,#1156,#1163));
#1147 = ORIENTED_EDGE('',*,*,#1133,.T.);
#1148 = ORIENTED_EDGE('',*,*,#1149,.T.);
#1149 = EDGE_CURVE('',#1098,#1150,#1152,.T.);
#1150 = VERTEX_POINT('',#1151);
#1151 = CARTESIAN_POINT('',(-9.5,-40.,-2.));
#1152 = LINE('',#1153,#1154);
#1153 = CARTESIAN_POINT('',(-8.,-40.,-2.));
#1154 = VECTOR('',#1155,1.);
#1155 = DIRECTION('',(-1.,0.,0.));
#1156 = ORIENTED_EDGE('',*,*,#1157,.F.);
#1157 = EDGE_CURVE('',#400,#1150,#1158,.T.);
#1158 = CIRCLE('',#1159,1.);
#1159 = AXIS2_PLACEMENT_3D('',#1160,#1161,#1162);
#1160 = CARTESIAN_POINT('',(-9.5,-39.,-2.));
#1161 = DIRECTION('',(-1.,0.,0.));
#1162 = DIRECTION('',(0.,0.,-1.));
#1163 = ORIENTED_EDGE('',*,*,#407,.F.);
#1164 = CYLINDRICAL_SURFACE('',#1165,1.);
#1165 = AXIS2_PLACEMENT_3D('',#1166,#1167,#1168);
#1166 = CARTESIAN_POINT('',(-8.,-39.,-2.));
#1167 = DIRECTION('',(-1.,0.,0.));
#1168 = DIRECTION('',(0.,0.,-1.));
#1169 = ADVANCED_FACE('',(#1170),#1207,.T.);
#1170 = FACE_BOUND('',#1171,.T.);
#1171 = EDGE_LOOP('',(#1172,#1180,#1188,#1196,#1203,#1204,#1205,#1206));
#1172 = ORIENTED_EDGE('',*,*,#1173,.T.);
#1173 = EDGE_CURVE('',#1150,#1174,#1176,.T.);
#1174 = VERTEX_POINT('',#1175);
#1175 = CARTESIAN_POINT('',(-9.5,-40.,0.));
#1176 = LINE('',#1177,#1178);
#1177 = CARTESIAN_POINT('',(-9.5,-40.,-4.));
#1178 = VECTOR('',#1179,1.);
#1179 = DIRECTION('',(0.,0.,1.));
#1180 = ORIENTED_EDGE('',*,*,#1181,.F.);
#1181 = EDGE_CURVE('',#1182,#1174,#1184,.T.);
#1182 = VERTEX_POINT('',#1183);
#1183 = CARTESIAN_POINT('',(-9.5,-60.,0.));
#1184 = LINE('',#1185,#1186);
#1185 = CARTESIAN_POINT('',(-9.5,-30.,0.));
#1186 = VECTOR('',#1187,1.);
#1187 = DIRECTION('',(0.,1.,0.));
#1188 = ORIENTED_EDGE('',*,*,#1189,.F.);
#1189 = EDGE_CURVE('',#1190,#1182,#1192,.T.);
#1190 = VERTEX_POINT('',#1191);
#1191 = CARTESIAN_POINT('',(-9.5,-60.,-2.));
#1192 = LINE('',#1193,#1194);
#1193 = CARTESIAN_POINT('',(-9.5,-60.,-4.));
#1194 = VECTOR('',#1195,1.);
#1195 = DIRECTION('',(0.,0.,1.));
#1196 = ORIENTED_EDGE('',*,*,#1197,.F.);
#1197 = EDGE_CURVE('',#376,#1190,#1198,.T.);
#1198 = CIRCLE('',#1199,1.);
#1199 = AXIS2_PLACEMENT_3D('',#1200,#1201,#1202);
#1200 = CARTESIAN_POINT('',(-9.5,-61.,-2.));
#1201 = DIRECTION('',(1.,-0.,0.));
#1202 = DIRECTION('',(0.,0.,-1.));
#1203 = ORIENTED_EDGE('',*,*,#383,.F.);
#1204 = ORIENTED_EDGE('',*,*,#391,.T.);
#1205 = ORIENTED_EDGE('',*,*,#399,.T.);
#1206 = ORIENTED_EDGE('',*,*,#1157,.T.);
#1207 = PLANE('',#1208);
#1208 = AXIS2_PLACEMENT_3D('',#1209,#1210,#1211);
#1209 = CARTESIAN_POINT('',(-9.5,-60.,-4.));
#1210 = DIRECTION('',(1.,0.,0.));
#1211 = DIRECTION('',(0.,0.,1.));
#1212 = ADVANCED_FACE('',(#1213),#1224,.T.);
#1213 = FACE_BOUND('',#1214,.F.);
#1214 = EDGE_LOOP('',(#1215,#1216,#1222,#1223));
#1215 = ORIENTED_EDGE('',*,*,#1123,.T.);
#1216 = ORIENTED_EDGE('',*,*,#1217,.T.);
#1217 = EDGE_CURVE('',#1116,#1190,#1218,.T.);
#1218 = LINE('',#1219,#1220);
#1219 = CARTESIAN_POINT('',(-8.,-60.,-2.));
#1220 = VECTOR('',#1221,1.);
#1221 = DIRECTION('',(-1.,0.,0.));
#1222 = ORIENTED_EDGE('',*,*,#1197,.F.);
#1223 = ORIENTED_EDGE('',*,*,#375,.F.);
#1224 = CYLINDRICAL_SURFACE('',#1225,1.);
#1225 = AXIS2_PLACEMENT_3D('',#1226,#1227,#1228);
#1226 = CARTESIAN_POINT('',(-8.,-61.,-2.));
#1227 = DIRECTION('',(-1.,0.,0.));
#1228 = DIRECTION('',(0.,0.,-1.));
#1229 = ADVANCED_FACE('',(#1230),#1241,.F.);
#1230 = FACE_BOUND('',#1231,.F.);
#1231 = EDGE_LOOP('',(#1232,#1233,#1234,#1235));
#1232 = ORIENTED_EDGE('',*,*,#421,.F.);
#1233 = ORIENTED_EDGE('',*,*,#473,.T.);
#1234 = ORIENTED_EDGE('',*,*,#497,.T.);
#1235 = ORIENTED_EDGE('',*,*,#1236,.F.);
#1236 = EDGE_CURVE('',#424,#498,#1237,.T.);
#1237 = LINE('',#1238,#1239);
#1238 = CARTESIAN_POINT('',(-1.444705026179,-40.,0.));
#1239 = VECTOR('',#1240,1.);
#1240 = DIRECTION('',(-1.,0.,0.));
#1241 = PLANE('',#1242);
#1242 = AXIS2_PLACEMENT_3D('',#1243,#1244,#1245);
#1243 = CARTESIAN_POINT('',(-6.,-40.,-5.));
#1244 = DIRECTION('',(0.,1.,0.));
#1245 = DIRECTION('',(0.,0.,1.));
#1246 = ADVANCED_FACE('',(#1247,#1281,#1297,#1313,#1329,#1345,#1356,
    #1390),#1424,.T.);
#1247 = FACE_BOUND('',#1248,.T.);
#1248 = EDGE_LOOP('',(#1249,#1259,#1267,#1275));
#1249 = ORIENTED_EDGE('',*,*,#1250,.T.);
#1250 = EDGE_CURVE('',#1251,#1253,#1255,.T.);
#1251 = VERTEX_POINT('',#1252);
#1252 = CARTESIAN_POINT('',(35.610589947643,-65.,0.));
#1253 = VERTEX_POINT('',#1254);
#1254 = CARTESIAN_POINT('',(35.610589947643,65.,0.));
#1255 = LINE('',#1256,#1257);
#1256 = CARTESIAN_POINT('',(35.610589947643,-65.,0.));
#1257 = VECTOR('',#1258,1.);
#1258 = DIRECTION('',(0.,1.,0.));
#1259 = ORIENTED_EDGE('',*,*,#1260,.T.);
#1260 = EDGE_CURVE('',#1253,#1261,#1263,.T.);
#1261 = VERTEX_POINT('',#1262);
#1262 = CARTESIAN_POINT('',(-29.38941005235,65.,0.));
#1263 = LINE('',#1264,#1265);
#1264 = CARTESIAN_POINT('',(35.610589947643,65.,0.));
#1265 = VECTOR('',#1266,1.);
#1266 = DIRECTION('',(-1.,0.,0.));
#1267 = ORIENTED_EDGE('',*,*,#1268,.T.);
#1268 = EDGE_CURVE('',#1261,#1269,#1271,.T.);
#1269 = VERTEX_POINT('',#1270);
#1270 = CARTESIAN_POINT('',(-29.38941005235,-65.,0.));
#1271 = LINE('',#1272,#1273);
#1272 = CARTESIAN_POINT('',(-29.38941005235,65.,0.));
#1273 = VECTOR('',#1274,1.);
#1274 = DIRECTION('',(0.,-1.,0.));
#1275 = ORIENTED_EDGE('',*,*,#1276,.T.);
#1276 = EDGE_CURVE('',#1269,#1251,#1277,.T.);
#1277 = LINE('',#1278,#1279);
#1278 = CARTESIAN_POINT('',(-29.38941005235,-65.,0.));
#1279 = VECTOR('',#1280,1.);
#1280 = DIRECTION('',(1.,0.,0.));
#1281 = FACE_BOUND('',#1282,.T.);
#1282 = EDGE_LOOP('',(#1283,#1289,#1290,#1296));
#1283 = ORIENTED_EDGE('',*,*,#1284,.T.);
#1284 = EDGE_CURVE('',#700,#774,#1285,.T.);
#1285 = LINE('',#1286,#1287);
#1286 = CARTESIAN_POINT('',(-8.444705026179,-60.,0.));
#1287 = VECTOR('',#1288,1.);
#1288 = DIRECTION('',(-1.,0.,0.));
#1289 = ORIENTED_EDGE('',*,*,#773,.T.);
#1290 = ORIENTED_EDGE('',*,*,#1291,.F.);
#1291 = EDGE_CURVE('',#692,#766,#1292,.T.);
#1292 = LINE('',#1293,#1294);
#1293 = CARTESIAN_POINT('',(-8.444705026179,-40.,0.));
#1294 = VECTOR('',#1295,1.);
#1295 = DIRECTION('',(-1.,0.,0.));
#1296 = ORIENTED_EDGE('',*,*,#699,.F.);
#1297 = FACE_BOUND('',#1298,.T.);
#1298 = EDGE_LOOP('',(#1299,#1305,#1306,#1312));
#1299 = ORIENTED_EDGE('',*,*,#1300,.T.);
#1300 = EDGE_CURVE('',#836,#910,#1301,.T.);
#1301 = LINE('',#1302,#1303);
#1302 = CARTESIAN_POINT('',(-6.694705026179,-60.,0.));
#1303 = VECTOR('',#1304,1.);
#1304 = DIRECTION('',(-1.,0.,0.));
#1305 = ORIENTED_EDGE('',*,*,#909,.T.);
#1306 = ORIENTED_EDGE('',*,*,#1307,.F.);
#1307 = EDGE_CURVE('',#828,#902,#1308,.T.);
#1308 = LINE('',#1309,#1310);
#1309 = CARTESIAN_POINT('',(-6.694705026179,-40.,0.));
#1310 = VECTOR('',#1311,1.);
#1311 = DIRECTION('',(-1.,0.,0.));
#1312 = ORIENTED_EDGE('',*,*,#835,.F.);
#1313 = FACE_BOUND('',#1314,.T.);
#1314 = EDGE_LOOP('',(#1315,#1321,#1322,#1328));
#1315 = ORIENTED_EDGE('',*,*,#1316,.T.);
#1316 = EDGE_CURVE('',#972,#1046,#1317,.T.);
#1317 = LINE('',#1318,#1319);
#1318 = CARTESIAN_POINT('',(-4.944705026179,-60.,0.));
#1319 = VECTOR('',#1320,1.);
#1320 = DIRECTION('',(-1.,0.,0.));
#1321 = ORIENTED_EDGE('',*,*,#1045,.T.);
#1322 = ORIENTED_EDGE('',*,*,#1323,.F.);
#1323 = EDGE_CURVE('',#964,#1038,#1324,.T.);
#1324 = LINE('',#1325,#1326);
#1325 = CARTESIAN_POINT('',(-4.944705026179,-40.,0.));
#1326 = VECTOR('',#1327,1.);
#1327 = DIRECTION('',(-1.,0.,0.));
#1328 = ORIENTED_EDGE('',*,*,#971,.F.);
#1329 = FACE_BOUND('',#1330,.T.);
#1330 = EDGE_LOOP('',(#1331,#1337,#1338,#1344));
#1331 = ORIENTED_EDGE('',*,*,#1332,.T.);
#1332 = EDGE_CURVE('',#1108,#1182,#1333,.T.);
#1333 = LINE('',#1334,#1335);
#1334 = CARTESIAN_POINT('',(-3.194705026179,-60.,0.));
#1335 = VECTOR('',#1336,1.);
#1336 = DIRECTION('',(-1.,0.,0.));
#1337 = ORIENTED_EDGE('',*,*,#1181,.T.);
#1338 = ORIENTED_EDGE('',*,*,#1339,.F.);
#1339 = EDGE_CURVE('',#1100,#1174,#1340,.T.);
#1340 = LINE('',#1341,#1342);
#1341 = CARTESIAN_POINT('',(-3.194705026179,-40.,0.));
#1342 = VECTOR('',#1343,1.);
#1343 = DIRECTION('',(-1.,0.,0.));
#1344 = ORIENTED_EDGE('',*,*,#1107,.F.);
#1345 = FACE_BOUND('',#1346,.T.);
#1346 = EDGE_LOOP('',(#1347,#1353,#1354,#1355));
#1347 = ORIENTED_EDGE('',*,*,#1348,.T.);
#1348 = EDGE_CURVE('',#432,#506,#1349,.T.);
#1349 = LINE('',#1350,#1351);
#1350 = CARTESIAN_POINT('',(-1.444705026179,-60.,0.));
#1351 = VECTOR('',#1352,1.);
#1352 = DIRECTION('',(-1.,0.,0.));
#1353 = ORIENTED_EDGE('',*,*,#505,.T.);
#1354 = ORIENTED_EDGE('',*,*,#1236,.F.);
#1355 = ORIENTED_EDGE('',*,*,#431,.F.);
#1356 = FACE_BOUND('',#1357,.T.);
#1357 = EDGE_LOOP('',(#1358,#1368,#1376,#1384));
#1358 = ORIENTED_EDGE('',*,*,#1359,.F.);
#1359 = EDGE_CURVE('',#1360,#1362,#1364,.T.);
#1360 = VERTEX_POINT('',#1361);
#1361 = CARTESIAN_POINT('',(-28.96669521554,2.661013947643,
    -7.105427357601E-15));
#1362 = VERTEX_POINT('',#1363);
#1363 = CARTESIAN_POINT('',(-28.96669521554,-64.59898605235,0.));
#1364 = LINE('',#1365,#1366);
#1365 = CARTESIAN_POINT('',(-28.96669521554,2.661013947643,
    -1.42108547152E-14));
#1366 = VECTOR('',#1367,1.);
#1367 = DIRECTION('',(0.,-1.,0.));
#1368 = ORIENTED_EDGE('',*,*,#1369,.F.);
#1369 = EDGE_CURVE('',#1370,#1360,#1372,.T.);
#1370 = VERTEX_POINT('',#1371);
#1371 = CARTESIAN_POINT('',(-21.96669521554,2.661013947643,
    -7.105427357601E-15));
#1372 = LINE('',#1373,#1374);
#1373 = CARTESIAN_POINT('',(-21.96669521554,2.661013947643,
    -1.42108547152E-14));
#1374 = VECTOR('',#1375,1.);
#1375 = DIRECTION('',(-1.,0.,0.));
#1376 = ORIENTED_EDGE('',*,*,#1377,.F.);
#1377 = EDGE_CURVE('',#1378,#1370,#1380,.T.);
#1378 = VERTEX_POINT('',#1379);
#1379 = CARTESIAN_POINT('',(-21.96669521554,-64.59898605235,0.));
#1380 = LINE('',#1381,#1382);
#1381 = CARTESIAN_POINT('',(-21.96669521554,-64.59898605235,
    -1.42108547152E-14));
#1382 = VECTOR('',#1383,1.);
#1383 = DIRECTION('',(0.,1.,0.));
#1384 = ORIENTED_EDGE('',*,*,#1385,.F.);
#1385 = EDGE_CURVE('',#1362,#1378,#1386,.T.);
#1386 = LINE('',#1387,#1388);
#1387 = CARTESIAN_POINT('',(-28.96669521554,-64.59898605235,
    -1.42108547152E-14));
#1388 = VECTOR('',#1389,1.);
#1389 = DIRECTION('',(1.,0.,0.));
#1390 = FACE_BOUND('',#1391,.T.);
#1391 = EDGE_LOOP('',(#1392,#1402,#1410,#1418));
#1392 = ORIENTED_EDGE('',*,*,#1393,.F.);
#1393 = EDGE_CURVE('',#1394,#1396,#1398,.T.);
#1394 = VERTEX_POINT('',#1395);
#1395 = CARTESIAN_POINT('',(30.4265,2.709,-7.105427357601E-15));
#1396 = VERTEX_POINT('',#1397);
#1397 = CARTESIAN_POINT('',(30.4265,-64.551,0.));
#1398 = LINE('',#1399,#1400);
#1399 = CARTESIAN_POINT('',(30.4265,2.709,-1.42108547152E-14));
#1400 = VECTOR('',#1401,1.);
#1401 = DIRECTION('',(0.,-1.,0.));
#1402 = ORIENTED_EDGE('',*,*,#1403,.F.);
#1403 = EDGE_CURVE('',#1404,#1394,#1406,.T.);
#1404 = VERTEX_POINT('',#1405);
#1405 = CARTESIAN_POINT('',(35.4165,2.709,-7.105427357601E-15));
#1406 = LINE('',#1407,#1408);
#1407 = CARTESIAN_POINT('',(35.4165,2.709,-1.42108547152E-14));
#1408 = VECTOR('',#1409,1.);
#1409 = DIRECTION('',(-1.,0.,0.));
#1410 = ORIENTED_EDGE('',*,*,#1411,.F.);
#1411 = EDGE_CURVE('',#1412,#1404,#1414,.T.);
#1412 = VERTEX_POINT('',#1413);
#1413 = CARTESIAN_POINT('',(35.4165,-64.551,0.));
#1414 = LINE('',#1415,#1416);
#1415 = CARTESIAN_POINT('',(35.4165,-64.551,-1.42108547152E-14));
#1416 = VECTOR('',#1417,1.);
#1417 = DIRECTION('',(0.,1.,0.));
#1418 = ORIENTED_EDGE('',*,*,#1419,.F.);
#1419 = EDGE_CURVE('',#1396,#1412,#1420,.T.);
#1420 = LINE('',#1421,#1422);
#1421 = CARTESIAN_POINT('',(30.4265,-64.551,-1.42108547152E-14));
#1422 = VECTOR('',#1423,1.);
#1423 = DIRECTION('',(1.,0.,0.));
#1424 = PLANE('',#1425);
#1425 = AXIS2_PLACEMENT_3D('',#1426,#1427,#1428);
#1426 = CARTESIAN_POINT('',(3.110589947643,0.,0.));
#1427 = DIRECTION('',(0.,0.,1.));
#1428 = DIRECTION('',(1.,0.,0.));
#1429 = ADVANCED_FACE('',(#1430),#1436,.T.);
#1430 = FACE_BOUND('',#1431,.T.);
#1431 = EDGE_LOOP('',(#1432,#1433,#1434,#1435));
#1432 = ORIENTED_EDGE('',*,*,#439,.F.);
#1433 = ORIENTED_EDGE('',*,*,#541,.T.);
#1434 = ORIENTED_EDGE('',*,*,#513,.T.);
#1435 = ORIENTED_EDGE('',*,*,#1348,.F.);
#1436 = PLANE('',#1437);
#1437 = AXIS2_PLACEMENT_3D('',#1438,#1439,#1440);
#1438 = CARTESIAN_POINT('',(-6.,-60.,-5.));
#1439 = DIRECTION('',(0.,1.,0.));
#1440 = DIRECTION('',(0.,0.,1.));
#1441 = ADVANCED_FACE('',(#1442),#1467,.F.);
#1442 = FACE_BOUND('',#1443,.F.);
#1443 = EDGE_LOOP('',(#1444,#1452,#1460,#1466));
#1444 = ORIENTED_EDGE('',*,*,#1445,.T.);
#1445 = EDGE_CURVE('',#558,#1446,#1448,.T.);
#1446 = VERTEX_POINT('',#1447);
#1447 = CARTESIAN_POINT('',(38.610589947643,-65.,25.));
#1448 = LINE('',#1449,#1450);
#1449 = CARTESIAN_POINT('',(38.610589947643,-65.,0.));
#1450 = VECTOR('',#1451,1.);
#1451 = DIRECTION('',(0.,0.,1.));
#1452 = ORIENTED_EDGE('',*,*,#1453,.T.);
#1453 = EDGE_CURVE('',#1446,#1454,#1456,.T.);
#1454 = VERTEX_POINT('',#1455);
#1455 = CARTESIAN_POINT('',(38.610589947643,65.,25.));
#1456 = LINE('',#1457,#1458);
#1457 = CARTESIAN_POINT('',(38.610589947643,-65.,25.));
#1458 = VECTOR('',#1459,1.);
#1459 = DIRECTION('',(0.,1.,0.));
#1460 = ORIENTED_EDGE('',*,*,#1461,.F.);
#1461 = EDGE_CURVE('',#560,#1454,#1462,.T.);
#1462 = LINE('',#1463,#1464);
#1463 = CARTESIAN_POINT('',(38.610589947643,65.,0.));
#1464 = VECTOR('',#1465,1.);
#1465 = DIRECTION('',(0.,0.,1.));
#1466 = ORIENTED_EDGE('',*,*,#557,.F.);
#1467 = PLANE('',#1468);
#1468 = AXIS2_PLACEMENT_3D('',#1469,#1470,#1471);
#1469 = CARTESIAN_POINT('',(38.610589947643,-65.,0.));
#1470 = DIRECTION('',(-1.,0.,0.));
#1471 = DIRECTION('',(0.,1.,0.));
#1472 = ADVANCED_FACE('',(#1473),#1484,.T.);
#1473 = FACE_BOUND('',#1474,.T.);
#1474 = EDGE_LOOP('',(#1475,#1482,#1483));
#1475 = ORIENTED_EDGE('',*,*,#1476,.F.);
#1476 = EDGE_CURVE('',#560,#624,#1477,.T.);
#1477 = CIRCLE('',#1478,3.);
#1478 = AXIS2_PLACEMENT_3D('',#1479,#1480,#1481);
#1479 = CARTESIAN_POINT('',(35.610589947643,65.,0.));
#1480 = DIRECTION('',(-0.,0.,1.));
#1481 = DIRECTION('',(1.1E-16,-1.,0.));
#1482 = ORIENTED_EDGE('',*,*,#575,.T.);
#1483 = ORIENTED_EDGE('',*,*,#633,.F.);
#1484 = SPHERICAL_SURFACE('',#1485,3.);
#1485 = AXIS2_PLACEMENT_3D('',#1486,#1487,#1488);
#1486 = CARTESIAN_POINT('',(35.610589947643,65.,0.));
#1487 = DIRECTION('',(0.,-0.707106781187,-0.707106781187));
#1488 = DIRECTION('',(-0.57735026919,-0.57735026919,0.57735026919));
#1489 = ADVANCED_FACE('',(#1490),#1501,.T.);
#1490 = FACE_BOUND('',#1491,.T.);
#1491 = EDGE_LOOP('',(#1492,#1499,#1500));
#1492 = ORIENTED_EDGE('',*,*,#1493,.T.);
#1493 = EDGE_CURVE('',#558,#593,#1494,.T.);
#1494 = CIRCLE('',#1495,3.);
#1495 = AXIS2_PLACEMENT_3D('',#1496,#1497,#1498);
#1496 = CARTESIAN_POINT('',(35.610589947643,-65.,0.));
#1497 = DIRECTION('',(0.,0.,-1.));
#1498 = DIRECTION('',(1.1E-16,1.,0.));
#1499 = ORIENTED_EDGE('',*,*,#608,.T.);
#1500 = ORIENTED_EDGE('',*,*,#567,.F.);
#1501 = SPHERICAL_SURFACE('',#1502,3.);
#1502 = AXIS2_PLACEMENT_3D('',#1503,#1504,#1505);
#1503 = CARTESIAN_POINT('',(35.610589947643,-65.,0.));
#1504 = DIRECTION('',(0.,-0.707106781187,0.707106781187));
#1505 = DIRECTION('',(-0.57735026919,0.57735026919,0.57735026919));
#1506 = ADVANCED_FACE('',(#1507),#1564,.F.);
#1507 = FACE_BOUND('',#1508,.F.);
#1508 = EDGE_LOOP('',(#1509,#1510,#1518,#1526,#1534,#1542,#1550,#1558));
#1509 = ORIENTED_EDGE('',*,*,#590,.F.);
#1510 = ORIENTED_EDGE('',*,*,#1511,.T.);
#1511 = EDGE_CURVE('',#591,#1512,#1514,.T.);
#1512 = VERTEX_POINT('',#1513);
#1513 = CARTESIAN_POINT('',(-29.38941005235,-68.,25.));
#1514 = LINE('',#1515,#1516);
#1515 = CARTESIAN_POINT('',(-29.38941005235,-68.,0.));
#1516 = VECTOR('',#1517,1.);
#1517 = DIRECTION('',(0.,0.,1.));
#1518 = ORIENTED_EDGE('',*,*,#1519,.T.);
#1519 = EDGE_CURVE('',#1512,#1520,#1522,.T.);
#1520 = VERTEX_POINT('',#1521);
#1521 = CARTESIAN_POINT('',(9.11,-68.,25.));
#1522 = LINE('',#1523,#1524);
#1523 = CARTESIAN_POINT('',(-29.38941005235,-68.,25.));
#1524 = VECTOR('',#1525,1.);
#1525 = DIRECTION('',(1.,0.,0.));
#1526 = ORIENTED_EDGE('',*,*,#1527,.T.);
#1527 = EDGE_CURVE('',#1520,#1528,#1530,.T.);
#1528 = VERTEX_POINT('',#1529);
#1529 = CARTESIAN_POINT('',(9.11,-68.,20.));
#1530 = LINE('',#1531,#1532);
#1531 = CARTESIAN_POINT('',(9.11,-68.,10.));
#1532 = VECTOR('',#1533,1.);
#1533 = DIRECTION('',(0.,1.1E-16,-1.));
#1534 = ORIENTED_EDGE('',*,*,#1535,.T.);
#1535 = EDGE_CURVE('',#1528,#1536,#1538,.T.);
#1536 = VERTEX_POINT('',#1537);
#1537 = CARTESIAN_POINT('',(28.11,-68.,20.));
#1538 = LINE('',#1539,#1540);
#1539 = CARTESIAN_POINT('',(-10.13970502617,-68.,20.));
#1540 = VECTOR('',#1541,1.);
#1541 = DIRECTION('',(1.,0.,0.));
#1542 = ORIENTED_EDGE('',*,*,#1543,.F.);
#1543 = EDGE_CURVE('',#1544,#1536,#1546,.T.);
#1544 = VERTEX_POINT('',#1545);
#1545 = CARTESIAN_POINT('',(28.11,-68.,25.));
#1546 = LINE('',#1547,#1548);
#1547 = CARTESIAN_POINT('',(28.11,-68.,10.));
#1548 = VECTOR('',#1549,1.);
#1549 = DIRECTION('',(0.,1.1E-16,-1.));
#1550 = ORIENTED_EDGE('',*,*,#1551,.T.);
#1551 = EDGE_CURVE('',#1544,#1552,#1554,.T.);
#1552 = VERTEX_POINT('',#1553);
#1553 = CARTESIAN_POINT('',(35.610589947643,-68.,25.));
#1554 = LINE('',#1555,#1556);
#1555 = CARTESIAN_POINT('',(-29.38941005235,-68.,25.));
#1556 = VECTOR('',#1557,1.);
#1557 = DIRECTION('',(1.,0.,0.));
#1558 = ORIENTED_EDGE('',*,*,#1559,.F.);
#1559 = EDGE_CURVE('',#593,#1552,#1560,.T.);
#1560 = LINE('',#1561,#1562);
#1561 = CARTESIAN_POINT('',(35.610589947643,-68.,0.));
#1562 = VECTOR('',#1563,1.);
#1563 = DIRECTION('',(0.,0.,1.));
#1564 = PLANE('',#1565);
#1565 = AXIS2_PLACEMENT_3D('',#1566,#1567,#1568);
#1566 = CARTESIAN_POINT('',(-29.38941005235,-68.,0.));
#1567 = DIRECTION('',(0.,1.,0.));
#1568 = DIRECTION('',(1.,0.,0.));
#1569 = ADVANCED_FACE('',(#1570),#1581,.T.);
#1570 = FACE_BOUND('',#1571,.T.);
#1571 = EDGE_LOOP('',(#1572,#1579,#1580));
#1572 = ORIENTED_EDGE('',*,*,#1573,.F.);
#1573 = EDGE_CURVE('',#659,#591,#1574,.T.);
#1574 = CIRCLE('',#1575,3.);
#1575 = AXIS2_PLACEMENT_3D('',#1576,#1577,#1578);
#1576 = CARTESIAN_POINT('',(-29.38941005235,-65.,0.));
#1577 = DIRECTION('',(0.,0.,1.));
#1578 = DIRECTION('',(-1.1E-16,1.,0.));
#1579 = ORIENTED_EDGE('',*,*,#674,.T.);
#1580 = ORIENTED_EDGE('',*,*,#600,.F.);
#1581 = SPHERICAL_SURFACE('',#1582,3.);
#1582 = AXIS2_PLACEMENT_3D('',#1583,#1584,#1585);
#1583 = CARTESIAN_POINT('',(-29.38941005235,-65.,0.));
#1584 = DIRECTION('',(0.,0.707106781187,-0.707106781187));
#1585 = DIRECTION('',(0.57735026919,0.57735026919,0.57735026919));
#1586 = ADVANCED_FACE('',(#1587),#1629,.F.);
#1587 = FACE_BOUND('',#1588,.F.);
#1588 = EDGE_LOOP('',(#1589,#1597,#1598,#1606,#1614,#1623));
#1589 = ORIENTED_EDGE('',*,*,#1590,.F.);
#1590 = EDGE_CURVE('',#626,#1591,#1593,.T.);
#1591 = VERTEX_POINT('',#1592);
#1592 = CARTESIAN_POINT('',(-29.38941005235,68.,25.));
#1593 = LINE('',#1594,#1595);
#1594 = CARTESIAN_POINT('',(-29.38941005235,68.,0.));
#1595 = VECTOR('',#1596,1.);
#1596 = DIRECTION('',(0.,0.,1.));
#1597 = ORIENTED_EDGE('',*,*,#623,.F.);
#1598 = ORIENTED_EDGE('',*,*,#1599,.T.);
#1599 = EDGE_CURVE('',#624,#1600,#1602,.T.);
#1600 = VERTEX_POINT('',#1601);
#1601 = CARTESIAN_POINT('',(35.610589947643,68.,25.));
#1602 = LINE('',#1603,#1604);
#1603 = CARTESIAN_POINT('',(35.610589947643,68.,0.));
#1604 = VECTOR('',#1605,1.);
#1605 = DIRECTION('',(0.,0.,1.));
#1606 = ORIENTED_EDGE('',*,*,#1607,.T.);
#1607 = EDGE_CURVE('',#1600,#1608,#1610,.T.);
#1608 = VERTEX_POINT('',#1609);
#1609 = CARTESIAN_POINT('',(6.11,68.,25.));
#1610 = LINE('',#1611,#1612);
#1611 = CARTESIAN_POINT('',(35.610589947643,68.,25.));
#1612 = VECTOR('',#1613,1.);
#1613 = DIRECTION('',(-1.,0.,0.));
#1614 = ORIENTED_EDGE('',*,*,#1615,.F.);
#1615 = EDGE_CURVE('',#1616,#1608,#1618,.T.);
#1616 = VERTEX_POINT('',#1617);
#1617 = CARTESIAN_POINT('',(0.11,68.,25.));
#1618 = CIRCLE('',#1619,3.);
#1619 = AXIS2_PLACEMENT_3D('',#1620,#1621,#1622);
#1620 = CARTESIAN_POINT('',(3.11,68.,25.));
#1621 = DIRECTION('',(0.,-1.,0.));
#1622 = DIRECTION('',(1.,0.,0.));
#1623 = ORIENTED_EDGE('',*,*,#1624,.T.);
#1624 = EDGE_CURVE('',#1616,#1591,#1625,.T.);
#1625 = LINE('',#1626,#1627);
#1626 = CARTESIAN_POINT('',(35.610589947643,68.,25.));
#1627 = VECTOR('',#1628,1.);
#1628 = DIRECTION('',(-1.,0.,0.));
#1629 = PLANE('',#1630);
#1630 = AXIS2_PLACEMENT_3D('',#1631,#1632,#1633);
#1631 = CARTESIAN_POINT('',(35.610589947643,68.,0.));
#1632 = DIRECTION('',(0.,-1.,0.));
#1633 = DIRECTION('',(-1.,0.,0.));
#1634 = ADVANCED_FACE('',(#1635),#1646,.T.);
#1635 = FACE_BOUND('',#1636,.T.);
#1636 = EDGE_LOOP('',(#1637,#1644,#1645));
#1637 = ORIENTED_EDGE('',*,*,#1638,.F.);
#1638 = EDGE_CURVE('',#626,#657,#1639,.T.);
#1639 = CIRCLE('',#1640,3.);
#1640 = AXIS2_PLACEMENT_3D('',#1641,#1642,#1643);
#1641 = CARTESIAN_POINT('',(-29.38941005235,65.,0.));
#1642 = DIRECTION('',(0.,-0.,1.));
#1643 = DIRECTION('',(1.,1.1E-16,0.));
#1644 = ORIENTED_EDGE('',*,*,#641,.T.);
#1645 = ORIENTED_EDGE('',*,*,#666,.F.);
#1646 = SPHERICAL_SURFACE('',#1647,3.);
#1647 = AXIS2_PLACEMENT_3D('',#1648,#1649,#1650);
#1648 = CARTESIAN_POINT('',(-29.38941005235,65.,0.));
#1649 = DIRECTION('',(0.707106781187,0.,-0.707106781187));
#1650 = DIRECTION('',(0.57735026919,-0.57735026919,0.57735026919));
#1651 = ADVANCED_FACE('',(#1652),#1677,.F.);
#1652 = FACE_BOUND('',#1653,.F.);
#1653 = EDGE_LOOP('',(#1654,#1662,#1663,#1671));
#1654 = ORIENTED_EDGE('',*,*,#1655,.F.);
#1655 = EDGE_CURVE('',#659,#1656,#1658,.T.);
#1656 = VERTEX_POINT('',#1657);
#1657 = CARTESIAN_POINT('',(-32.38941005235,-65.,25.));
#1658 = LINE('',#1659,#1660);
#1659 = CARTESIAN_POINT('',(-32.38941005235,-65.,0.));
#1660 = VECTOR('',#1661,1.);
#1661 = DIRECTION('',(0.,0.,1.));
#1662 = ORIENTED_EDGE('',*,*,#656,.F.);
#1663 = ORIENTED_EDGE('',*,*,#1664,.T.);
#1664 = EDGE_CURVE('',#657,#1665,#1667,.T.);
#1665 = VERTEX_POINT('',#1666);
#1666 = CARTESIAN_POINT('',(-32.38941005235,65.,25.));
#1667 = LINE('',#1668,#1669);
#1668 = CARTESIAN_POINT('',(-32.38941005235,65.,0.));
#1669 = VECTOR('',#1670,1.);
#1670 = DIRECTION('',(0.,0.,1.));
#1671 = ORIENTED_EDGE('',*,*,#1672,.T.);
#1672 = EDGE_CURVE('',#1665,#1656,#1673,.T.);
#1673 = LINE('',#1674,#1675);
#1674 = CARTESIAN_POINT('',(-32.38941005235,65.,25.));
#1675 = VECTOR('',#1676,1.);
#1676 = DIRECTION('',(0.,-1.,0.));
#1677 = PLANE('',#1678);
#1678 = AXIS2_PLACEMENT_3D('',#1679,#1680,#1681);
#1679 = CARTESIAN_POINT('',(-32.38941005235,65.,0.));
#1680 = DIRECTION('',(1.,0.,0.));
#1681 = DIRECTION('',(0.,-1.,0.));
#1682 = ADVANCED_FACE('',(#1683),#1689,.F.);
#1683 = FACE_BOUND('',#1684,.F.);
#1684 = EDGE_LOOP('',(#1685,#1686,#1687,#1688));
#1685 = ORIENTED_EDGE('',*,*,#689,.F.);
#1686 = ORIENTED_EDGE('',*,*,#741,.T.);
#1687 = ORIENTED_EDGE('',*,*,#765,.T.);
#1688 = ORIENTED_EDGE('',*,*,#1291,.F.);
#1689 = PLANE('',#1690);
#1690 = AXIS2_PLACEMENT_3D('',#1691,#1692,#1693);
#1691 = CARTESIAN_POINT('',(-20.,-40.,-5.));
#1692 = DIRECTION('',(0.,1.,0.));
#1693 = DIRECTION('',(0.,0.,1.));
#1694 = ADVANCED_FACE('',(#1695),#1701,.T.);
#1695 = FACE_BOUND('',#1696,.T.);
#1696 = EDGE_LOOP('',(#1697,#1698,#1699,#1700));
#1697 = ORIENTED_EDGE('',*,*,#707,.F.);
#1698 = ORIENTED_EDGE('',*,*,#811,.T.);
#1699 = ORIENTED_EDGE('',*,*,#781,.T.);
#1700 = ORIENTED_EDGE('',*,*,#1284,.F.);
#1701 = PLANE('',#1702);
#1702 = AXIS2_PLACEMENT_3D('',#1703,#1704,#1705);
#1703 = CARTESIAN_POINT('',(-20.,-60.,-5.));
#1704 = DIRECTION('',(0.,1.,0.));
#1705 = DIRECTION('',(0.,0.,1.));
#1706 = ADVANCED_FACE('',(#1707),#1713,.F.);
#1707 = FACE_BOUND('',#1708,.F.);
#1708 = EDGE_LOOP('',(#1709,#1710,#1711,#1712));
#1709 = ORIENTED_EDGE('',*,*,#825,.F.);
#1710 = ORIENTED_EDGE('',*,*,#877,.T.);
#1711 = ORIENTED_EDGE('',*,*,#901,.T.);
#1712 = ORIENTED_EDGE('',*,*,#1307,.F.);
#1713 = PLANE('',#1714);
#1714 = AXIS2_PLACEMENT_3D('',#1715,#1716,#1717);
#1715 = CARTESIAN_POINT('',(-16.5,-40.,-4.));
#1716 = DIRECTION('',(0.,1.,0.));
#1717 = DIRECTION('',(0.,0.,1.));
#1718 = ADVANCED_FACE('',(#1719),#1725,.T.);
#1719 = FACE_BOUND('',#1720,.T.);
#1720 = EDGE_LOOP('',(#1721,#1722,#1723,#1724));
#1721 = ORIENTED_EDGE('',*,*,#843,.F.);
#1722 = ORIENTED_EDGE('',*,*,#945,.T.);
#1723 = ORIENTED_EDGE('',*,*,#917,.T.);
#1724 = ORIENTED_EDGE('',*,*,#1300,.F.);
#1725 = PLANE('',#1726);
#1726 = AXIS2_PLACEMENT_3D('',#1727,#1728,#1729);
#1727 = CARTESIAN_POINT('',(-16.5,-60.,-4.));
#1728 = DIRECTION('',(0.,1.,0.));
#1729 = DIRECTION('',(0.,0.,1.));
#1730 = ADVANCED_FACE('',(#1731),#1737,.F.);
#1731 = FACE_BOUND('',#1732,.F.);
#1732 = EDGE_LOOP('',(#1733,#1734,#1735,#1736));
#1733 = ORIENTED_EDGE('',*,*,#961,.F.);
#1734 = ORIENTED_EDGE('',*,*,#1013,.T.);
#1735 = ORIENTED_EDGE('',*,*,#1037,.T.);
#1736 = ORIENTED_EDGE('',*,*,#1323,.F.);
#1737 = PLANE('',#1738);
#1738 = AXIS2_PLACEMENT_3D('',#1739,#1740,#1741);
#1739 = CARTESIAN_POINT('',(-13.,-40.,-4.));
#1740 = DIRECTION('',(0.,1.,0.));
#1741 = DIRECTION('',(0.,0.,1.));
#1742 = ADVANCED_FACE('',(#1743),#1749,.T.);
#1743 = FACE_BOUND('',#1744,.T.);
#1744 = EDGE_LOOP('',(#1745,#1746,#1747,#1748));
#1745 = ORIENTED_EDGE('',*,*,#979,.F.);
#1746 = ORIENTED_EDGE('',*,*,#1081,.T.);
#1747 = ORIENTED_EDGE('',*,*,#1053,.T.);
#1748 = ORIENTED_EDGE('',*,*,#1316,.F.);
#1749 = PLANE('',#1750);
#1750 = AXIS2_PLACEMENT_3D('',#1751,#1752,#1753);
#1751 = CARTESIAN_POINT('',(-13.,-60.,-4.));
#1752 = DIRECTION('',(0.,1.,0.));
#1753 = DIRECTION('',(0.,0.,1.));
#1754 = ADVANCED_FACE('',(#1755),#1761,.F.);
#1755 = FACE_BOUND('',#1756,.F.);
#1756 = EDGE_LOOP('',(#1757,#1758,#1759,#1760));
#1757 = ORIENTED_EDGE('',*,*,#1097,.F.);
#1758 = ORIENTED_EDGE('',*,*,#1149,.T.);
#1759 = ORIENTED_EDGE('',*,*,#1173,.T.);
#1760 = ORIENTED_EDGE('',*,*,#1339,.F.);
#1761 = PLANE('',#1762);
#1762 = AXIS2_PLACEMENT_3D('',#1763,#1764,#1765);
#1763 = CARTESIAN_POINT('',(-9.5,-40.,-4.));
#1764 = DIRECTION('',(0.,1.,0.));
#1765 = DIRECTION('',(0.,0.,1.));
#1766 = ADVANCED_FACE('',(#1767),#1773,.T.);
#1767 = FACE_BOUND('',#1768,.T.);
#1768 = EDGE_LOOP('',(#1769,#1770,#1771,#1772));
#1769 = ORIENTED_EDGE('',*,*,#1115,.F.);
#1770 = ORIENTED_EDGE('',*,*,#1217,.T.);
#1771 = ORIENTED_EDGE('',*,*,#1189,.T.);
#1772 = ORIENTED_EDGE('',*,*,#1332,.F.);
#1773 = PLANE('',#1774);
#1774 = AXIS2_PLACEMENT_3D('',#1775,#1776,#1777);
#1775 = CARTESIAN_POINT('',(-9.5,-60.,-4.));
#1776 = DIRECTION('',(0.,1.,0.));
#1777 = DIRECTION('',(0.,0.,1.));
#1778 = ADVANCED_FACE('',(#1779),#1804,.T.);
#1779 = FACE_BOUND('',#1780,.T.);
#1780 = EDGE_LOOP('',(#1781,#1789,#1797,#1803));
#1781 = ORIENTED_EDGE('',*,*,#1782,.T.);
#1782 = EDGE_CURVE('',#1251,#1783,#1785,.T.);
#1783 = VERTEX_POINT('',#1784);
#1784 = CARTESIAN_POINT('',(35.610589947643,-65.,25.));
#1785 = LINE('',#1786,#1787);
#1786 = CARTESIAN_POINT('',(35.610589947643,-65.,0.));
#1787 = VECTOR('',#1788,1.);
#1788 = DIRECTION('',(0.,0.,1.));
#1789 = ORIENTED_EDGE('',*,*,#1790,.T.);
#1790 = EDGE_CURVE('',#1783,#1791,#1793,.T.);
#1791 = VERTEX_POINT('',#1792);
#1792 = CARTESIAN_POINT('',(35.610589947643,65.,25.));
#1793 = LINE('',#1794,#1795);
#1794 = CARTESIAN_POINT('',(35.610589947643,-65.,25.));
#1795 = VECTOR('',#1796,1.);
#1796 = DIRECTION('',(0.,1.,0.));
#1797 = ORIENTED_EDGE('',*,*,#1798,.F.);
#1798 = EDGE_CURVE('',#1253,#1791,#1799,.T.);
#1799 = LINE('',#1800,#1801);
#1800 = CARTESIAN_POINT('',(35.610589947643,65.,0.));
#1801 = VECTOR('',#1802,1.);
#1802 = DIRECTION('',(0.,0.,1.));
#1803 = ORIENTED_EDGE('',*,*,#1250,.F.);
#1804 = PLANE('',#1805);
#1805 = AXIS2_PLACEMENT_3D('',#1806,#1807,#1808);
#1806 = CARTESIAN_POINT('',(35.610589947643,-65.,0.));
#1807 = DIRECTION('',(-1.,0.,0.));
#1808 = DIRECTION('',(0.,1.,0.));
#1809 = ADVANCED_FACE('',(#1810),#1860,.T.);
#1810 = FACE_BOUND('',#1811,.T.);
#1811 = EDGE_LOOP('',(#1812,#1813,#1821,#1829,#1837,#1845,#1853,#1859));
#1812 = ORIENTED_EDGE('',*,*,#1276,.F.);
#1813 = ORIENTED_EDGE('',*,*,#1814,.T.);
#1814 = EDGE_CURVE('',#1269,#1815,#1817,.T.);
#1815 = VERTEX_POINT('',#1816);
#1816 = CARTESIAN_POINT('',(-29.38941005235,-65.,25.));
#1817 = LINE('',#1818,#1819);
#1818 = CARTESIAN_POINT('',(-29.38941005235,-65.,0.));
#1819 = VECTOR('',#1820,1.);
#1820 = DIRECTION('',(0.,0.,1.));
#1821 = ORIENTED_EDGE('',*,*,#1822,.T.);
#1822 = EDGE_CURVE('',#1815,#1823,#1825,.T.);
#1823 = VERTEX_POINT('',#1824);
#1824 = CARTESIAN_POINT('',(9.11,-65.,25.));
#1825 = LINE('',#1826,#1827);
#1826 = CARTESIAN_POINT('',(-29.38941005235,-65.,25.));
#1827 = VECTOR('',#1828,1.);
#1828 = DIRECTION('',(1.,0.,0.));
#1829 = ORIENTED_EDGE('',*,*,#1830,.T.);
#1830 = EDGE_CURVE('',#1823,#1831,#1833,.T.);
#1831 = VERTEX_POINT('',#1832);
#1832 = CARTESIAN_POINT('',(9.11,-65.,20.));
#1833 = LINE('',#1834,#1835);
#1834 = CARTESIAN_POINT('',(9.11,-65.,10.));
#1835 = VECTOR('',#1836,1.);
#1836 = DIRECTION('',(0.,1.1E-16,-1.));
#1837 = ORIENTED_EDGE('',*,*,#1838,.T.);
#1838 = EDGE_CURVE('',#1831,#1839,#1841,.T.);
#1839 = VERTEX_POINT('',#1840);
#1840 = CARTESIAN_POINT('',(28.11,-65.,20.));
#1841 = LINE('',#1842,#1843);
#1842 = CARTESIAN_POINT('',(-10.13970502617,-65.,20.));
#1843 = VECTOR('',#1844,1.);
#1844 = DIRECTION('',(1.,0.,0.));
#1845 = ORIENTED_EDGE('',*,*,#1846,.F.);
#1846 = EDGE_CURVE('',#1847,#1839,#1849,.T.);
#1847 = VERTEX_POINT('',#1848);
#1848 = CARTESIAN_POINT('',(28.11,-65.,25.));
#1849 = LINE('',#1850,#1851);
#1850 = CARTESIAN_POINT('',(28.11,-65.,10.));
#1851 = VECTOR('',#1852,1.);
#1852 = DIRECTION('',(0.,1.1E-16,-1.));
#1853 = ORIENTED_EDGE('',*,*,#1854,.T.);
#1854 = EDGE_CURVE('',#1847,#1783,#1855,.T.);
#1855 = LINE('',#1856,#1857);
#1856 = CARTESIAN_POINT('',(-29.38941005235,-65.,25.));
#1857 = VECTOR('',#1858,1.);
#1858 = DIRECTION('',(1.,0.,0.));
#1859 = ORIENTED_EDGE('',*,*,#1782,.F.);
#1860 = PLANE('',#1861);
#1861 = AXIS2_PLACEMENT_3D('',#1862,#1863,#1864);
#1862 = CARTESIAN_POINT('',(-29.38941005235,-65.,0.));
#1863 = DIRECTION('',(0.,1.,0.));
#1864 = DIRECTION('',(1.,0.,0.));
#1865 = ADVANCED_FACE('',(#1866),#1901,.T.);
#1866 = FACE_BOUND('',#1867,.T.);
#1867 = EDGE_LOOP('',(#1868,#1869,#1870,#1878,#1887,#1895));
#1868 = ORIENTED_EDGE('',*,*,#1260,.F.);
#1869 = ORIENTED_EDGE('',*,*,#1798,.T.);
#1870 = ORIENTED_EDGE('',*,*,#1871,.T.);
#1871 = EDGE_CURVE('',#1791,#1872,#1874,.T.);
#1872 = VERTEX_POINT('',#1873);
#1873 = CARTESIAN_POINT('',(6.11,65.,25.));
#1874 = LINE('',#1875,#1876);
#1875 = CARTESIAN_POINT('',(35.610589947643,65.,25.));
#1876 = VECTOR('',#1877,1.);
#1877 = DIRECTION('',(-1.,0.,0.));
#1878 = ORIENTED_EDGE('',*,*,#1879,.F.);
#1879 = EDGE_CURVE('',#1880,#1872,#1882,.T.);
#1880 = VERTEX_POINT('',#1881);
#1881 = CARTESIAN_POINT('',(0.11,65.,25.));
#1882 = CIRCLE('',#1883,3.);
#1883 = AXIS2_PLACEMENT_3D('',#1884,#1885,#1886);
#1884 = CARTESIAN_POINT('',(3.11,65.,25.));
#1885 = DIRECTION('',(0.,-1.,0.));
#1886 = DIRECTION('',(1.,0.,0.));
#1887 = ORIENTED_EDGE('',*,*,#1888,.T.);
#1888 = EDGE_CURVE('',#1880,#1889,#1891,.T.);
#1889 = VERTEX_POINT('',#1890);
#1890 = CARTESIAN_POINT('',(-29.38941005235,65.,25.));
#1891 = LINE('',#1892,#1893);
#1892 = CARTESIAN_POINT('',(35.610589947643,65.,25.));
#1893 = VECTOR('',#1894,1.);
#1894 = DIRECTION('',(-1.,0.,0.));
#1895 = ORIENTED_EDGE('',*,*,#1896,.F.);
#1896 = EDGE_CURVE('',#1261,#1889,#1897,.T.);
#1897 = LINE('',#1898,#1899);
#1898 = CARTESIAN_POINT('',(-29.38941005235,65.,0.));
#1899 = VECTOR('',#1900,1.);
#1900 = DIRECTION('',(0.,0.,1.));
#1901 = PLANE('',#1902);
#1902 = AXIS2_PLACEMENT_3D('',#1903,#1904,#1905);
#1903 = CARTESIAN_POINT('',(35.610589947643,65.,0.));
#1904 = DIRECTION('',(0.,-1.,0.));
#1905 = DIRECTION('',(-1.,0.,0.));
#1906 = ADVANCED_FACE('',(#1907),#1918,.T.);
#1907 = FACE_BOUND('',#1908,.T.);
#1908 = EDGE_LOOP('',(#1909,#1910,#1916,#1917));
#1909 = ORIENTED_EDGE('',*,*,#1896,.T.);
#1910 = ORIENTED_EDGE('',*,*,#1911,.T.);
#1911 = EDGE_CURVE('',#1889,#1815,#1912,.T.);
#1912 = LINE('',#1913,#1914);
#1913 = CARTESIAN_POINT('',(-29.38941005235,65.,25.));
#1914 = VECTOR('',#1915,1.);
#1915 = DIRECTION('',(0.,-1.,0.));
#1916 = ORIENTED_EDGE('',*,*,#1814,.F.);
#1917 = ORIENTED_EDGE('',*,*,#1268,.F.);
#1918 = PLANE('',#1919);
#1919 = AXIS2_PLACEMENT_3D('',#1920,#1921,#1922);
#1920 = CARTESIAN_POINT('',(-29.38941005235,65.,0.));
#1921 = DIRECTION('',(1.,0.,0.));
#1922 = DIRECTION('',(0.,-1.,0.));
#1923 = ADVANCED_FACE('',(#1924),#1949,.F.);
#1924 = FACE_BOUND('',#1925,.F.);
#1925 = EDGE_LOOP('',(#1926,#1934,#1942,#1948));
#1926 = ORIENTED_EDGE('',*,*,#1927,.T.);
#1927 = EDGE_CURVE('',#1360,#1928,#1930,.T.);
#1928 = VERTEX_POINT('',#1929);
#1929 = CARTESIAN_POINT('',(-28.96669521554,2.661013947643,25.));
#1930 = LINE('',#1931,#1932);
#1931 = CARTESIAN_POINT('',(-28.96669521554,2.661013947643,
    -7.105427357601E-15));
#1932 = VECTOR('',#1933,1.);
#1933 = DIRECTION('',(0.,1.1E-16,1.));
#1934 = ORIENTED_EDGE('',*,*,#1935,.T.);
#1935 = EDGE_CURVE('',#1928,#1936,#1938,.T.);
#1936 = VERTEX_POINT('',#1937);
#1937 = CARTESIAN_POINT('',(-28.96669521554,-64.59898605235,25.));
#1938 = LINE('',#1939,#1940);
#1939 = CARTESIAN_POINT('',(-28.96669521554,2.661013947643,25.));
#1940 = VECTOR('',#1941,1.);
#1941 = DIRECTION('',(0.,-1.,0.));
#1942 = ORIENTED_EDGE('',*,*,#1943,.F.);
#1943 = EDGE_CURVE('',#1362,#1936,#1944,.T.);
#1944 = LINE('',#1945,#1946);
#1945 = CARTESIAN_POINT('',(-28.96669521554,-64.59898605235,0.));
#1946 = VECTOR('',#1947,1.);
#1947 = DIRECTION('',(0.,1.1E-16,1.));
#1948 = ORIENTED_EDGE('',*,*,#1359,.F.);
#1949 = PLANE('',#1950);
#1950 = AXIS2_PLACEMENT_3D('',#1951,#1952,#1953);
#1951 = CARTESIAN_POINT('',(-28.96669521554,2.661013947643,
    -7.105427357601E-15));
#1952 = DIRECTION('',(1.,0.,0.));
#1953 = DIRECTION('',(0.,-1.,1.1E-16));
#1954 = ADVANCED_FACE('',(#1955),#1973,.F.);
#1955 = FACE_BOUND('',#1956,.F.);
#1956 = EDGE_LOOP('',(#1957,#1965,#1971,#1972));
#1957 = ORIENTED_EDGE('',*,*,#1958,.T.);
#1958 = EDGE_CURVE('',#1370,#1959,#1961,.T.);
#1959 = VERTEX_POINT('',#1960);
#1960 = CARTESIAN_POINT('',(-21.96669521554,2.661013947643,25.));
#1961 = LINE('',#1962,#1963);
#1962 = CARTESIAN_POINT('',(-21.96669521554,2.661013947643,
    -7.105427357601E-15));
#1963 = VECTOR('',#1964,1.);
#1964 = DIRECTION('',(0.,1.1E-16,1.));
#1965 = ORIENTED_EDGE('',*,*,#1966,.T.);
#1966 = EDGE_CURVE('',#1959,#1928,#1967,.T.);
#1967 = LINE('',#1968,#1969);
#1968 = CARTESIAN_POINT('',(-21.96669521554,2.661013947643,25.));
#1969 = VECTOR('',#1970,1.);
#1970 = DIRECTION('',(-1.,0.,0.));
#1971 = ORIENTED_EDGE('',*,*,#1927,.F.);
#1972 = ORIENTED_EDGE('',*,*,#1369,.F.);
#1973 = PLANE('',#1974);
#1974 = AXIS2_PLACEMENT_3D('',#1975,#1976,#1977);
#1975 = CARTESIAN_POINT('',(-21.96669521554,2.661013947643,
    -7.105427357601E-15));
#1976 = DIRECTION('',(-0.,-1.,1.1E-16));
#1977 = DIRECTION('',(-1.,0.,0.));
#1978 = ADVANCED_FACE('',(#1979),#1997,.F.);
#1979 = FACE_BOUND('',#1980,.F.);
#1980 = EDGE_LOOP('',(#1981,#1982,#1990,#1996));
#1981 = ORIENTED_EDGE('',*,*,#1943,.T.);
#1982 = ORIENTED_EDGE('',*,*,#1983,.T.);
#1983 = EDGE_CURVE('',#1936,#1984,#1986,.T.);
#1984 = VERTEX_POINT('',#1985);
#1985 = CARTESIAN_POINT('',(-21.96669521554,-64.59898605235,25.));
#1986 = LINE('',#1987,#1988);
#1987 = CARTESIAN_POINT('',(-28.96669521554,-64.59898605235,25.));
#1988 = VECTOR('',#1989,1.);
#1989 = DIRECTION('',(1.,0.,0.));
#1990 = ORIENTED_EDGE('',*,*,#1991,.F.);
#1991 = EDGE_CURVE('',#1378,#1984,#1992,.T.);
#1992 = LINE('',#1993,#1994);
#1993 = CARTESIAN_POINT('',(-21.96669521554,-64.59898605235,0.));
#1994 = VECTOR('',#1995,1.);
#1995 = DIRECTION('',(0.,1.1E-16,1.));
#1996 = ORIENTED_EDGE('',*,*,#1385,.F.);
#1997 = PLANE('',#1998);
#1998 = AXIS2_PLACEMENT_3D('',#1999,#2000,#2001);
#1999 = CARTESIAN_POINT('',(-28.96669521554,-64.59898605235,0.));
#2000 = DIRECTION('',(0.,1.,-1.1E-16));
#2001 = DIRECTION('',(1.,0.,0.));
#2002 = ADVANCED_FACE('',(#2003),#2014,.F.);
#2003 = FACE_BOUND('',#2004,.F.);
#2004 = EDGE_LOOP('',(#2005,#2006,#2012,#2013));
#2005 = ORIENTED_EDGE('',*,*,#1991,.T.);
#2006 = ORIENTED_EDGE('',*,*,#2007,.T.);
#2007 = EDGE_CURVE('',#1984,#1959,#2008,.T.);
#2008 = LINE('',#2009,#2010);
#2009 = CARTESIAN_POINT('',(-21.96669521554,-64.59898605235,25.));
#2010 = VECTOR('',#2011,1.);
#2011 = DIRECTION('',(0.,1.,0.));
#2012 = ORIENTED_EDGE('',*,*,#1958,.F.);
#2013 = ORIENTED_EDGE('',*,*,#1377,.F.);
#2014 = PLANE('',#2015);
#2015 = AXIS2_PLACEMENT_3D('',#2016,#2017,#2018);
#2016 = CARTESIAN_POINT('',(-21.96669521554,-64.59898605235,0.));
#2017 = DIRECTION('',(-1.,0.,0.));
#2018 = DIRECTION('',(0.,1.,-1.1E-16));
#2019 = ADVANCED_FACE('',(#2020),#2045,.F.);
#2020 = FACE_BOUND('',#2021,.F.);
#2021 = EDGE_LOOP('',(#2022,#2030,#2038,#2044));
#2022 = ORIENTED_EDGE('',*,*,#2023,.T.);
#2023 = EDGE_CURVE('',#1394,#2024,#2026,.T.);
#2024 = VERTEX_POINT('',#2025);
#2025 = CARTESIAN_POINT('',(30.4265,2.709,25.));
#2026 = LINE('',#2027,#2028);
#2027 = CARTESIAN_POINT('',(30.4265,2.709,-7.105427357601E-15));
#2028 = VECTOR('',#2029,1.);
#2029 = DIRECTION('',(0.,1.1E-16,1.));
#2030 = ORIENTED_EDGE('',*,*,#2031,.T.);
#2031 = EDGE_CURVE('',#2024,#2032,#2034,.T.);
#2032 = VERTEX_POINT('',#2033);
#2033 = CARTESIAN_POINT('',(30.4265,-64.551,25.));
#2034 = LINE('',#2035,#2036);
#2035 = CARTESIAN_POINT('',(30.4265,2.709,25.));
#2036 = VECTOR('',#2037,1.);
#2037 = DIRECTION('',(0.,-1.,0.));
#2038 = ORIENTED_EDGE('',*,*,#2039,.F.);
#2039 = EDGE_CURVE('',#1396,#2032,#2040,.T.);
#2040 = LINE('',#2041,#2042);
#2041 = CARTESIAN_POINT('',(30.4265,-64.551,0.));
#2042 = VECTOR('',#2043,1.);
#2043 = DIRECTION('',(0.,1.1E-16,1.));
#2044 = ORIENTED_EDGE('',*,*,#1393,.F.);
#2045 = PLANE('',#2046);
#2046 = AXIS2_PLACEMENT_3D('',#2047,#2048,#2049);
#2047 = CARTESIAN_POINT('',(30.4265,2.709,-7.105427357601E-15));
#2048 = DIRECTION('',(1.,0.,0.));
#2049 = DIRECTION('',(0.,-1.,1.1E-16));
#2050 = ADVANCED_FACE('',(#2051),#2069,.F.);
#2051 = FACE_BOUND('',#2052,.F.);
#2052 = EDGE_LOOP('',(#2053,#2061,#2067,#2068));
#2053 = ORIENTED_EDGE('',*,*,#2054,.T.);
#2054 = EDGE_CURVE('',#1404,#2055,#2057,.T.);
#2055 = VERTEX_POINT('',#2056);
#2056 = CARTESIAN_POINT('',(35.4165,2.709,25.));
#2057 = LINE('',#2058,#2059);
#2058 = CARTESIAN_POINT('',(35.4165,2.709,-7.105427357601E-15));
#2059 = VECTOR('',#2060,1.);
#2060 = DIRECTION('',(0.,1.1E-16,1.));
#2061 = ORIENTED_EDGE('',*,*,#2062,.T.);
#2062 = EDGE_CURVE('',#2055,#2024,#2063,.T.);
#2063 = LINE('',#2064,#2065);
#2064 = CARTESIAN_POINT('',(35.4165,2.709,25.));
#2065 = VECTOR('',#2066,1.);
#2066 = DIRECTION('',(-1.,0.,0.));
#2067 = ORIENTED_EDGE('',*,*,#2023,.F.);
#2068 = ORIENTED_EDGE('',*,*,#1403,.F.);
#2069 = PLANE('',#2070);
#2070 = AXIS2_PLACEMENT_3D('',#2071,#2072,#2073);
#2071 = CARTESIAN_POINT('',(35.4165,2.709,-7.105427357601E-15));
#2072 = DIRECTION('',(-0.,-1.,1.1E-16));
#2073 = DIRECTION('',(-1.,0.,0.));
#2074 = ADVANCED_FACE('',(#2075),#2093,.F.);
#2075 = FACE_BOUND('',#2076,.F.);
#2076 = EDGE_LOOP('',(#2077,#2078,#2086,#2092));
#2077 = ORIENTED_EDGE('',*,*,#2039,.T.);
#2078 = ORIENTED_EDGE('',*,*,#2079,.T.);
#2079 = EDGE_CURVE('',#2032,#2080,#2082,.T.);
#2080 = VERTEX_POINT('',#2081);
#2081 = CARTESIAN_POINT('',(35.4165,-64.551,25.));
#2082 = LINE('',#2083,#2084);
#2083 = CARTESIAN_POINT('',(30.4265,-64.551,25.));
#2084 = VECTOR('',#2085,1.);
#2085 = DIRECTION('',(1.,0.,0.));
#2086 = ORIENTED_EDGE('',*,*,#2087,.F.);
#2087 = EDGE_CURVE('',#1412,#2080,#2088,.T.);
#2088 = LINE('',#2089,#2090);
#2089 = CARTESIAN_POINT('',(35.4165,-64.551,0.));
#2090 = VECTOR('',#2091,1.);
#2091 = DIRECTION('',(0.,1.1E-16,1.));
#2092 = ORIENTED_EDGE('',*,*,#1419,.F.);
#2093 = PLANE('',#2094);
#2094 = AXIS2_PLACEMENT_3D('',#2095,#2096,#2097);
#2095 = CARTESIAN_POINT('',(30.4265,-64.551,0.));
#2096 = DIRECTION('',(0.,1.,-1.1E-16));
#2097 = DIRECTION('',(1.,0.,0.));
#2098 = ADVANCED_FACE('',(#2099),#2110,.F.);
#2099 = FACE_BOUND('',#2100,.F.);
#2100 = EDGE_LOOP('',(#2101,#2102,#2108,#2109));
#2101 = ORIENTED_EDGE('',*,*,#2087,.T.);
#2102 = ORIENTED_EDGE('',*,*,#2103,.T.);
#2103 = EDGE_CURVE('',#2080,#2055,#2104,.T.);
#2104 = LINE('',#2105,#2106);
#2105 = CARTESIAN_POINT('',(35.4165,-64.551,25.));
#2106 = VECTOR('',#2107,1.);
#2107 = DIRECTION('',(0.,1.,0.));
#2108 = ORIENTED_EDGE('',*,*,#2054,.F.);
#2109 = ORIENTED_EDGE('',*,*,#1411,.F.);
#2110 = PLANE('',#2111);
#2111 = AXIS2_PLACEMENT_3D('',#2112,#2113,#2114);
#2112 = CARTESIAN_POINT('',(35.4165,-64.551,0.));
#2113 = DIRECTION('',(-1.,0.,0.));
#2114 = DIRECTION('',(0.,1.,-1.1E-16));
#2115 = ADVANCED_FACE('',(#2116),#2128,.T.);
#2116 = FACE_BOUND('',#2117,.F.);
#2117 = EDGE_LOOP('',(#2118,#2119,#2126,#2127));
#2118 = ORIENTED_EDGE('',*,*,#1559,.T.);
#2119 = ORIENTED_EDGE('',*,*,#2120,.F.);
#2120 = EDGE_CURVE('',#1446,#1552,#2121,.T.);
#2121 = CIRCLE('',#2122,3.);
#2122 = AXIS2_PLACEMENT_3D('',#2123,#2124,#2125);
#2123 = CARTESIAN_POINT('',(35.610589947643,-65.,25.));
#2124 = DIRECTION('',(0.,0.,-1.));
#2125 = DIRECTION('',(1.1E-16,1.,0.));
#2126 = ORIENTED_EDGE('',*,*,#1445,.F.);
#2127 = ORIENTED_EDGE('',*,*,#1493,.T.);
#2128 = CYLINDRICAL_SURFACE('',#2129,3.);
#2129 = AXIS2_PLACEMENT_3D('',#2130,#2131,#2132);
#2130 = CARTESIAN_POINT('',(35.610589947643,-65.,0.));
#2131 = DIRECTION('',(0.,0.,1.));
#2132 = DIRECTION('',(1.1E-16,1.,0.));
#2133 = ADVANCED_FACE('',(#2134),#2162,.T.);
#2134 = FACE_BOUND('',#2135,.T.);
#2135 = EDGE_LOOP('',(#2136,#2137,#2138,#2144,#2145,#2146,#2147,#2154,
    #2155,#2161));
#2136 = ORIENTED_EDGE('',*,*,#1790,.F.);
#2137 = ORIENTED_EDGE('',*,*,#1854,.F.);
#2138 = ORIENTED_EDGE('',*,*,#2139,.T.);
#2139 = EDGE_CURVE('',#1847,#1544,#2140,.T.);
#2140 = LINE('',#2141,#2142);
#2141 = CARTESIAN_POINT('',(28.11,-61.,25.));
#2142 = VECTOR('',#2143,1.);
#2143 = DIRECTION('',(0.,-1.,0.));
#2144 = ORIENTED_EDGE('',*,*,#1551,.T.);
#2145 = ORIENTED_EDGE('',*,*,#2120,.F.);
#2146 = ORIENTED_EDGE('',*,*,#1453,.T.);
#2147 = ORIENTED_EDGE('',*,*,#2148,.T.);
#2148 = EDGE_CURVE('',#1454,#1600,#2149,.T.);
#2149 = CIRCLE('',#2150,3.);
#2150 = AXIS2_PLACEMENT_3D('',#2151,#2152,#2153);
#2151 = CARTESIAN_POINT('',(35.610589947643,65.,25.));
#2152 = DIRECTION('',(-0.,0.,1.));
#2153 = DIRECTION('',(1.1E-16,-1.,0.));
#2154 = ORIENTED_EDGE('',*,*,#1607,.T.);
#2155 = ORIENTED_EDGE('',*,*,#2156,.F.);
#2156 = EDGE_CURVE('',#1872,#1608,#2157,.T.);
#2157 = LINE('',#2158,#2159);
#2158 = CARTESIAN_POINT('',(6.11,61.,25.));
#2159 = VECTOR('',#2160,1.);
#2160 = DIRECTION('',(0.,1.,0.));
#2161 = ORIENTED_EDGE('',*,*,#1871,.F.);
#2162 = PLANE('',#2163);
#2163 = AXIS2_PLACEMENT_3D('',#2164,#2165,#2166);
#2164 = CARTESIAN_POINT('',(3.110589947643,0.,25.));
#2165 = DIRECTION('',(0.,0.,1.));
#2166 = DIRECTION('',(1.,0.,0.));
#2167 = ADVANCED_FACE('',(#2168),#2174,.T.);
#2168 = FACE_BOUND('',#2169,.T.);
#2169 = EDGE_LOOP('',(#2170,#2171,#2172,#2173));
#2170 = ORIENTED_EDGE('',*,*,#1599,.T.);
#2171 = ORIENTED_EDGE('',*,*,#2148,.F.);
#2172 = ORIENTED_EDGE('',*,*,#1461,.F.);
#2173 = ORIENTED_EDGE('',*,*,#1476,.T.);
#2174 = CYLINDRICAL_SURFACE('',#2175,3.);
#2175 = AXIS2_PLACEMENT_3D('',#2176,#2177,#2178);
#2176 = CARTESIAN_POINT('',(35.610589947643,65.,0.));
#2177 = DIRECTION('',(0.,0.,1.));
#2178 = DIRECTION('',(1.1E-16,-1.,0.));
#2179 = ADVANCED_FACE('',(#2180),#2191,.F.);
#2180 = FACE_BOUND('',#2181,.F.);
#2181 = EDGE_LOOP('',(#2182,#2188,#2189,#2190));
#2182 = ORIENTED_EDGE('',*,*,#2183,.F.);
#2183 = EDGE_CURVE('',#1839,#1536,#2184,.T.);
#2184 = LINE('',#2185,#2186);
#2185 = CARTESIAN_POINT('',(28.11,-61.,20.));
#2186 = VECTOR('',#2187,1.);
#2187 = DIRECTION('',(0.,-1.,0.));
#2188 = ORIENTED_EDGE('',*,*,#1846,.F.);
#2189 = ORIENTED_EDGE('',*,*,#2139,.T.);
#2190 = ORIENTED_EDGE('',*,*,#1543,.T.);
#2191 = PLANE('',#2192);
#2192 = AXIS2_PLACEMENT_3D('',#2193,#2194,#2195);
#2193 = CARTESIAN_POINT('',(28.11,-61.,20.));
#2194 = DIRECTION('',(1.,0.,0.));
#2195 = DIRECTION('',(0.,-1.,0.));
#2196 = ADVANCED_FACE('',(#2197),#2208,.T.);
#2197 = FACE_BOUND('',#2198,.T.);
#2198 = EDGE_LOOP('',(#2199,#2200,#2201,#2207));
#2199 = ORIENTED_EDGE('',*,*,#2183,.F.);
#2200 = ORIENTED_EDGE('',*,*,#1838,.F.);
#2201 = ORIENTED_EDGE('',*,*,#2202,.T.);
#2202 = EDGE_CURVE('',#1831,#1528,#2203,.T.);
#2203 = LINE('',#2204,#2205);
#2204 = CARTESIAN_POINT('',(9.11,-61.,20.));
#2205 = VECTOR('',#2206,1.);
#2206 = DIRECTION('',(0.,-1.,0.));
#2207 = ORIENTED_EDGE('',*,*,#1535,.T.);
#2208 = PLANE('',#2209);
#2209 = AXIS2_PLACEMENT_3D('',#2210,#2211,#2212);
#2210 = CARTESIAN_POINT('',(9.11,-61.,20.));
#2211 = DIRECTION('',(0.,0.,1.));
#2212 = DIRECTION('',(0.,-1.,0.));
#2213 = ADVANCED_FACE('',(#2214),#2225,.T.);
#2214 = FACE_BOUND('',#2215,.T.);
#2215 = EDGE_LOOP('',(#2216,#2217,#2218,#2224));
#2216 = ORIENTED_EDGE('',*,*,#2202,.F.);
#2217 = ORIENTED_EDGE('',*,*,#1830,.F.);
#2218 = ORIENTED_EDGE('',*,*,#2219,.T.);
#2219 = EDGE_CURVE('',#1823,#1520,#2220,.T.);
#2220 = LINE('',#2221,#2222);
#2221 = CARTESIAN_POINT('',(9.11,-61.,25.));
#2222 = VECTOR('',#2223,1.);
#2223 = DIRECTION('',(0.,-1.,0.));
#2224 = ORIENTED_EDGE('',*,*,#1527,.T.);
#2225 = PLANE('',#2226);
#2226 = AXIS2_PLACEMENT_3D('',#2227,#2228,#2229);
#2227 = CARTESIAN_POINT('',(9.11,-61.,20.));
#2228 = DIRECTION('',(1.,0.,0.));
#2229 = DIRECTION('',(0.,-1.,0.));
#2230 = ADVANCED_FACE('',(#2231),#2260,.T.);
#2231 = FACE_BOUND('',#2232,.T.);
#2232 = EDGE_LOOP('',(#2233,#2234,#2240,#2241,#2248,#2249,#2256,#2257,
    #2258,#2259));
#2233 = ORIENTED_EDGE('',*,*,#1888,.F.);
#2234 = ORIENTED_EDGE('',*,*,#2235,.F.);
#2235 = EDGE_CURVE('',#1616,#1880,#2236,.T.);
#2236 = LINE('',#2237,#2238);
#2237 = CARTESIAN_POINT('',(0.11,61.,25.));
#2238 = VECTOR('',#2239,1.);
#2239 = DIRECTION('',(-0.,-1.,0.));
#2240 = ORIENTED_EDGE('',*,*,#1624,.T.);
#2241 = ORIENTED_EDGE('',*,*,#2242,.T.);
#2242 = EDGE_CURVE('',#1591,#1665,#2243,.T.);
#2243 = CIRCLE('',#2244,3.);
#2244 = AXIS2_PLACEMENT_3D('',#2245,#2246,#2247);
#2245 = CARTESIAN_POINT('',(-29.38941005235,65.,25.));
#2246 = DIRECTION('',(0.,-0.,1.));
#2247 = DIRECTION('',(1.,1.1E-16,0.));
#2248 = ORIENTED_EDGE('',*,*,#1672,.T.);
#2249 = ORIENTED_EDGE('',*,*,#2250,.T.);
#2250 = EDGE_CURVE('',#1656,#1512,#2251,.T.);
#2251 = CIRCLE('',#2252,3.);
#2252 = AXIS2_PLACEMENT_3D('',#2253,#2254,#2255);
#2253 = CARTESIAN_POINT('',(-29.38941005235,-65.,25.));
#2254 = DIRECTION('',(0.,0.,1.));
#2255 = DIRECTION('',(-1.1E-16,1.,0.));
#2256 = ORIENTED_EDGE('',*,*,#1519,.T.);
#2257 = ORIENTED_EDGE('',*,*,#2219,.F.);
#2258 = ORIENTED_EDGE('',*,*,#1822,.F.);
#2259 = ORIENTED_EDGE('',*,*,#1911,.F.);
#2260 = PLANE('',#2261);
#2261 = AXIS2_PLACEMENT_3D('',#2262,#2263,#2264);
#2262 = CARTESIAN_POINT('',(3.110589947643,0.,25.));
#2263 = DIRECTION('',(0.,0.,1.));
#2264 = DIRECTION('',(1.,0.,0.));
#2265 = ADVANCED_FACE('',(#2266),#2272,.T.);
#2266 = FACE_BOUND('',#2267,.T.);
#2267 = EDGE_LOOP('',(#2268,#2269,#2270,#2271));
#2268 = ORIENTED_EDGE('',*,*,#1511,.T.);
#2269 = ORIENTED_EDGE('',*,*,#2250,.F.);
#2270 = ORIENTED_EDGE('',*,*,#1655,.F.);
#2271 = ORIENTED_EDGE('',*,*,#1573,.T.);
#2272 = CYLINDRICAL_SURFACE('',#2273,3.);
#2273 = AXIS2_PLACEMENT_3D('',#2274,#2275,#2276);
#2274 = CARTESIAN_POINT('',(-29.38941005235,-65.,0.));
#2275 = DIRECTION('',(0.,0.,1.));
#2276 = DIRECTION('',(-1.1E-16,1.,0.));
#2277 = ADVANCED_FACE('',(#2278),#2284,.T.);
#2278 = FACE_BOUND('',#2279,.T.);
#2279 = EDGE_LOOP('',(#2280,#2281,#2282,#2283));
#2280 = ORIENTED_EDGE('',*,*,#1664,.T.);
#2281 = ORIENTED_EDGE('',*,*,#2242,.F.);
#2282 = ORIENTED_EDGE('',*,*,#1590,.F.);
#2283 = ORIENTED_EDGE('',*,*,#1638,.T.);
#2284 = CYLINDRICAL_SURFACE('',#2285,3.);
#2285 = AXIS2_PLACEMENT_3D('',#2286,#2287,#2288);
#2286 = CARTESIAN_POINT('',(-29.38941005235,65.,0.));
#2287 = DIRECTION('',(0.,0.,1.));
#2288 = DIRECTION('',(1.,1.1E-16,0.));
#2289 = ADVANCED_FACE('',(#2290),#2296,.F.);
#2290 = FACE_BOUND('',#2291,.T.);
#2291 = EDGE_LOOP('',(#2292,#2293,#2294,#2295));
#2292 = ORIENTED_EDGE('',*,*,#1879,.T.);
#2293 = ORIENTED_EDGE('',*,*,#2156,.T.);
#2294 = ORIENTED_EDGE('',*,*,#1615,.F.);
#2295 = ORIENTED_EDGE('',*,*,#2235,.T.);
#2296 = CYLINDRICAL_SURFACE('',#2297,3.);
#2297 = AXIS2_PLACEMENT_3D('',#2298,#2299,#2300);
#2298 = CARTESIAN_POINT('',(3.11,61.,25.));
#2299 = DIRECTION('',(-0.,-1.,0.));
#2300 = DIRECTION('',(1.,0.,0.));
#2301 = ADVANCED_FACE('',(#2302),#2308,.T.);
#2302 = FACE_BOUND('',#2303,.T.);
#2303 = EDGE_LOOP('',(#2304,#2305,#2306,#2307));
#2304 = ORIENTED_EDGE('',*,*,#1935,.T.);
#2305 = ORIENTED_EDGE('',*,*,#1983,.T.);
#2306 = ORIENTED_EDGE('',*,*,#2007,.T.);
#2307 = ORIENTED_EDGE('',*,*,#1966,.T.);
#2308 = PLANE('',#2309);
#2309 = AXIS2_PLACEMENT_3D('',#2310,#2311,#2312);
#2310 = CARTESIAN_POINT('',(3.326882726734,-30.9453221913,25.));
#2311 = DIRECTION('',(0.,0.,1.));
#2312 = DIRECTION('',(1.,0.,0.));
#2313 = ADVANCED_FACE('',(#2314),#2320,.T.);
#2314 = FACE_BOUND('',#2315,.T.);
#2315 = EDGE_LOOP('',(#2316,#2317,#2318,#2319));
#2316 = ORIENTED_EDGE('',*,*,#2031,.T.);
#2317 = ORIENTED_EDGE('',*,*,#2079,.T.);
#2318 = ORIENTED_EDGE('',*,*,#2103,.T.);
#2319 = ORIENTED_EDGE('',*,*,#2062,.T.);
#2320 = PLANE('',#2321);
#2321 = AXIS2_PLACEMENT_3D('',#2322,#2323,#2324);
#2322 = CARTESIAN_POINT('',(3.326882726734,-30.9453221913,25.));
#2323 = DIRECTION('',(0.,0.,1.));
#2324 = DIRECTION('',(1.,0.,0.));
#2325 = ( GEOMETRIC_REPRESENTATION_CONTEXT(3) 
GLOBAL_UNCERTAINTY_ASSIGNED_CONTEXT((#2329)) 
GLOBAL_UNIT_ASSIGNED_CONTEXT((#2326,#2327,#2328)) REPRESENTATION_CONTEXT
('Context #1','3D Context with UNIT and UNCERTAINTY') );
#2326 = ( LENGTH_UNIT() NAMED_UNIT(*) SI_UNIT(.MILLI.,.METRE.) );
#2327 = ( NAMED_UNIT(*) PLANE_ANGLE_UNIT() SI_UNIT($,.RADIAN.) );
#2328 = ( NAMED_UNIT(*) SI_UNIT($,.STERADIAN.) SOLID_ANGLE_UNIT() );
#2329 = UNCERTAINTY_MEASURE_WITH_UNIT(LENGTH_MEASURE(2.E-05),#2326,
  'distance_accuracy_value','confusion accuracy');
#2330 = CONTEXT_DEPENDENT_SHAPE_REPRESENTATION(#2331,#2333);
#2331 = ( REPRESENTATION_RELATIONSHIP('','',#44,#10) 
REPRESENTATION_RELATIONSHIP_WITH_TRANSFORMATION(#2332) 
SHAPE_REPRESENTATION_RELATIONSHIP() );
#2332 = ITEM_DEFINED_TRANSFORMATION('','',#11,#15);
#2333 = PRODUCT_DEFINITION_SHAPE('Placement','Placement of an item',
  #2334);
#2334 = NEXT_ASSEMBLY_USAGE_OCCURRENCE('12','Body','',#5,#39,$);
#2335 = PRODUCT_RELATED_PRODUCT_CATEGORY('part',$,(#41));
#2336 = SHAPE_DEFINITION_REPRESENTATION(#2337,#2343);
#2337 = PRODUCT_DEFINITION_SHAPE('','',#2338);
#2338 = PRODUCT_DEFINITION('design','',#2339,#2342);
#2339 = PRODUCT_DEFINITION_FORMATION('','',#2340);
#2340 = PRODUCT('Fillet009','Fillet009','',(#2341));
#2341 = PRODUCT_CONTEXT('',#2,'mechanical');
#2342 = PRODUCT_DEFINITION_CONTEXT('part definition',#2,'design');
#2343 = ADVANCED_BREP_SHAPE_REPRESENTATION('',(#11,#2344),#4624);
#2344 = MANIFOLD_SOLID_BREP('',#2345);
#2345 = CLOSED_SHELL('',(#2346,#2716,#2767,#2792,#2835,#2852,#2885,#2918
    ,#2951,#2984,#3035,#3060,#3103,#3120,#3171,#3196,#3239,#3256,#3307,
    #3332,#3375,#3392,#3443,#3468,#3511,#3528,#3545,#3728,#3740,#3771,
    #3788,#3805,#3868,#3885,#3933,#3950,#3981,#3993,#4005,#4017,#4029,
    #4041,#4053,#4065,#4077,#4108,#4164,#4205,#4222,#4253,#4277,#4301,
    #4318,#4349,#4373,#4397,#4414,#4432,#4466,#4478,#4495,#4512,#4529,
    #4564,#4576,#4588,#4600,#4612));
#2346 = ADVANCED_FACE('',(#2347,#2413,#2447,#2513,#2579,#2645),#2711,.F.
  );
#2347 = FACE_BOUND('',#2348,.F.);
#2348 = EDGE_LOOP('',(#2349,#2359,#2367,#2375,#2383,#2391,#2399,#2407));
#2349 = ORIENTED_EDGE('',*,*,#2350,.F.);
#2350 = EDGE_CURVE('',#2351,#2353,#2355,.T.);
#2351 = VERTEX_POINT('',#2352);
#2352 = CARTESIAN_POINT('',(1.5,20.,2.));
#2353 = VERTEX_POINT('',#2354);
#2354 = CARTESIAN_POINT('',(1.5,21.,2.));
#2355 = LINE('',#2356,#2357);
#2356 = CARTESIAN_POINT('',(1.5,30.,2.));
#2357 = VECTOR('',#2358,1.);
#2358 = DIRECTION('',(0.,1.,0.));
#2359 = ORIENTED_EDGE('',*,*,#2360,.F.);
#2360 = EDGE_CURVE('',#2361,#2351,#2363,.T.);
#2361 = VERTEX_POINT('',#2362);
#2362 = CARTESIAN_POINT('',(1.5,0.,2.));
#2363 = LINE('',#2364,#2365);
#2364 = CARTESIAN_POINT('',(1.5,30.,2.));
#2365 = VECTOR('',#2366,1.);
#2366 = DIRECTION('',(0.,1.,0.));
#2367 = ORIENTED_EDGE('',*,*,#2368,.T.);
#2368 = EDGE_CURVE('',#2361,#2369,#2371,.T.);
#2369 = VERTEX_POINT('',#2370);
#2370 = CARTESIAN_POINT('',(1.5,-1.,2.));
#2371 = LINE('',#2372,#2373);
#2372 = CARTESIAN_POINT('',(1.5,30.,2.));
#2373 = VECTOR('',#2374,1.);
#2374 = DIRECTION('',(-0.,-1.,-0.));
#2375 = ORIENTED_EDGE('',*,*,#2376,.T.);
#2376 = EDGE_CURVE('',#2369,#2377,#2379,.T.);
#2377 = VERTEX_POINT('',#2378);
#2378 = CARTESIAN_POINT('',(0.,-1.,2.));
#2379 = LINE('',#2380,#2381);
#2380 = CARTESIAN_POINT('',(1.5,-1.,2.));
#2381 = VECTOR('',#2382,1.);
#2382 = DIRECTION('',(-1.,0.,0.));
#2383 = ORIENTED_EDGE('',*,*,#2384,.F.);
#2384 = EDGE_CURVE('',#2385,#2377,#2387,.T.);
#2385 = VERTEX_POINT('',#2386);
#2386 = CARTESIAN_POINT('',(0.,0.,2.));
#2387 = LINE('',#2388,#2389);
#2388 = CARTESIAN_POINT('',(0.,30.,2.));
#2389 = VECTOR('',#2390,1.);
#2390 = DIRECTION('',(-0.,-1.,-0.));
#2391 = ORIENTED_EDGE('',*,*,#2392,.T.);
#2392 = EDGE_CURVE('',#2385,#2393,#2395,.T.);
#2393 = VERTEX_POINT('',#2394);
#2394 = CARTESIAN_POINT('',(0.,20.,2.));
#2395 = LINE('',#2396,#2397);
#2396 = CARTESIAN_POINT('',(0.,30.,2.));
#2397 = VECTOR('',#2398,1.);
#2398 = DIRECTION('',(0.,1.,0.));
#2399 = ORIENTED_EDGE('',*,*,#2400,.T.);
#2400 = EDGE_CURVE('',#2393,#2401,#2403,.T.);
#2401 = VERTEX_POINT('',#2402);
#2402 = CARTESIAN_POINT('',(0.,21.,2.));
#2403 = LINE('',#2404,#2405);
#2404 = CARTESIAN_POINT('',(0.,30.,2.));
#2405 = VECTOR('',#2406,1.);
#2406 = DIRECTION('',(0.,1.,0.));
#2407 = ORIENTED_EDGE('',*,*,#2408,.F.);
#2408 = EDGE_CURVE('',#2353,#2401,#2409,.T.);
#2409 = LINE('',#2410,#2411);
#2410 = CARTESIAN_POINT('',(1.5,21.,2.));
#2411 = VECTOR('',#2412,1.);
#2412 = DIRECTION('',(-1.,0.,0.));
#2413 = FACE_BOUND('',#2414,.F.);
#2414 = EDGE_LOOP('',(#2415,#2425,#2433,#2441));
#2415 = ORIENTED_EDGE('',*,*,#2416,.T.);
#2416 = EDGE_CURVE('',#2417,#2419,#2421,.T.);
#2417 = VERTEX_POINT('',#2418);
#2418 = CARTESIAN_POINT('',(41.610589947643,-5.,2.));
#2419 = VERTEX_POINT('',#2420);
#2420 = CARTESIAN_POINT('',(41.610589947643,125.,2.));
#2421 = LINE('',#2422,#2423);
#2422 = CARTESIAN_POINT('',(41.610589947643,-5.,2.));
#2423 = VECTOR('',#2424,1.);
#2424 = DIRECTION('',(0.,1.,0.));
#2425 = ORIENTED_EDGE('',*,*,#2426,.T.);
#2426 = EDGE_CURVE('',#2419,#2427,#2429,.T.);
#2427 = VERTEX_POINT('',#2428);
#2428 = CARTESIAN_POINT('',(-23.38941005235,125.,2.));
#2429 = LINE('',#2430,#2431);
#2430 = CARTESIAN_POINT('',(41.610589947643,125.,2.));
#2431 = VECTOR('',#2432,1.);
#2432 = DIRECTION('',(-1.,0.,0.));
#2433 = ORIENTED_EDGE('',*,*,#2434,.T.);
#2434 = EDGE_CURVE('',#2427,#2435,#2437,.T.);
#2435 = VERTEX_POINT('',#2436);
#2436 = CARTESIAN_POINT('',(-23.38941005235,-5.,2.));
#2437 = LINE('',#2438,#2439);
#2438 = CARTESIAN_POINT('',(-23.38941005235,125.,2.));
#2439 = VECTOR('',#2440,1.);
#2440 = DIRECTION('',(0.,-1.,0.));
#2441 = ORIENTED_EDGE('',*,*,#2442,.T.);
#2442 = EDGE_CURVE('',#2435,#2417,#2443,.T.);
#2443 = LINE('',#2444,#2445);
#2444 = CARTESIAN_POINT('',(-23.38941005235,-5.,2.));
#2445 = VECTOR('',#2446,1.);
#2446 = DIRECTION('',(1.,0.,0.));
#2447 = FACE_BOUND('',#2448,.F.);
#2448 = EDGE_LOOP('',(#2449,#2459,#2467,#2475,#2483,#2491,#2499,#2507));
#2449 = ORIENTED_EDGE('',*,*,#2450,.F.);
#2450 = EDGE_CURVE('',#2451,#2453,#2455,.T.);
#2451 = VERTEX_POINT('',#2452);
#2452 = CARTESIAN_POINT('',(-12.5,20.,2.));
#2453 = VERTEX_POINT('',#2454);
#2454 = CARTESIAN_POINT('',(-12.5,21.,2.));
#2455 = LINE('',#2456,#2457);
#2456 = CARTESIAN_POINT('',(-12.5,30.,2.));
#2457 = VECTOR('',#2458,1.);
#2458 = DIRECTION('',(0.,1.,0.));
#2459 = ORIENTED_EDGE('',*,*,#2460,.F.);
#2460 = EDGE_CURVE('',#2461,#2451,#2463,.T.);
#2461 = VERTEX_POINT('',#2462);
#2462 = CARTESIAN_POINT('',(-12.5,0.,2.));
#2463 = LINE('',#2464,#2465);
#2464 = CARTESIAN_POINT('',(-12.5,30.,2.));
#2465 = VECTOR('',#2466,1.);
#2466 = DIRECTION('',(0.,1.,0.));
#2467 = ORIENTED_EDGE('',*,*,#2468,.T.);
#2468 = EDGE_CURVE('',#2461,#2469,#2471,.T.);
#2469 = VERTEX_POINT('',#2470);
#2470 = CARTESIAN_POINT('',(-12.5,-1.,2.));
#2471 = LINE('',#2472,#2473);
#2472 = CARTESIAN_POINT('',(-12.5,30.,2.));
#2473 = VECTOR('',#2474,1.);
#2474 = DIRECTION('',(-0.,-1.,-0.));
#2475 = ORIENTED_EDGE('',*,*,#2476,.T.);
#2476 = EDGE_CURVE('',#2469,#2477,#2479,.T.);
#2477 = VERTEX_POINT('',#2478);
#2478 = CARTESIAN_POINT('',(-14.,-1.,2.));
#2479 = LINE('',#2480,#2481);
#2480 = CARTESIAN_POINT('',(-12.5,-1.,2.));
#2481 = VECTOR('',#2482,1.);
#2482 = DIRECTION('',(-1.,0.,0.));
#2483 = ORIENTED_EDGE('',*,*,#2484,.F.);
#2484 = EDGE_CURVE('',#2485,#2477,#2487,.T.);
#2485 = VERTEX_POINT('',#2486);
#2486 = CARTESIAN_POINT('',(-14.,0.,2.));
#2487 = LINE('',#2488,#2489);
#2488 = CARTESIAN_POINT('',(-14.,30.,2.));
#2489 = VECTOR('',#2490,1.);
#2490 = DIRECTION('',(-0.,-1.,-0.));
#2491 = ORIENTED_EDGE('',*,*,#2492,.T.);
#2492 = EDGE_CURVE('',#2485,#2493,#2495,.T.);
#2493 = VERTEX_POINT('',#2494);
#2494 = CARTESIAN_POINT('',(-14.,20.,2.));
#2495 = LINE('',#2496,#2497);
#2496 = CARTESIAN_POINT('',(-14.,30.,2.));
#2497 = VECTOR('',#2498,1.);
#2498 = DIRECTION('',(0.,1.,0.));
#2499 = ORIENTED_EDGE('',*,*,#2500,.T.);
#2500 = EDGE_CURVE('',#2493,#2501,#2503,.T.);
#2501 = VERTEX_POINT('',#2502);
#2502 = CARTESIAN_POINT('',(-14.,21.,2.));
#2503 = LINE('',#2504,#2505);
#2504 = CARTESIAN_POINT('',(-14.,30.,2.));
#2505 = VECTOR('',#2506,1.);
#2506 = DIRECTION('',(0.,1.,0.));
#2507 = ORIENTED_EDGE('',*,*,#2508,.F.);
#2508 = EDGE_CURVE('',#2453,#2501,#2509,.T.);
#2509 = LINE('',#2510,#2511);
#2510 = CARTESIAN_POINT('',(-12.5,21.,2.));
#2511 = VECTOR('',#2512,1.);
#2512 = DIRECTION('',(-1.,0.,0.));
#2513 = FACE_BOUND('',#2514,.F.);
#2514 = EDGE_LOOP('',(#2515,#2525,#2533,#2541,#2549,#2557,#2565,#2573));
#2515 = ORIENTED_EDGE('',*,*,#2516,.F.);
#2516 = EDGE_CURVE('',#2517,#2519,#2521,.T.);
#2517 = VERTEX_POINT('',#2518);
#2518 = CARTESIAN_POINT('',(-9.,20.,2.));
#2519 = VERTEX_POINT('',#2520);
#2520 = CARTESIAN_POINT('',(-9.,21.,2.));
#2521 = LINE('',#2522,#2523);
#2522 = CARTESIAN_POINT('',(-9.,30.,2.));
#2523 = VECTOR('',#2524,1.);
#2524 = DIRECTION('',(0.,1.,0.));
#2525 = ORIENTED_EDGE('',*,*,#2526,.F.);
#2526 = EDGE_CURVE('',#2527,#2517,#2529,.T.);
#2527 = VERTEX_POINT('',#2528);
#2528 = CARTESIAN_POINT('',(-9.,0.,2.));
#2529 = LINE('',#2530,#2531);
#2530 = CARTESIAN_POINT('',(-9.,30.,2.));
#2531 = VECTOR('',#2532,1.);
#2532 = DIRECTION('',(0.,1.,0.));
#2533 = ORIENTED_EDGE('',*,*,#2534,.T.);
#2534 = EDGE_CURVE('',#2527,#2535,#2537,.T.);
#2535 = VERTEX_POINT('',#2536);
#2536 = CARTESIAN_POINT('',(-9.,-1.,2.));
#2537 = LINE('',#2538,#2539);
#2538 = CARTESIAN_POINT('',(-9.,30.,2.));
#2539 = VECTOR('',#2540,1.);
#2540 = DIRECTION('',(-0.,-1.,-0.));
#2541 = ORIENTED_EDGE('',*,*,#2542,.T.);
#2542 = EDGE_CURVE('',#2535,#2543,#2545,.T.);
#2543 = VERTEX_POINT('',#2544);
#2544 = CARTESIAN_POINT('',(-10.5,-1.,2.));
#2545 = LINE('',#2546,#2547);
#2546 = CARTESIAN_POINT('',(-9.,-1.,2.));
#2547 = VECTOR('',#2548,1.);
#2548 = DIRECTION('',(-1.,0.,0.));
#2549 = ORIENTED_EDGE('',*,*,#2550,.F.);
#2550 = EDGE_CURVE('',#2551,#2543,#2553,.T.);
#2551 = VERTEX_POINT('',#2552);
#2552 = CARTESIAN_POINT('',(-10.5,0.,2.));
#2553 = LINE('',#2554,#2555);
#2554 = CARTESIAN_POINT('',(-10.5,30.,2.));
#2555 = VECTOR('',#2556,1.);
#2556 = DIRECTION('',(-0.,-1.,-0.));
#2557 = ORIENTED_EDGE('',*,*,#2558,.T.);
#2558 = EDGE_CURVE('',#2551,#2559,#2561,.T.);
#2559 = VERTEX_POINT('',#2560);
#2560 = CARTESIAN_POINT('',(-10.5,20.,2.));
#2561 = LINE('',#2562,#2563);
#2562 = CARTESIAN_POINT('',(-10.5,30.,2.));
#2563 = VECTOR('',#2564,1.);
#2564 = DIRECTION('',(0.,1.,0.));
#2565 = ORIENTED_EDGE('',*,*,#2566,.T.);
#2566 = EDGE_CURVE('',#2559,#2567,#2569,.T.);
#2567 = VERTEX_POINT('',#2568);
#2568 = CARTESIAN_POINT('',(-10.5,21.,2.));
#2569 = LINE('',#2570,#2571);
#2570 = CARTESIAN_POINT('',(-10.5,30.,2.));
#2571 = VECTOR('',#2572,1.);
#2572 = DIRECTION('',(0.,1.,0.));
#2573 = ORIENTED_EDGE('',*,*,#2574,.F.);
#2574 = EDGE_CURVE('',#2519,#2567,#2575,.T.);
#2575 = LINE('',#2576,#2577);
#2576 = CARTESIAN_POINT('',(-9.,21.,2.));
#2577 = VECTOR('',#2578,1.);
#2578 = DIRECTION('',(-1.,0.,0.));
#2579 = FACE_BOUND('',#2580,.F.);
#2580 = EDGE_LOOP('',(#2581,#2591,#2599,#2607,#2615,#2623,#2631,#2639));
#2581 = ORIENTED_EDGE('',*,*,#2582,.F.);
#2582 = EDGE_CURVE('',#2583,#2585,#2587,.T.);
#2583 = VERTEX_POINT('',#2584);
#2584 = CARTESIAN_POINT('',(-5.5,20.,2.));
#2585 = VERTEX_POINT('',#2586);
#2586 = CARTESIAN_POINT('',(-5.5,21.,2.));
#2587 = LINE('',#2588,#2589);
#2588 = CARTESIAN_POINT('',(-5.5,30.,2.));
#2589 = VECTOR('',#2590,1.);
#2590 = DIRECTION('',(0.,1.,0.));
#2591 = ORIENTED_EDGE('',*,*,#2592,.F.);
#2592 = EDGE_CURVE('',#2593,#2583,#2595,.T.);
#2593 = VERTEX_POINT('',#2594);
#2594 = CARTESIAN_POINT('',(-5.5,0.,2.));
#2595 = LINE('',#2596,#2597);
#2596 = CARTESIAN_POINT('',(-5.5,30.,2.));
#2597 = VECTOR('',#2598,1.);
#2598 = DIRECTION('',(0.,1.,0.));
#2599 = ORIENTED_EDGE('',*,*,#2600,.T.);
#2600 = EDGE_CURVE('',#2593,#2601,#2603,.T.);
#2601 = VERTEX_POINT('',#2602);
#2602 = CARTESIAN_POINT('',(-5.5,-1.,2.));
#2603 = LINE('',#2604,#2605);
#2604 = CARTESIAN_POINT('',(-5.5,30.,2.));
#2605 = VECTOR('',#2606,1.);
#2606 = DIRECTION('',(-0.,-1.,-0.));
#2607 = ORIENTED_EDGE('',*,*,#2608,.T.);
#2608 = EDGE_CURVE('',#2601,#2609,#2611,.T.);
#2609 = VERTEX_POINT('',#2610);
#2610 = CARTESIAN_POINT('',(-7.,-1.,2.));
#2611 = LINE('',#2612,#2613);
#2612 = CARTESIAN_POINT('',(-5.5,-1.,2.));
#2613 = VECTOR('',#2614,1.);
#2614 = DIRECTION('',(-1.,0.,0.));
#2615 = ORIENTED_EDGE('',*,*,#2616,.F.);
#2616 = EDGE_CURVE('',#2617,#2609,#2619,.T.);
#2617 = VERTEX_POINT('',#2618);
#2618 = CARTESIAN_POINT('',(-7.,0.,2.));
#2619 = LINE('',#2620,#2621);
#2620 = CARTESIAN_POINT('',(-7.,30.,2.));
#2621 = VECTOR('',#2622,1.);
#2622 = DIRECTION('',(-0.,-1.,-0.));
#2623 = ORIENTED_EDGE('',*,*,#2624,.T.);
#2624 = EDGE_CURVE('',#2617,#2625,#2627,.T.);
#2625 = VERTEX_POINT('',#2626);
#2626 = CARTESIAN_POINT('',(-7.,20.,2.));
#2627 = LINE('',#2628,#2629);
#2628 = CARTESIAN_POINT('',(-7.,30.,2.));
#2629 = VECTOR('',#2630,1.);
#2630 = DIRECTION('',(0.,1.,0.));
#2631 = ORIENTED_EDGE('',*,*,#2632,.T.);
#2632 = EDGE_CURVE('',#2625,#2633,#2635,.T.);
#2633 = VERTEX_POINT('',#2634);
#2634 = CARTESIAN_POINT('',(-7.,21.,2.));
#2635 = LINE('',#2636,#2637);
#2636 = CARTESIAN_POINT('',(-7.,30.,2.));
#2637 = VECTOR('',#2638,1.);
#2638 = DIRECTION('',(0.,1.,0.));
#2639 = ORIENTED_EDGE('',*,*,#2640,.F.);
#2640 = EDGE_CURVE('',#2585,#2633,#2641,.T.);
#2641 = LINE('',#2642,#2643);
#2642 = CARTESIAN_POINT('',(-5.5,21.,2.));
#2643 = VECTOR('',#2644,1.);
#2644 = DIRECTION('',(-1.,0.,0.));
#2645 = FACE_BOUND('',#2646,.F.);
#2646 = EDGE_LOOP('',(#2647,#2657,#2665,#2673,#2681,#2689,#2697,#2705));
#2647 = ORIENTED_EDGE('',*,*,#2648,.F.);
#2648 = EDGE_CURVE('',#2649,#2651,#2653,.T.);
#2649 = VERTEX_POINT('',#2650);
#2650 = CARTESIAN_POINT('',(-2.,20.,2.));
#2651 = VERTEX_POINT('',#2652);
#2652 = CARTESIAN_POINT('',(-2.,21.,2.));
#2653 = LINE('',#2654,#2655);
#2654 = CARTESIAN_POINT('',(-2.,30.,2.));
#2655 = VECTOR('',#2656,1.);
#2656 = DIRECTION('',(0.,1.,0.));
#2657 = ORIENTED_EDGE('',*,*,#2658,.F.);
#2658 = EDGE_CURVE('',#2659,#2649,#2661,.T.);
#2659 = VERTEX_POINT('',#2660);
#2660 = CARTESIAN_POINT('',(-2.,0.,2.));
#2661 = LINE('',#2662,#2663);
#2662 = CARTESIAN_POINT('',(-2.,30.,2.));
#2663 = VECTOR('',#2664,1.);
#2664 = DIRECTION('',(0.,1.,0.));
#2665 = ORIENTED_EDGE('',*,*,#2666,.T.);
#2666 = EDGE_CURVE('',#2659,#2667,#2669,.T.);
#2667 = VERTEX_POINT('',#2668);
#2668 = CARTESIAN_POINT('',(-2.,-1.,2.));
#2669 = LINE('',#2670,#2671);
#2670 = CARTESIAN_POINT('',(-2.,30.,2.));
#2671 = VECTOR('',#2672,1.);
#2672 = DIRECTION('',(-0.,-1.,-0.));
#2673 = ORIENTED_EDGE('',*,*,#2674,.T.);
#2674 = EDGE_CURVE('',#2667,#2675,#2677,.T.);
#2675 = VERTEX_POINT('',#2676);
#2676 = CARTESIAN_POINT('',(-3.5,-1.,2.));
#2677 = LINE('',#2678,#2679);
#2678 = CARTESIAN_POINT('',(-2.,-1.,2.));
#2679 = VECTOR('',#2680,1.);
#2680 = DIRECTION('',(-1.,0.,0.));
#2681 = ORIENTED_EDGE('',*,*,#2682,.F.);
#2682 = EDGE_CURVE('',#2683,#2675,#2685,.T.);
#2683 = VERTEX_POINT('',#2684);
#2684 = CARTESIAN_POINT('',(-3.5,0.,2.));
#2685 = LINE('',#2686,#2687);
#2686 = CARTESIAN_POINT('',(-3.5,30.,2.));
#2687 = VECTOR('',#2688,1.);
#2688 = DIRECTION('',(-0.,-1.,-0.));
#2689 = ORIENTED_EDGE('',*,*,#2690,.T.);
#2690 = EDGE_CURVE('',#2683,#2691,#2693,.T.);
#2691 = VERTEX_POINT('',#2692);
#2692 = CARTESIAN_POINT('',(-3.5,20.,2.));
#2693 = LINE('',#2694,#2695);
#2694 = CARTESIAN_POINT('',(-3.5,30.,2.));
#2695 = VECTOR('',#2696,1.);
#2696 = DIRECTION('',(0.,1.,0.));
#2697 = ORIENTED_EDGE('',*,*,#2698,.T.);
#2698 = EDGE_CURVE('',#2691,#2699,#2701,.T.);
#2699 = VERTEX_POINT('',#2700);
#2700 = CARTESIAN_POINT('',(-3.5,21.,2.));
#2701 = LINE('',#2702,#2703);
#2702 = CARTESIAN_POINT('',(-3.5,30.,2.));
#2703 = VECTOR('',#2704,1.);
#2704 = DIRECTION('',(0.,1.,0.));
#2705 = ORIENTED_EDGE('',*,*,#2706,.F.);
#2706 = EDGE_CURVE('',#2651,#2699,#2707,.T.);
#2707 = LINE('',#2708,#2709);
#2708 = CARTESIAN_POINT('',(-2.,21.,2.));
#2709 = VECTOR('',#2710,1.);
#2710 = DIRECTION('',(-1.,0.,0.));
#2711 = PLANE('',#2712);
#2712 = AXIS2_PLACEMENT_3D('',#2713,#2714,#2715);
#2713 = CARTESIAN_POINT('',(9.110589947643,60.,2.));
#2714 = DIRECTION('',(0.,0.,1.));
#2715 = DIRECTION('',(1.,0.,0.));
#2716 = ADVANCED_FACE('',(#2717),#2762,.F.);
#2717 = FACE_BOUND('',#2718,.F.);
#2718 = EDGE_LOOP('',(#2719,#2729,#2737,#2745,#2752,#2753,#2754,#2755));
#2719 = ORIENTED_EDGE('',*,*,#2720,.T.);
#2720 = EDGE_CURVE('',#2721,#2723,#2725,.T.);
#2721 = VERTEX_POINT('',#2722);
#2722 = CARTESIAN_POINT('',(1.5,20.,3.));
#2723 = VERTEX_POINT('',#2724);
#2724 = CARTESIAN_POINT('',(1.5,20.,5.));
#2725 = LINE('',#2726,#2727);
#2726 = CARTESIAN_POINT('',(1.5,20.,0.));
#2727 = VECTOR('',#2728,1.);
#2728 = DIRECTION('',(0.,0.,1.));
#2729 = ORIENTED_EDGE('',*,*,#2730,.F.);
#2730 = EDGE_CURVE('',#2731,#2723,#2733,.T.);
#2731 = VERTEX_POINT('',#2732);
#2732 = CARTESIAN_POINT('',(1.5,0.,5.));
#2733 = LINE('',#2734,#2735);
#2734 = CARTESIAN_POINT('',(1.5,30.,5.));
#2735 = VECTOR('',#2736,1.);
#2736 = DIRECTION('',(0.,1.,0.));
#2737 = ORIENTED_EDGE('',*,*,#2738,.F.);
#2738 = EDGE_CURVE('',#2739,#2731,#2741,.T.);
#2739 = VERTEX_POINT('',#2740);
#2740 = CARTESIAN_POINT('',(1.5,0.,3.));
#2741 = LINE('',#2742,#2743);
#2742 = CARTESIAN_POINT('',(1.5,0.,0.));
#2743 = VECTOR('',#2744,1.);
#2744 = DIRECTION('',(0.,0.,1.));
#2745 = ORIENTED_EDGE('',*,*,#2746,.F.);
#2746 = EDGE_CURVE('',#2369,#2739,#2747,.T.);
#2747 = CIRCLE('',#2748,1.);
#2748 = AXIS2_PLACEMENT_3D('',#2749,#2750,#2751);
#2749 = CARTESIAN_POINT('',(1.5,-1.,3.));
#2750 = DIRECTION('',(1.,-0.,0.));
#2751 = DIRECTION('',(0.,0.,-1.));
#2752 = ORIENTED_EDGE('',*,*,#2368,.F.);
#2753 = ORIENTED_EDGE('',*,*,#2360,.T.);
#2754 = ORIENTED_EDGE('',*,*,#2350,.T.);
#2755 = ORIENTED_EDGE('',*,*,#2756,.T.);
#2756 = EDGE_CURVE('',#2353,#2721,#2757,.T.);
#2757 = CIRCLE('',#2758,1.);
#2758 = AXIS2_PLACEMENT_3D('',#2759,#2760,#2761);
#2759 = CARTESIAN_POINT('',(1.5,21.,3.));
#2760 = DIRECTION('',(-1.,0.,0.));
#2761 = DIRECTION('',(0.,0.,-1.));
#2762 = PLANE('',#2763);
#2763 = AXIS2_PLACEMENT_3D('',#2764,#2765,#2766);
#2764 = CARTESIAN_POINT('',(1.5,0.,0.));
#2765 = DIRECTION('',(1.,0.,0.));
#2766 = DIRECTION('',(0.,0.,1.));
#2767 = ADVANCED_FACE('',(#2768),#2787,.T.);
#2768 = FACE_BOUND('',#2769,.T.);
#2769 = EDGE_LOOP('',(#2770,#2771,#2779,#2786));
#2770 = ORIENTED_EDGE('',*,*,#2756,.T.);
#2771 = ORIENTED_EDGE('',*,*,#2772,.T.);
#2772 = EDGE_CURVE('',#2721,#2773,#2775,.T.);
#2773 = VERTEX_POINT('',#2774);
#2774 = CARTESIAN_POINT('',(0.,20.,3.));
#2775 = LINE('',#2776,#2777);
#2776 = CARTESIAN_POINT('',(1.5,20.,3.));
#2777 = VECTOR('',#2778,1.);
#2778 = DIRECTION('',(-1.,0.,0.));
#2779 = ORIENTED_EDGE('',*,*,#2780,.F.);
#2780 = EDGE_CURVE('',#2401,#2773,#2781,.T.);
#2781 = CIRCLE('',#2782,1.);
#2782 = AXIS2_PLACEMENT_3D('',#2783,#2784,#2785);
#2783 = CARTESIAN_POINT('',(0.,21.,3.));
#2784 = DIRECTION('',(-1.,0.,0.));
#2785 = DIRECTION('',(0.,0.,-1.));
#2786 = ORIENTED_EDGE('',*,*,#2408,.F.);
#2787 = CYLINDRICAL_SURFACE('',#2788,1.);
#2788 = AXIS2_PLACEMENT_3D('',#2789,#2790,#2791);
#2789 = CARTESIAN_POINT('',(1.5,21.,3.));
#2790 = DIRECTION('',(-1.,0.,0.));
#2791 = DIRECTION('',(0.,0.,-1.));
#2792 = ADVANCED_FACE('',(#2793),#2830,.T.);
#2793 = FACE_BOUND('',#2794,.T.);
#2794 = EDGE_LOOP('',(#2795,#2803,#2811,#2819,#2826,#2827,#2828,#2829));
#2795 = ORIENTED_EDGE('',*,*,#2796,.T.);
#2796 = EDGE_CURVE('',#2773,#2797,#2799,.T.);
#2797 = VERTEX_POINT('',#2798);
#2798 = CARTESIAN_POINT('',(0.,20.,5.));
#2799 = LINE('',#2800,#2801);
#2800 = CARTESIAN_POINT('',(0.,20.,0.));
#2801 = VECTOR('',#2802,1.);
#2802 = DIRECTION('',(0.,0.,1.));
#2803 = ORIENTED_EDGE('',*,*,#2804,.F.);
#2804 = EDGE_CURVE('',#2805,#2797,#2807,.T.);
#2805 = VERTEX_POINT('',#2806);
#2806 = CARTESIAN_POINT('',(0.,0.,5.));
#2807 = LINE('',#2808,#2809);
#2808 = CARTESIAN_POINT('',(0.,30.,5.));
#2809 = VECTOR('',#2810,1.);
#2810 = DIRECTION('',(0.,1.,0.));
#2811 = ORIENTED_EDGE('',*,*,#2812,.F.);
#2812 = EDGE_CURVE('',#2813,#2805,#2815,.T.);
#2813 = VERTEX_POINT('',#2814);
#2814 = CARTESIAN_POINT('',(0.,0.,3.));
#2815 = LINE('',#2816,#2817);
#2816 = CARTESIAN_POINT('',(0.,0.,0.));
#2817 = VECTOR('',#2818,1.);
#2818 = DIRECTION('',(0.,0.,1.));
#2819 = ORIENTED_EDGE('',*,*,#2820,.F.);
#2820 = EDGE_CURVE('',#2377,#2813,#2821,.T.);
#2821 = CIRCLE('',#2822,1.);
#2822 = AXIS2_PLACEMENT_3D('',#2823,#2824,#2825);
#2823 = CARTESIAN_POINT('',(0.,-1.,3.));
#2824 = DIRECTION('',(1.,-0.,0.));
#2825 = DIRECTION('',(0.,0.,-1.));
#2826 = ORIENTED_EDGE('',*,*,#2384,.F.);
#2827 = ORIENTED_EDGE('',*,*,#2392,.T.);
#2828 = ORIENTED_EDGE('',*,*,#2400,.T.);
#2829 = ORIENTED_EDGE('',*,*,#2780,.T.);
#2830 = PLANE('',#2831);
#2831 = AXIS2_PLACEMENT_3D('',#2832,#2833,#2834);
#2832 = CARTESIAN_POINT('',(0.,0.,0.));
#2833 = DIRECTION('',(1.,0.,0.));
#2834 = DIRECTION('',(0.,0.,1.));
#2835 = ADVANCED_FACE('',(#2836),#2847,.T.);
#2836 = FACE_BOUND('',#2837,.F.);
#2837 = EDGE_LOOP('',(#2838,#2839,#2845,#2846));
#2838 = ORIENTED_EDGE('',*,*,#2746,.T.);
#2839 = ORIENTED_EDGE('',*,*,#2840,.T.);
#2840 = EDGE_CURVE('',#2739,#2813,#2841,.T.);
#2841 = LINE('',#2842,#2843);
#2842 = CARTESIAN_POINT('',(1.5,2.2E-16,3.));
#2843 = VECTOR('',#2844,1.);
#2844 = DIRECTION('',(-1.,0.,0.));
#2845 = ORIENTED_EDGE('',*,*,#2820,.F.);
#2846 = ORIENTED_EDGE('',*,*,#2376,.F.);
#2847 = CYLINDRICAL_SURFACE('',#2848,1.);
#2848 = AXIS2_PLACEMENT_3D('',#2849,#2850,#2851);
#2849 = CARTESIAN_POINT('',(1.5,-1.,3.));
#2850 = DIRECTION('',(-1.,0.,0.));
#2851 = DIRECTION('',(0.,0.,-1.));
#2852 = ADVANCED_FACE('',(#2853),#2880,.T.);
#2853 = FACE_BOUND('',#2854,.T.);
#2854 = EDGE_LOOP('',(#2855,#2865,#2872,#2873));
#2855 = ORIENTED_EDGE('',*,*,#2856,.F.);
#2856 = EDGE_CURVE('',#2857,#2859,#2861,.T.);
#2857 = VERTEX_POINT('',#2858);
#2858 = CARTESIAN_POINT('',(44.610589947643,-5.,5.));
#2859 = VERTEX_POINT('',#2860);
#2860 = CARTESIAN_POINT('',(44.610589947643,125.,5.));
#2861 = LINE('',#2862,#2863);
#2862 = CARTESIAN_POINT('',(44.610589947643,-5.,5.));
#2863 = VECTOR('',#2864,1.);
#2864 = DIRECTION('',(0.,1.,0.));
#2865 = ORIENTED_EDGE('',*,*,#2866,.T.);
#2866 = EDGE_CURVE('',#2857,#2417,#2867,.T.);
#2867 = CIRCLE('',#2868,3.);
#2868 = AXIS2_PLACEMENT_3D('',#2869,#2870,#2871);
#2869 = CARTESIAN_POINT('',(41.610589947643,-5.,5.));
#2870 = DIRECTION('',(-0.,1.,0.));
#2871 = DIRECTION('',(1.1E-16,0.,1.));
#2872 = ORIENTED_EDGE('',*,*,#2416,.T.);
#2873 = ORIENTED_EDGE('',*,*,#2874,.F.);
#2874 = EDGE_CURVE('',#2859,#2419,#2875,.T.);
#2875 = CIRCLE('',#2876,3.);
#2876 = AXIS2_PLACEMENT_3D('',#2877,#2878,#2879);
#2877 = CARTESIAN_POINT('',(41.610589947643,125.,5.));
#2878 = DIRECTION('',(-0.,1.,0.));
#2879 = DIRECTION('',(1.1E-16,0.,1.));
#2880 = CYLINDRICAL_SURFACE('',#2881,3.);
#2881 = AXIS2_PLACEMENT_3D('',#2882,#2883,#2884);
#2882 = CARTESIAN_POINT('',(41.610589947643,-5.,5.));
#2883 = DIRECTION('',(0.,1.,0.));
#2884 = DIRECTION('',(1.1E-16,0.,1.));
#2885 = ADVANCED_FACE('',(#2886),#2913,.T.);
#2886 = FACE_BOUND('',#2887,.T.);
#2887 = EDGE_LOOP('',(#2888,#2898,#2905,#2906));
#2888 = ORIENTED_EDGE('',*,*,#2889,.F.);
#2889 = EDGE_CURVE('',#2890,#2892,#2894,.T.);
#2890 = VERTEX_POINT('',#2891);
#2891 = CARTESIAN_POINT('',(-23.38941005235,-8.,5.));
#2892 = VERTEX_POINT('',#2893);
#2893 = CARTESIAN_POINT('',(41.610589947643,-8.,5.));
#2894 = LINE('',#2895,#2896);
#2895 = CARTESIAN_POINT('',(-23.38941005235,-8.,5.));
#2896 = VECTOR('',#2897,1.);
#2897 = DIRECTION('',(1.,0.,0.));
#2898 = ORIENTED_EDGE('',*,*,#2899,.T.);
#2899 = EDGE_CURVE('',#2890,#2435,#2900,.T.);
#2900 = CIRCLE('',#2901,3.);
#2901 = AXIS2_PLACEMENT_3D('',#2902,#2903,#2904);
#2902 = CARTESIAN_POINT('',(-23.38941005235,-5.,5.));
#2903 = DIRECTION('',(1.,0.,0.));
#2904 = DIRECTION('',(0.,-1.1E-16,1.));
#2905 = ORIENTED_EDGE('',*,*,#2442,.T.);
#2906 = ORIENTED_EDGE('',*,*,#2907,.F.);
#2907 = EDGE_CURVE('',#2892,#2417,#2908,.T.);
#2908 = CIRCLE('',#2909,3.);
#2909 = AXIS2_PLACEMENT_3D('',#2910,#2911,#2912);
#2910 = CARTESIAN_POINT('',(41.610589947643,-5.,5.));
#2911 = DIRECTION('',(1.,0.,0.));
#2912 = DIRECTION('',(0.,-1.1E-16,1.));
#2913 = CYLINDRICAL_SURFACE('',#2914,3.);
#2914 = AXIS2_PLACEMENT_3D('',#2915,#2916,#2917);
#2915 = CARTESIAN_POINT('',(-23.38941005235,-5.,5.));
#2916 = DIRECTION('',(1.,0.,0.));
#2917 = DIRECTION('',(0.,-1.1E-16,1.));
#2918 = ADVANCED_FACE('',(#2919),#2946,.T.);
#2919 = FACE_BOUND('',#2920,.T.);
#2920 = EDGE_LOOP('',(#2921,#2931,#2938,#2939));
#2921 = ORIENTED_EDGE('',*,*,#2922,.F.);
#2922 = EDGE_CURVE('',#2923,#2925,#2927,.T.);
#2923 = VERTEX_POINT('',#2924);
#2924 = CARTESIAN_POINT('',(41.610589947643,128.,5.));
#2925 = VERTEX_POINT('',#2926);
#2926 = CARTESIAN_POINT('',(-23.38941005235,128.,5.));
#2927 = LINE('',#2928,#2929);
#2928 = CARTESIAN_POINT('',(41.610589947643,128.,5.));
#2929 = VECTOR('',#2930,1.);
#2930 = DIRECTION('',(-1.,0.,0.));
#2931 = ORIENTED_EDGE('',*,*,#2932,.T.);
#2932 = EDGE_CURVE('',#2923,#2419,#2933,.T.);
#2933 = CIRCLE('',#2934,3.);
#2934 = AXIS2_PLACEMENT_3D('',#2935,#2936,#2937);
#2935 = CARTESIAN_POINT('',(41.610589947643,125.,5.));
#2936 = DIRECTION('',(-1.,0.,0.));
#2937 = DIRECTION('',(0.,1.1E-16,1.));
#2938 = ORIENTED_EDGE('',*,*,#2426,.T.);
#2939 = ORIENTED_EDGE('',*,*,#2940,.F.);
#2940 = EDGE_CURVE('',#2925,#2427,#2941,.T.);
#2941 = CIRCLE('',#2942,3.);
#2942 = AXIS2_PLACEMENT_3D('',#2943,#2944,#2945);
#2943 = CARTESIAN_POINT('',(-23.38941005235,125.,5.));
#2944 = DIRECTION('',(-1.,0.,0.));
#2945 = DIRECTION('',(0.,1.1E-16,1.));
#2946 = CYLINDRICAL_SURFACE('',#2947,3.);
#2947 = AXIS2_PLACEMENT_3D('',#2948,#2949,#2950);
#2948 = CARTESIAN_POINT('',(41.610589947643,125.,5.));
#2949 = DIRECTION('',(-1.,0.,0.));
#2950 = DIRECTION('',(0.,1.1E-16,1.));
#2951 = ADVANCED_FACE('',(#2952),#2979,.T.);
#2952 = FACE_BOUND('',#2953,.T.);
#2953 = EDGE_LOOP('',(#2954,#2964,#2971,#2972));
#2954 = ORIENTED_EDGE('',*,*,#2955,.F.);
#2955 = EDGE_CURVE('',#2956,#2958,#2960,.T.);
#2956 = VERTEX_POINT('',#2957);
#2957 = CARTESIAN_POINT('',(-26.38941005235,125.,5.));
#2958 = VERTEX_POINT('',#2959);
#2959 = CARTESIAN_POINT('',(-26.38941005235,-5.,5.));
#2960 = LINE('',#2961,#2962);
#2961 = CARTESIAN_POINT('',(-26.38941005235,125.,5.));
#2962 = VECTOR('',#2963,1.);
#2963 = DIRECTION('',(0.,-1.,0.));
#2964 = ORIENTED_EDGE('',*,*,#2965,.T.);
#2965 = EDGE_CURVE('',#2956,#2427,#2966,.T.);
#2966 = CIRCLE('',#2967,3.);
#2967 = AXIS2_PLACEMENT_3D('',#2968,#2969,#2970);
#2968 = CARTESIAN_POINT('',(-23.38941005235,125.,5.));
#2969 = DIRECTION('',(0.,-1.,0.));
#2970 = DIRECTION('',(-1.1E-16,0.,1.));
#2971 = ORIENTED_EDGE('',*,*,#2434,.T.);
#2972 = ORIENTED_EDGE('',*,*,#2973,.F.);
#2973 = EDGE_CURVE('',#2958,#2435,#2974,.T.);
#2974 = CIRCLE('',#2975,3.);
#2975 = AXIS2_PLACEMENT_3D('',#2976,#2977,#2978);
#2976 = CARTESIAN_POINT('',(-23.38941005235,-5.,5.));
#2977 = DIRECTION('',(0.,-1.,0.));
#2978 = DIRECTION('',(-1.1E-16,0.,1.));
#2979 = CYLINDRICAL_SURFACE('',#2980,3.);
#2980 = AXIS2_PLACEMENT_3D('',#2981,#2982,#2983);
#2981 = CARTESIAN_POINT('',(-23.38941005235,125.,5.));
#2982 = DIRECTION('',(0.,-1.,0.));
#2983 = DIRECTION('',(-1.1E-16,0.,1.));
#2984 = ADVANCED_FACE('',(#2985),#3030,.F.);
#2985 = FACE_BOUND('',#2986,.F.);
#2986 = EDGE_LOOP('',(#2987,#2997,#3005,#3013,#3020,#3021,#3022,#3023));
#2987 = ORIENTED_EDGE('',*,*,#2988,.T.);
#2988 = EDGE_CURVE('',#2989,#2991,#2993,.T.);
#2989 = VERTEX_POINT('',#2990);
#2990 = CARTESIAN_POINT('',(-12.5,20.,3.));
#2991 = VERTEX_POINT('',#2992);
#2992 = CARTESIAN_POINT('',(-12.5,20.,5.));
#2993 = LINE('',#2994,#2995);
#2994 = CARTESIAN_POINT('',(-12.5,20.,0.));
#2995 = VECTOR('',#2996,1.);
#2996 = DIRECTION('',(0.,0.,1.));
#2997 = ORIENTED_EDGE('',*,*,#2998,.F.);
#2998 = EDGE_CURVE('',#2999,#2991,#3001,.T.);
#2999 = VERTEX_POINT('',#3000);
#3000 = CARTESIAN_POINT('',(-12.5,0.,5.));
#3001 = LINE('',#3002,#3003);
#3002 = CARTESIAN_POINT('',(-12.5,30.,5.));
#3003 = VECTOR('',#3004,1.);
#3004 = DIRECTION('',(0.,1.,0.));
#3005 = ORIENTED_EDGE('',*,*,#3006,.F.);
#3006 = EDGE_CURVE('',#3007,#2999,#3009,.T.);
#3007 = VERTEX_POINT('',#3008);
#3008 = CARTESIAN_POINT('',(-12.5,0.,3.));
#3009 = LINE('',#3010,#3011);
#3010 = CARTESIAN_POINT('',(-12.5,0.,0.));
#3011 = VECTOR('',#3012,1.);
#3012 = DIRECTION('',(0.,0.,1.));
#3013 = ORIENTED_EDGE('',*,*,#3014,.T.);
#3014 = EDGE_CURVE('',#3007,#2469,#3015,.T.);
#3015 = CIRCLE('',#3016,1.);
#3016 = AXIS2_PLACEMENT_3D('',#3017,#3018,#3019);
#3017 = CARTESIAN_POINT('',(-12.5,-1.,3.));
#3018 = DIRECTION('',(-1.,0.,0.));
#3019 = DIRECTION('',(0.,0.,-1.));
#3020 = ORIENTED_EDGE('',*,*,#2468,.F.);
#3021 = ORIENTED_EDGE('',*,*,#2460,.T.);
#3022 = ORIENTED_EDGE('',*,*,#2450,.T.);
#3023 = ORIENTED_EDGE('',*,*,#3024,.T.);
#3024 = EDGE_CURVE('',#2453,#2989,#3025,.T.);
#3025 = CIRCLE('',#3026,1.);
#3026 = AXIS2_PLACEMENT_3D('',#3027,#3028,#3029);
#3027 = CARTESIAN_POINT('',(-12.5,21.,3.));
#3028 = DIRECTION('',(-1.,0.,0.));
#3029 = DIRECTION('',(0.,0.,-1.));
#3030 = PLANE('',#3031);
#3031 = AXIS2_PLACEMENT_3D('',#3032,#3033,#3034);
#3032 = CARTESIAN_POINT('',(-12.5,0.,0.));
#3033 = DIRECTION('',(1.,0.,0.));
#3034 = DIRECTION('',(0.,0.,1.));
#3035 = ADVANCED_FACE('',(#3036),#3055,.T.);
#3036 = FACE_BOUND('',#3037,.T.);
#3037 = EDGE_LOOP('',(#3038,#3039,#3047,#3054));
#3038 = ORIENTED_EDGE('',*,*,#3024,.T.);
#3039 = ORIENTED_EDGE('',*,*,#3040,.T.);
#3040 = EDGE_CURVE('',#2989,#3041,#3043,.T.);
#3041 = VERTEX_POINT('',#3042);
#3042 = CARTESIAN_POINT('',(-14.,20.,3.));
#3043 = LINE('',#3044,#3045);
#3044 = CARTESIAN_POINT('',(-12.5,20.,3.));
#3045 = VECTOR('',#3046,1.);
#3046 = DIRECTION('',(-1.,0.,0.));
#3047 = ORIENTED_EDGE('',*,*,#3048,.F.);
#3048 = EDGE_CURVE('',#2501,#3041,#3049,.T.);
#3049 = CIRCLE('',#3050,1.);
#3050 = AXIS2_PLACEMENT_3D('',#3051,#3052,#3053);
#3051 = CARTESIAN_POINT('',(-14.,21.,3.));
#3052 = DIRECTION('',(-1.,0.,0.));
#3053 = DIRECTION('',(0.,0.,-1.));
#3054 = ORIENTED_EDGE('',*,*,#2508,.F.);
#3055 = CYLINDRICAL_SURFACE('',#3056,1.);
#3056 = AXIS2_PLACEMENT_3D('',#3057,#3058,#3059);
#3057 = CARTESIAN_POINT('',(-12.5,21.,3.));
#3058 = DIRECTION('',(-1.,0.,0.));
#3059 = DIRECTION('',(0.,0.,-1.));
#3060 = ADVANCED_FACE('',(#3061),#3098,.T.);
#3061 = FACE_BOUND('',#3062,.T.);
#3062 = EDGE_LOOP('',(#3063,#3071,#3079,#3087,#3094,#3095,#3096,#3097));
#3063 = ORIENTED_EDGE('',*,*,#3064,.T.);
#3064 = EDGE_CURVE('',#3041,#3065,#3067,.T.);
#3065 = VERTEX_POINT('',#3066);
#3066 = CARTESIAN_POINT('',(-14.,20.,5.));
#3067 = LINE('',#3068,#3069);
#3068 = CARTESIAN_POINT('',(-14.,20.,0.));
#3069 = VECTOR('',#3070,1.);
#3070 = DIRECTION('',(0.,0.,1.));
#3071 = ORIENTED_EDGE('',*,*,#3072,.F.);
#3072 = EDGE_CURVE('',#3073,#3065,#3075,.T.);
#3073 = VERTEX_POINT('',#3074);
#3074 = CARTESIAN_POINT('',(-14.,0.,5.));
#3075 = LINE('',#3076,#3077);
#3076 = CARTESIAN_POINT('',(-14.,30.,5.));
#3077 = VECTOR('',#3078,1.);
#3078 = DIRECTION('',(0.,1.,0.));
#3079 = ORIENTED_EDGE('',*,*,#3080,.F.);
#3080 = EDGE_CURVE('',#3081,#3073,#3083,.T.);
#3081 = VERTEX_POINT('',#3082);
#3082 = CARTESIAN_POINT('',(-14.,0.,3.));
#3083 = LINE('',#3084,#3085);
#3084 = CARTESIAN_POINT('',(-14.,0.,0.));
#3085 = VECTOR('',#3086,1.);
#3086 = DIRECTION('',(0.,0.,1.));
#3087 = ORIENTED_EDGE('',*,*,#3088,.T.);
#3088 = EDGE_CURVE('',#3081,#2477,#3089,.T.);
#3089 = CIRCLE('',#3090,1.);
#3090 = AXIS2_PLACEMENT_3D('',#3091,#3092,#3093);
#3091 = CARTESIAN_POINT('',(-14.,-1.,3.));
#3092 = DIRECTION('',(-1.,0.,0.));
#3093 = DIRECTION('',(0.,0.,-1.));
#3094 = ORIENTED_EDGE('',*,*,#2484,.F.);
#3095 = ORIENTED_EDGE('',*,*,#2492,.T.);
#3096 = ORIENTED_EDGE('',*,*,#2500,.T.);
#3097 = ORIENTED_EDGE('',*,*,#3048,.T.);
#3098 = PLANE('',#3099);
#3099 = AXIS2_PLACEMENT_3D('',#3100,#3101,#3102);
#3100 = CARTESIAN_POINT('',(-14.,0.,0.));
#3101 = DIRECTION('',(1.,0.,0.));
#3102 = DIRECTION('',(0.,0.,1.));
#3103 = ADVANCED_FACE('',(#3104),#3115,.T.);
#3104 = FACE_BOUND('',#3105,.T.);
#3105 = EDGE_LOOP('',(#3106,#3107,#3108,#3109));
#3106 = ORIENTED_EDGE('',*,*,#3014,.T.);
#3107 = ORIENTED_EDGE('',*,*,#2476,.T.);
#3108 = ORIENTED_EDGE('',*,*,#3088,.F.);
#3109 = ORIENTED_EDGE('',*,*,#3110,.F.);
#3110 = EDGE_CURVE('',#3007,#3081,#3111,.T.);
#3111 = LINE('',#3112,#3113);
#3112 = CARTESIAN_POINT('',(-12.5,2.2E-16,3.));
#3113 = VECTOR('',#3114,1.);
#3114 = DIRECTION('',(-1.,0.,0.));
#3115 = CYLINDRICAL_SURFACE('',#3116,1.);
#3116 = AXIS2_PLACEMENT_3D('',#3117,#3118,#3119);
#3117 = CARTESIAN_POINT('',(-12.5,-1.,3.));
#3118 = DIRECTION('',(-1.,0.,0.));
#3119 = DIRECTION('',(0.,1.,0.));
#3120 = ADVANCED_FACE('',(#3121),#3166,.F.);
#3121 = FACE_BOUND('',#3122,.F.);
#3122 = EDGE_LOOP('',(#3123,#3133,#3141,#3149,#3156,#3157,#3158,#3159));
#3123 = ORIENTED_EDGE('',*,*,#3124,.T.);
#3124 = EDGE_CURVE('',#3125,#3127,#3129,.T.);
#3125 = VERTEX_POINT('',#3126);
#3126 = CARTESIAN_POINT('',(-9.,20.,3.));
#3127 = VERTEX_POINT('',#3128);
#3128 = CARTESIAN_POINT('',(-9.,20.,5.));
#3129 = LINE('',#3130,#3131);
#3130 = CARTESIAN_POINT('',(-9.,20.,1.));
#3131 = VECTOR('',#3132,1.);
#3132 = DIRECTION('',(0.,0.,1.));
#3133 = ORIENTED_EDGE('',*,*,#3134,.F.);
#3134 = EDGE_CURVE('',#3135,#3127,#3137,.T.);
#3135 = VERTEX_POINT('',#3136);
#3136 = CARTESIAN_POINT('',(-9.,0.,5.));
#3137 = LINE('',#3138,#3139);
#3138 = CARTESIAN_POINT('',(-9.,30.,5.));
#3139 = VECTOR('',#3140,1.);
#3140 = DIRECTION('',(0.,1.,0.));
#3141 = ORIENTED_EDGE('',*,*,#3142,.F.);
#3142 = EDGE_CURVE('',#3143,#3135,#3145,.T.);
#3143 = VERTEX_POINT('',#3144);
#3144 = CARTESIAN_POINT('',(-9.,0.,3.));
#3145 = LINE('',#3146,#3147);
#3146 = CARTESIAN_POINT('',(-9.,0.,1.));
#3147 = VECTOR('',#3148,1.);
#3148 = DIRECTION('',(0.,0.,1.));
#3149 = ORIENTED_EDGE('',*,*,#3150,.F.);
#3150 = EDGE_CURVE('',#2535,#3143,#3151,.T.);
#3151 = CIRCLE('',#3152,1.);
#3152 = AXIS2_PLACEMENT_3D('',#3153,#3154,#3155);
#3153 = CARTESIAN_POINT('',(-9.,-1.,3.));
#3154 = DIRECTION('',(1.,-0.,0.));
#3155 = DIRECTION('',(0.,0.,-1.));
#3156 = ORIENTED_EDGE('',*,*,#2534,.F.);
#3157 = ORIENTED_EDGE('',*,*,#2526,.T.);
#3158 = ORIENTED_EDGE('',*,*,#2516,.T.);
#3159 = ORIENTED_EDGE('',*,*,#3160,.T.);
#3160 = EDGE_CURVE('',#2519,#3125,#3161,.T.);
#3161 = CIRCLE('',#3162,1.);
#3162 = AXIS2_PLACEMENT_3D('',#3163,#3164,#3165);
#3163 = CARTESIAN_POINT('',(-9.,21.,3.));
#3164 = DIRECTION('',(-1.,0.,0.));
#3165 = DIRECTION('',(0.,0.,-1.));
#3166 = PLANE('',#3167);
#3167 = AXIS2_PLACEMENT_3D('',#3168,#3169,#3170);
#3168 = CARTESIAN_POINT('',(-9.,0.,1.));
#3169 = DIRECTION('',(1.,0.,0.));
#3170 = DIRECTION('',(0.,0.,1.));
#3171 = ADVANCED_FACE('',(#3172),#3191,.T.);
#3172 = FACE_BOUND('',#3173,.T.);
#3173 = EDGE_LOOP('',(#3174,#3175,#3183,#3190));
#3174 = ORIENTED_EDGE('',*,*,#3160,.T.);
#3175 = ORIENTED_EDGE('',*,*,#3176,.T.);
#3176 = EDGE_CURVE('',#3125,#3177,#3179,.T.);
#3177 = VERTEX_POINT('',#3178);
#3178 = CARTESIAN_POINT('',(-10.5,20.,3.));
#3179 = LINE('',#3180,#3181);
#3180 = CARTESIAN_POINT('',(-9.,20.,3.));
#3181 = VECTOR('',#3182,1.);
#3182 = DIRECTION('',(-1.,0.,0.));
#3183 = ORIENTED_EDGE('',*,*,#3184,.F.);
#3184 = EDGE_CURVE('',#2567,#3177,#3185,.T.);
#3185 = CIRCLE('',#3186,1.);
#3186 = AXIS2_PLACEMENT_3D('',#3187,#3188,#3189);
#3187 = CARTESIAN_POINT('',(-10.5,21.,3.));
#3188 = DIRECTION('',(-1.,0.,0.));
#3189 = DIRECTION('',(0.,0.,-1.));
#3190 = ORIENTED_EDGE('',*,*,#2574,.F.);
#3191 = CYLINDRICAL_SURFACE('',#3192,1.);
#3192 = AXIS2_PLACEMENT_3D('',#3193,#3194,#3195);
#3193 = CARTESIAN_POINT('',(-9.,21.,3.));
#3194 = DIRECTION('',(-1.,0.,0.));
#3195 = DIRECTION('',(0.,0.,-1.));
#3196 = ADVANCED_FACE('',(#3197),#3234,.T.);
#3197 = FACE_BOUND('',#3198,.T.);
#3198 = EDGE_LOOP('',(#3199,#3207,#3215,#3223,#3230,#3231,#3232,#3233));
#3199 = ORIENTED_EDGE('',*,*,#3200,.T.);
#3200 = EDGE_CURVE('',#3177,#3201,#3203,.T.);
#3201 = VERTEX_POINT('',#3202);
#3202 = CARTESIAN_POINT('',(-10.5,20.,5.));
#3203 = LINE('',#3204,#3205);
#3204 = CARTESIAN_POINT('',(-10.5,20.,1.));
#3205 = VECTOR('',#3206,1.);
#3206 = DIRECTION('',(0.,0.,1.));
#3207 = ORIENTED_EDGE('',*,*,#3208,.F.);
#3208 = EDGE_CURVE('',#3209,#3201,#3211,.T.);
#3209 = VERTEX_POINT('',#3210);
#3210 = CARTESIAN_POINT('',(-10.5,0.,5.));
#3211 = LINE('',#3212,#3213);
#3212 = CARTESIAN_POINT('',(-10.5,30.,5.));
#3213 = VECTOR('',#3214,1.);
#3214 = DIRECTION('',(0.,1.,0.));
#3215 = ORIENTED_EDGE('',*,*,#3216,.F.);
#3216 = EDGE_CURVE('',#3217,#3209,#3219,.T.);
#3217 = VERTEX_POINT('',#3218);
#3218 = CARTESIAN_POINT('',(-10.5,0.,3.));
#3219 = LINE('',#3220,#3221);
#3220 = CARTESIAN_POINT('',(-10.5,0.,1.));
#3221 = VECTOR('',#3222,1.);
#3222 = DIRECTION('',(0.,0.,1.));
#3223 = ORIENTED_EDGE('',*,*,#3224,.F.);
#3224 = EDGE_CURVE('',#2543,#3217,#3225,.T.);
#3225 = CIRCLE('',#3226,1.);
#3226 = AXIS2_PLACEMENT_3D('',#3227,#3228,#3229);
#3227 = CARTESIAN_POINT('',(-10.5,-1.,3.));
#3228 = DIRECTION('',(1.,-0.,0.));
#3229 = DIRECTION('',(0.,0.,-1.));
#3230 = ORIENTED_EDGE('',*,*,#2550,.F.);
#3231 = ORIENTED_EDGE('',*,*,#2558,.T.);
#3232 = ORIENTED_EDGE('',*,*,#2566,.T.);
#3233 = ORIENTED_EDGE('',*,*,#3184,.T.);
#3234 = PLANE('',#3235);
#3235 = AXIS2_PLACEMENT_3D('',#3236,#3237,#3238);
#3236 = CARTESIAN_POINT('',(-10.5,0.,1.));
#3237 = DIRECTION('',(1.,0.,0.));
#3238 = DIRECTION('',(0.,0.,1.));
#3239 = ADVANCED_FACE('',(#3240),#3251,.T.);
#3240 = FACE_BOUND('',#3241,.F.);
#3241 = EDGE_LOOP('',(#3242,#3243,#3249,#3250));
#3242 = ORIENTED_EDGE('',*,*,#3150,.T.);
#3243 = ORIENTED_EDGE('',*,*,#3244,.T.);
#3244 = EDGE_CURVE('',#3143,#3217,#3245,.T.);
#3245 = LINE('',#3246,#3247);
#3246 = CARTESIAN_POINT('',(-9.,2.2E-16,3.));
#3247 = VECTOR('',#3248,1.);
#3248 = DIRECTION('',(-1.,0.,0.));
#3249 = ORIENTED_EDGE('',*,*,#3224,.F.);
#3250 = ORIENTED_EDGE('',*,*,#2542,.F.);
#3251 = CYLINDRICAL_SURFACE('',#3252,1.);
#3252 = AXIS2_PLACEMENT_3D('',#3253,#3254,#3255);
#3253 = CARTESIAN_POINT('',(-9.,-1.,3.));
#3254 = DIRECTION('',(-1.,0.,0.));
#3255 = DIRECTION('',(0.,0.,-1.));
#3256 = ADVANCED_FACE('',(#3257),#3302,.F.);
#3257 = FACE_BOUND('',#3258,.F.);
#3258 = EDGE_LOOP('',(#3259,#3269,#3277,#3285,#3292,#3293,#3294,#3295));
#3259 = ORIENTED_EDGE('',*,*,#3260,.T.);
#3260 = EDGE_CURVE('',#3261,#3263,#3265,.T.);
#3261 = VERTEX_POINT('',#3262);
#3262 = CARTESIAN_POINT('',(-5.5,20.,3.));
#3263 = VERTEX_POINT('',#3264);
#3264 = CARTESIAN_POINT('',(-5.5,20.,5.));
#3265 = LINE('',#3266,#3267);
#3266 = CARTESIAN_POINT('',(-5.5,20.,1.));
#3267 = VECTOR('',#3268,1.);
#3268 = DIRECTION('',(0.,0.,1.));
#3269 = ORIENTED_EDGE('',*,*,#3270,.F.);
#3270 = EDGE_CURVE('',#3271,#3263,#3273,.T.);
#3271 = VERTEX_POINT('',#3272);
#3272 = CARTESIAN_POINT('',(-5.5,0.,5.));
#3273 = LINE('',#3274,#3275);
#3274 = CARTESIAN_POINT('',(-5.5,30.,5.));
#3275 = VECTOR('',#3276,1.);
#3276 = DIRECTION('',(0.,1.,0.));
#3277 = ORIENTED_EDGE('',*,*,#3278,.F.);
#3278 = EDGE_CURVE('',#3279,#3271,#3281,.T.);
#3279 = VERTEX_POINT('',#3280);
#3280 = CARTESIAN_POINT('',(-5.5,0.,3.));
#3281 = LINE('',#3282,#3283);
#3282 = CARTESIAN_POINT('',(-5.5,0.,1.));
#3283 = VECTOR('',#3284,1.);
#3284 = DIRECTION('',(0.,0.,1.));
#3285 = ORIENTED_EDGE('',*,*,#3286,.F.);
#3286 = EDGE_CURVE('',#2601,#3279,#3287,.T.);
#3287 = CIRCLE('',#3288,1.);
#3288 = AXIS2_PLACEMENT_3D('',#3289,#3290,#3291);
#3289 = CARTESIAN_POINT('',(-5.5,-1.,3.));
#3290 = DIRECTION('',(1.,-0.,0.));
#3291 = DIRECTION('',(0.,0.,-1.));
#3292 = ORIENTED_EDGE('',*,*,#2600,.F.);
#3293 = ORIENTED_EDGE('',*,*,#2592,.T.);
#3294 = ORIENTED_EDGE('',*,*,#2582,.T.);
#3295 = ORIENTED_EDGE('',*,*,#3296,.T.);
#3296 = EDGE_CURVE('',#2585,#3261,#3297,.T.);
#3297 = CIRCLE('',#3298,1.);
#3298 = AXIS2_PLACEMENT_3D('',#3299,#3300,#3301);
#3299 = CARTESIAN_POINT('',(-5.5,21.,3.));
#3300 = DIRECTION('',(-1.,0.,0.));
#3301 = DIRECTION('',(0.,0.,-1.));
#3302 = PLANE('',#3303);
#3303 = AXIS2_PLACEMENT_3D('',#3304,#3305,#3306);
#3304 = CARTESIAN_POINT('',(-5.5,0.,1.));
#3305 = DIRECTION('',(1.,0.,0.));
#3306 = DIRECTION('',(0.,0.,1.));
#3307 = ADVANCED_FACE('',(#3308),#3327,.T.);
#3308 = FACE_BOUND('',#3309,.T.);
#3309 = EDGE_LOOP('',(#3310,#3311,#3319,#3326));
#3310 = ORIENTED_EDGE('',*,*,#3296,.T.);
#3311 = ORIENTED_EDGE('',*,*,#3312,.T.);
#3312 = EDGE_CURVE('',#3261,#3313,#3315,.T.);
#3313 = VERTEX_POINT('',#3314);
#3314 = CARTESIAN_POINT('',(-7.,20.,3.));
#3315 = LINE('',#3316,#3317);
#3316 = CARTESIAN_POINT('',(-5.5,20.,3.));
#3317 = VECTOR('',#3318,1.);
#3318 = DIRECTION('',(-1.,0.,0.));
#3319 = ORIENTED_EDGE('',*,*,#3320,.F.);
#3320 = EDGE_CURVE('',#2633,#3313,#3321,.T.);
#3321 = CIRCLE('',#3322,1.);
#3322 = AXIS2_PLACEMENT_3D('',#3323,#3324,#3325);
#3323 = CARTESIAN_POINT('',(-7.,21.,3.));
#3324 = DIRECTION('',(-1.,0.,0.));
#3325 = DIRECTION('',(0.,0.,-1.));
#3326 = ORIENTED_EDGE('',*,*,#2640,.F.);
#3327 = CYLINDRICAL_SURFACE('',#3328,1.);
#3328 = AXIS2_PLACEMENT_3D('',#3329,#3330,#3331);
#3329 = CARTESIAN_POINT('',(-5.5,21.,3.));
#3330 = DIRECTION('',(-1.,0.,0.));
#3331 = DIRECTION('',(0.,0.,-1.));
#3332 = ADVANCED_FACE('',(#3333),#3370,.T.);
#3333 = FACE_BOUND('',#3334,.T.);
#3334 = EDGE_LOOP('',(#3335,#3343,#3351,#3359,#3366,#3367,#3368,#3369));
#3335 = ORIENTED_EDGE('',*,*,#3336,.T.);
#3336 = EDGE_CURVE('',#3313,#3337,#3339,.T.);
#3337 = VERTEX_POINT('',#3338);
#3338 = CARTESIAN_POINT('',(-7.,20.,5.));
#3339 = LINE('',#3340,#3341);
#3340 = CARTESIAN_POINT('',(-7.,20.,1.));
#3341 = VECTOR('',#3342,1.);
#3342 = DIRECTION('',(0.,0.,1.));
#3343 = ORIENTED_EDGE('',*,*,#3344,.F.);
#3344 = EDGE_CURVE('',#3345,#3337,#3347,.T.);
#3345 = VERTEX_POINT('',#3346);
#3346 = CARTESIAN_POINT('',(-7.,0.,5.));
#3347 = LINE('',#3348,#3349);
#3348 = CARTESIAN_POINT('',(-7.,30.,5.));
#3349 = VECTOR('',#3350,1.);
#3350 = DIRECTION('',(0.,1.,0.));
#3351 = ORIENTED_EDGE('',*,*,#3352,.F.);
#3352 = EDGE_CURVE('',#3353,#3345,#3355,.T.);
#3353 = VERTEX_POINT('',#3354);
#3354 = CARTESIAN_POINT('',(-7.,0.,3.));
#3355 = LINE('',#3356,#3357);
#3356 = CARTESIAN_POINT('',(-7.,0.,1.));
#3357 = VECTOR('',#3358,1.);
#3358 = DIRECTION('',(0.,0.,1.));
#3359 = ORIENTED_EDGE('',*,*,#3360,.F.);
#3360 = EDGE_CURVE('',#2609,#3353,#3361,.T.);
#3361 = CIRCLE('',#3362,1.);
#3362 = AXIS2_PLACEMENT_3D('',#3363,#3364,#3365);
#3363 = CARTESIAN_POINT('',(-7.,-1.,3.));
#3364 = DIRECTION('',(1.,-0.,0.));
#3365 = DIRECTION('',(0.,0.,-1.));
#3366 = ORIENTED_EDGE('',*,*,#2616,.F.);
#3367 = ORIENTED_EDGE('',*,*,#2624,.T.);
#3368 = ORIENTED_EDGE('',*,*,#2632,.T.);
#3369 = ORIENTED_EDGE('',*,*,#3320,.T.);
#3370 = PLANE('',#3371);
#3371 = AXIS2_PLACEMENT_3D('',#3372,#3373,#3374);
#3372 = CARTESIAN_POINT('',(-7.,0.,1.));
#3373 = DIRECTION('',(1.,0.,0.));
#3374 = DIRECTION('',(0.,0.,1.));
#3375 = ADVANCED_FACE('',(#3376),#3387,.T.);
#3376 = FACE_BOUND('',#3377,.F.);
#3377 = EDGE_LOOP('',(#3378,#3379,#3385,#3386));
#3378 = ORIENTED_EDGE('',*,*,#3286,.T.);
#3379 = ORIENTED_EDGE('',*,*,#3380,.T.);
#3380 = EDGE_CURVE('',#3279,#3353,#3381,.T.);
#3381 = LINE('',#3382,#3383);
#3382 = CARTESIAN_POINT('',(-5.5,2.2E-16,3.));
#3383 = VECTOR('',#3384,1.);
#3384 = DIRECTION('',(-1.,0.,0.));
#3385 = ORIENTED_EDGE('',*,*,#3360,.F.);
#3386 = ORIENTED_EDGE('',*,*,#2608,.F.);
#3387 = CYLINDRICAL_SURFACE('',#3388,1.);
#3388 = AXIS2_PLACEMENT_3D('',#3389,#3390,#3391);
#3389 = CARTESIAN_POINT('',(-5.5,-1.,3.));
#3390 = DIRECTION('',(-1.,0.,0.));
#3391 = DIRECTION('',(0.,0.,-1.));
#3392 = ADVANCED_FACE('',(#3393),#3438,.F.);
#3393 = FACE_BOUND('',#3394,.F.);
#3394 = EDGE_LOOP('',(#3395,#3405,#3413,#3421,#3428,#3429,#3430,#3431));
#3395 = ORIENTED_EDGE('',*,*,#3396,.T.);
#3396 = EDGE_CURVE('',#3397,#3399,#3401,.T.);
#3397 = VERTEX_POINT('',#3398);
#3398 = CARTESIAN_POINT('',(-2.,20.,3.));
#3399 = VERTEX_POINT('',#3400);
#3400 = CARTESIAN_POINT('',(-2.,20.,5.));
#3401 = LINE('',#3402,#3403);
#3402 = CARTESIAN_POINT('',(-2.,20.,1.));
#3403 = VECTOR('',#3404,1.);
#3404 = DIRECTION('',(0.,0.,1.));
#3405 = ORIENTED_EDGE('',*,*,#3406,.F.);
#3406 = EDGE_CURVE('',#3407,#3399,#3409,.T.);
#3407 = VERTEX_POINT('',#3408);
#3408 = CARTESIAN_POINT('',(-2.,0.,5.));
#3409 = LINE('',#3410,#3411);
#3410 = CARTESIAN_POINT('',(-2.,30.,5.));
#3411 = VECTOR('',#3412,1.);
#3412 = DIRECTION('',(0.,1.,0.));
#3413 = ORIENTED_EDGE('',*,*,#3414,.F.);
#3414 = EDGE_CURVE('',#3415,#3407,#3417,.T.);
#3415 = VERTEX_POINT('',#3416);
#3416 = CARTESIAN_POINT('',(-2.,0.,3.));
#3417 = LINE('',#3418,#3419);
#3418 = CARTESIAN_POINT('',(-2.,0.,1.));
#3419 = VECTOR('',#3420,1.);
#3420 = DIRECTION('',(0.,0.,1.));
#3421 = ORIENTED_EDGE('',*,*,#3422,.F.);
#3422 = EDGE_CURVE('',#2667,#3415,#3423,.T.);
#3423 = CIRCLE('',#3424,1.);
#3424 = AXIS2_PLACEMENT_3D('',#3425,#3426,#3427);
#3425 = CARTESIAN_POINT('',(-2.,-1.,3.));
#3426 = DIRECTION('',(1.,-0.,0.));
#3427 = DIRECTION('',(0.,0.,-1.));
#3428 = ORIENTED_EDGE('',*,*,#2666,.F.);
#3429 = ORIENTED_EDGE('',*,*,#2658,.T.);
#3430 = ORIENTED_EDGE('',*,*,#2648,.T.);
#3431 = ORIENTED_EDGE('',*,*,#3432,.T.);
#3432 = EDGE_CURVE('',#2651,#3397,#3433,.T.);
#3433 = CIRCLE('',#3434,1.);
#3434 = AXIS2_PLACEMENT_3D('',#3435,#3436,#3437);
#3435 = CARTESIAN_POINT('',(-2.,21.,3.));
#3436 = DIRECTION('',(-1.,0.,0.));
#3437 = DIRECTION('',(0.,0.,-1.));
#3438 = PLANE('',#3439);
#3439 = AXIS2_PLACEMENT_3D('',#3440,#3441,#3442);
#3440 = CARTESIAN_POINT('',(-2.,0.,1.));
#3441 = DIRECTION('',(1.,0.,0.));
#3442 = DIRECTION('',(0.,0.,1.));
#3443 = ADVANCED_FACE('',(#3444),#3463,.T.);
#3444 = FACE_BOUND('',#3445,.T.);
#3445 = EDGE_LOOP('',(#3446,#3447,#3455,#3462));
#3446 = ORIENTED_EDGE('',*,*,#3432,.T.);
#3447 = ORIENTED_EDGE('',*,*,#3448,.T.);
#3448 = EDGE_CURVE('',#3397,#3449,#3451,.T.);
#3449 = VERTEX_POINT('',#3450);
#3450 = CARTESIAN_POINT('',(-3.5,20.,3.));
#3451 = LINE('',#3452,#3453);
#3452 = CARTESIAN_POINT('',(-2.,20.,3.));
#3453 = VECTOR('',#3454,1.);
#3454 = DIRECTION('',(-1.,0.,0.));
#3455 = ORIENTED_EDGE('',*,*,#3456,.F.);
#3456 = EDGE_CURVE('',#2699,#3449,#3457,.T.);
#3457 = CIRCLE('',#3458,1.);
#3458 = AXIS2_PLACEMENT_3D('',#3459,#3460,#3461);
#3459 = CARTESIAN_POINT('',(-3.5,21.,3.));
#3460 = DIRECTION('',(-1.,0.,0.));
#3461 = DIRECTION('',(0.,0.,-1.));
#3462 = ORIENTED_EDGE('',*,*,#2706,.F.);
#3463 = CYLINDRICAL_SURFACE('',#3464,1.);
#3464 = AXIS2_PLACEMENT_3D('',#3465,#3466,#3467);
#3465 = CARTESIAN_POINT('',(-2.,21.,3.));
#3466 = DIRECTION('',(-1.,0.,0.));
#3467 = DIRECTION('',(0.,0.,-1.));
#3468 = ADVANCED_FACE('',(#3469),#3506,.T.);
#3469 = FACE_BOUND('',#3470,.T.);
#3470 = EDGE_LOOP('',(#3471,#3479,#3487,#3495,#3502,#3503,#3504,#3505));
#3471 = ORIENTED_EDGE('',*,*,#3472,.T.);
#3472 = EDGE_CURVE('',#3449,#3473,#3475,.T.);
#3473 = VERTEX_POINT('',#3474);
#3474 = CARTESIAN_POINT('',(-3.5,20.,5.));
#3475 = LINE('',#3476,#3477);
#3476 = CARTESIAN_POINT('',(-3.5,20.,1.));
#3477 = VECTOR('',#3478,1.);
#3478 = DIRECTION('',(0.,0.,1.));
#3479 = ORIENTED_EDGE('',*,*,#3480,.F.);
#3480 = EDGE_CURVE('',#3481,#3473,#3483,.T.);
#3481 = VERTEX_POINT('',#3482);
#3482 = CARTESIAN_POINT('',(-3.5,0.,5.));
#3483 = LINE('',#3484,#3485);
#3484 = CARTESIAN_POINT('',(-3.5,30.,5.));
#3485 = VECTOR('',#3486,1.);
#3486 = DIRECTION('',(0.,1.,0.));
#3487 = ORIENTED_EDGE('',*,*,#3488,.F.);
#3488 = EDGE_CURVE('',#3489,#3481,#3491,.T.);
#3489 = VERTEX_POINT('',#3490);
#3490 = CARTESIAN_POINT('',(-3.5,0.,3.));
#3491 = LINE('',#3492,#3493);
#3492 = CARTESIAN_POINT('',(-3.5,0.,1.));
#3493 = VECTOR('',#3494,1.);
#3494 = DIRECTION('',(0.,0.,1.));
#3495 = ORIENTED_EDGE('',*,*,#3496,.F.);
#3496 = EDGE_CURVE('',#2675,#3489,#3497,.T.);
#3497 = CIRCLE('',#3498,1.);
#3498 = AXIS2_PLACEMENT_3D('',#3499,#3500,#3501);
#3499 = CARTESIAN_POINT('',(-3.5,-1.,3.));
#3500 = DIRECTION('',(1.,-0.,0.));
#3501 = DIRECTION('',(0.,0.,-1.));
#3502 = ORIENTED_EDGE('',*,*,#2682,.F.);
#3503 = ORIENTED_EDGE('',*,*,#2690,.T.);
#3504 = ORIENTED_EDGE('',*,*,#2698,.T.);
#3505 = ORIENTED_EDGE('',*,*,#3456,.T.);
#3506 = PLANE('',#3507);
#3507 = AXIS2_PLACEMENT_3D('',#3508,#3509,#3510);
#3508 = CARTESIAN_POINT('',(-3.5,0.,1.));
#3509 = DIRECTION('',(1.,0.,0.));
#3510 = DIRECTION('',(0.,0.,1.));
#3511 = ADVANCED_FACE('',(#3512),#3523,.T.);
#3512 = FACE_BOUND('',#3513,.F.);
#3513 = EDGE_LOOP('',(#3514,#3515,#3521,#3522));
#3514 = ORIENTED_EDGE('',*,*,#3422,.T.);
#3515 = ORIENTED_EDGE('',*,*,#3516,.T.);
#3516 = EDGE_CURVE('',#3415,#3489,#3517,.T.);
#3517 = LINE('',#3518,#3519);
#3518 = CARTESIAN_POINT('',(-2.,2.2E-16,3.));
#3519 = VECTOR('',#3520,1.);
#3520 = DIRECTION('',(-1.,0.,0.));
#3521 = ORIENTED_EDGE('',*,*,#3496,.F.);
#3522 = ORIENTED_EDGE('',*,*,#2674,.F.);
#3523 = CYLINDRICAL_SURFACE('',#3524,1.);
#3524 = AXIS2_PLACEMENT_3D('',#3525,#3526,#3527);
#3525 = CARTESIAN_POINT('',(-2.,-1.,3.));
#3526 = DIRECTION('',(-1.,0.,0.));
#3527 = DIRECTION('',(0.,0.,-1.));
#3528 = ADVANCED_FACE('',(#3529),#3540,.F.);
#3529 = FACE_BOUND('',#3530,.F.);
#3530 = EDGE_LOOP('',(#3531,#3532,#3533,#3534));
#3531 = ORIENTED_EDGE('',*,*,#2720,.F.);
#3532 = ORIENTED_EDGE('',*,*,#2772,.T.);
#3533 = ORIENTED_EDGE('',*,*,#2796,.T.);
#3534 = ORIENTED_EDGE('',*,*,#3535,.F.);
#3535 = EDGE_CURVE('',#2723,#2797,#3536,.T.);
#3536 = LINE('',#3537,#3538);
#3537 = CARTESIAN_POINT('',(4.555294973821,20.,5.));
#3538 = VECTOR('',#3539,1.);
#3539 = DIRECTION('',(-1.,0.,0.));
#3540 = PLANE('',#3541);
#3541 = AXIS2_PLACEMENT_3D('',#3542,#3543,#3544);
#3542 = CARTESIAN_POINT('',(0.,20.,0.));
#3543 = DIRECTION('',(0.,1.,0.));
#3544 = DIRECTION('',(0.,0.,1.));
#3545 = ADVANCED_FACE('',(#3546,#3580,#3596,#3612,#3628,#3644,#3655,
    #3689),#3723,.T.);
#3546 = FACE_BOUND('',#3547,.T.);
#3547 = EDGE_LOOP('',(#3548,#3558,#3566,#3574));
#3548 = ORIENTED_EDGE('',*,*,#3549,.T.);
#3549 = EDGE_CURVE('',#3550,#3552,#3554,.T.);
#3550 = VERTEX_POINT('',#3551);
#3551 = CARTESIAN_POINT('',(41.610589947643,-5.,5.));
#3552 = VERTEX_POINT('',#3553);
#3553 = CARTESIAN_POINT('',(41.610589947643,125.,5.));
#3554 = LINE('',#3555,#3556);
#3555 = CARTESIAN_POINT('',(41.610589947643,-5.,5.));
#3556 = VECTOR('',#3557,1.);
#3557 = DIRECTION('',(0.,1.,0.));
#3558 = ORIENTED_EDGE('',*,*,#3559,.T.);
#3559 = EDGE_CURVE('',#3552,#3560,#3562,.T.);
#3560 = VERTEX_POINT('',#3561);
#3561 = CARTESIAN_POINT('',(-23.38941005235,125.,5.));
#3562 = LINE('',#3563,#3564);
#3563 = CARTESIAN_POINT('',(41.610589947643,125.,5.));
#3564 = VECTOR('',#3565,1.);
#3565 = DIRECTION('',(-1.,0.,0.));
#3566 = ORIENTED_EDGE('',*,*,#3567,.T.);
#3567 = EDGE_CURVE('',#3560,#3568,#3570,.T.);
#3568 = VERTEX_POINT('',#3569);
#3569 = CARTESIAN_POINT('',(-23.38941005235,-5.,5.));
#3570 = LINE('',#3571,#3572);
#3571 = CARTESIAN_POINT('',(-23.38941005235,125.,5.));
#3572 = VECTOR('',#3573,1.);
#3573 = DIRECTION('',(0.,-1.,0.));
#3574 = ORIENTED_EDGE('',*,*,#3575,.T.);
#3575 = EDGE_CURVE('',#3568,#3550,#3576,.T.);
#3576 = LINE('',#3577,#3578);
#3577 = CARTESIAN_POINT('',(-23.38941005235,-5.,5.));
#3578 = VECTOR('',#3579,1.);
#3579 = DIRECTION('',(1.,0.,0.));
#3580 = FACE_BOUND('',#3581,.T.);
#3581 = EDGE_LOOP('',(#3582,#3588,#3589,#3595));
#3582 = ORIENTED_EDGE('',*,*,#3583,.T.);
#3583 = EDGE_CURVE('',#2999,#3073,#3584,.T.);
#3584 = LINE('',#3585,#3586);
#3585 = CARTESIAN_POINT('',(-2.444705026179,0.,5.));
#3586 = VECTOR('',#3587,1.);
#3587 = DIRECTION('',(-1.,0.,0.));
#3588 = ORIENTED_EDGE('',*,*,#3072,.T.);
#3589 = ORIENTED_EDGE('',*,*,#3590,.F.);
#3590 = EDGE_CURVE('',#2991,#3065,#3591,.T.);
#3591 = LINE('',#3592,#3593);
#3592 = CARTESIAN_POINT('',(-2.444705026179,20.,5.));
#3593 = VECTOR('',#3594,1.);
#3594 = DIRECTION('',(-1.,0.,0.));
#3595 = ORIENTED_EDGE('',*,*,#2998,.F.);
#3596 = FACE_BOUND('',#3597,.T.);
#3597 = EDGE_LOOP('',(#3598,#3604,#3605,#3611));
#3598 = ORIENTED_EDGE('',*,*,#3599,.T.);
#3599 = EDGE_CURVE('',#3135,#3209,#3600,.T.);
#3600 = LINE('',#3601,#3602);
#3601 = CARTESIAN_POINT('',(-0.694705026179,0.,5.));
#3602 = VECTOR('',#3603,1.);
#3603 = DIRECTION('',(-1.,0.,0.));
#3604 = ORIENTED_EDGE('',*,*,#3208,.T.);
#3605 = ORIENTED_EDGE('',*,*,#3606,.F.);
#3606 = EDGE_CURVE('',#3127,#3201,#3607,.T.);
#3607 = LINE('',#3608,#3609);
#3608 = CARTESIAN_POINT('',(-0.694705026179,20.,5.));
#3609 = VECTOR('',#3610,1.);
#3610 = DIRECTION('',(-1.,0.,0.));
#3611 = ORIENTED_EDGE('',*,*,#3134,.F.);
#3612 = FACE_BOUND('',#3613,.T.);
#3613 = EDGE_LOOP('',(#3614,#3620,#3621,#3627));
#3614 = ORIENTED_EDGE('',*,*,#3615,.T.);
#3615 = EDGE_CURVE('',#3271,#3345,#3616,.T.);
#3616 = LINE('',#3617,#3618);
#3617 = CARTESIAN_POINT('',(1.055294973821,0.,5.));
#3618 = VECTOR('',#3619,1.);
#3619 = DIRECTION('',(-1.,0.,0.));
#3620 = ORIENTED_EDGE('',*,*,#3344,.T.);
#3621 = ORIENTED_EDGE('',*,*,#3622,.F.);
#3622 = EDGE_CURVE('',#3263,#3337,#3623,.T.);
#3623 = LINE('',#3624,#3625);
#3624 = CARTESIAN_POINT('',(1.055294973821,20.,5.));
#3625 = VECTOR('',#3626,1.);
#3626 = DIRECTION('',(-1.,0.,0.));
#3627 = ORIENTED_EDGE('',*,*,#3270,.F.);
#3628 = FACE_BOUND('',#3629,.T.);
#3629 = EDGE_LOOP('',(#3630,#3636,#3637,#3643));
#3630 = ORIENTED_EDGE('',*,*,#3631,.T.);
#3631 = EDGE_CURVE('',#3407,#3481,#3632,.T.);
#3632 = LINE('',#3633,#3634);
#3633 = CARTESIAN_POINT('',(2.805294973821,0.,5.));
#3634 = VECTOR('',#3635,1.);
#3635 = DIRECTION('',(-1.,0.,0.));
#3636 = ORIENTED_EDGE('',*,*,#3480,.T.);
#3637 = ORIENTED_EDGE('',*,*,#3638,.F.);
#3638 = EDGE_CURVE('',#3399,#3473,#3639,.T.);
#3639 = LINE('',#3640,#3641);
#3640 = CARTESIAN_POINT('',(2.805294973821,20.,5.));
#3641 = VECTOR('',#3642,1.);
#3642 = DIRECTION('',(-1.,0.,0.));
#3643 = ORIENTED_EDGE('',*,*,#3406,.F.);
#3644 = FACE_BOUND('',#3645,.T.);
#3645 = EDGE_LOOP('',(#3646,#3652,#3653,#3654));
#3646 = ORIENTED_EDGE('',*,*,#3647,.T.);
#3647 = EDGE_CURVE('',#2731,#2805,#3648,.T.);
#3648 = LINE('',#3649,#3650);
#3649 = CARTESIAN_POINT('',(4.555294973821,0.,5.));
#3650 = VECTOR('',#3651,1.);
#3651 = DIRECTION('',(-1.,0.,0.));
#3652 = ORIENTED_EDGE('',*,*,#2804,.T.);
#3653 = ORIENTED_EDGE('',*,*,#3535,.F.);
#3654 = ORIENTED_EDGE('',*,*,#2730,.F.);
#3655 = FACE_BOUND('',#3656,.T.);
#3656 = EDGE_LOOP('',(#3657,#3667,#3675,#3683));
#3657 = ORIENTED_EDGE('',*,*,#3658,.F.);
#3658 = EDGE_CURVE('',#3659,#3661,#3663,.T.);
#3659 = VERTEX_POINT('',#3660);
#3660 = CARTESIAN_POINT('',(-22.96669521554,62.661013947643,5.));
#3661 = VERTEX_POINT('',#3662);
#3662 = CARTESIAN_POINT('',(-22.96669521554,-4.598986052357,5.));
#3663 = LINE('',#3664,#3665);
#3664 = CARTESIAN_POINT('',(-22.96669521554,62.661013947643,5.));
#3665 = VECTOR('',#3666,1.);
#3666 = DIRECTION('',(0.,-1.,0.));
#3667 = ORIENTED_EDGE('',*,*,#3668,.F.);
#3668 = EDGE_CURVE('',#3669,#3659,#3671,.T.);
#3669 = VERTEX_POINT('',#3670);
#3670 = CARTESIAN_POINT('',(-15.96669521554,62.661013947643,5.));
#3671 = LINE('',#3672,#3673);
#3672 = CARTESIAN_POINT('',(-15.96669521554,62.661013947643,5.));
#3673 = VECTOR('',#3674,1.);
#3674 = DIRECTION('',(-1.,0.,0.));
#3675 = ORIENTED_EDGE('',*,*,#3676,.F.);
#3676 = EDGE_CURVE('',#3677,#3669,#3679,.T.);
#3677 = VERTEX_POINT('',#3678);
#3678 = CARTESIAN_POINT('',(-15.96669521554,-4.598986052357,5.));
#3679 = LINE('',#3680,#3681);
#3680 = CARTESIAN_POINT('',(-15.96669521554,-4.598986052357,5.));
#3681 = VECTOR('',#3682,1.);
#3682 = DIRECTION('',(0.,1.,0.));
#3683 = ORIENTED_EDGE('',*,*,#3684,.F.);
#3684 = EDGE_CURVE('',#3661,#3677,#3685,.T.);
#3685 = LINE('',#3686,#3687);
#3686 = CARTESIAN_POINT('',(-22.96669521554,-4.598986052357,5.));
#3687 = VECTOR('',#3688,1.);
#3688 = DIRECTION('',(1.,0.,0.));
#3689 = FACE_BOUND('',#3690,.T.);
#3690 = EDGE_LOOP('',(#3691,#3701,#3709,#3717));
#3691 = ORIENTED_EDGE('',*,*,#3692,.F.);
#3692 = EDGE_CURVE('',#3693,#3695,#3697,.T.);
#3693 = VERTEX_POINT('',#3694);
#3694 = CARTESIAN_POINT('',(36.4265,62.709,5.));
#3695 = VERTEX_POINT('',#3696);
#3696 = CARTESIAN_POINT('',(36.4265,-4.551,5.));
#3697 = LINE('',#3698,#3699);
#3698 = CARTESIAN_POINT('',(36.4265,62.709,5.));
#3699 = VECTOR('',#3700,1.);
#3700 = DIRECTION('',(0.,-1.,0.));
#3701 = ORIENTED_EDGE('',*,*,#3702,.F.);
#3702 = EDGE_CURVE('',#3703,#3693,#3705,.T.);
#3703 = VERTEX_POINT('',#3704);
#3704 = CARTESIAN_POINT('',(41.4165,62.709,5.));
#3705 = LINE('',#3706,#3707);
#3706 = CARTESIAN_POINT('',(41.4165,62.709,5.));
#3707 = VECTOR('',#3708,1.);
#3708 = DIRECTION('',(-1.,0.,0.));
#3709 = ORIENTED_EDGE('',*,*,#3710,.F.);
#3710 = EDGE_CURVE('',#3711,#3703,#3713,.T.);
#3711 = VERTEX_POINT('',#3712);
#3712 = CARTESIAN_POINT('',(41.4165,-4.551,5.));
#3713 = LINE('',#3714,#3715);
#3714 = CARTESIAN_POINT('',(41.4165,-4.551,5.));
#3715 = VECTOR('',#3716,1.);
#3716 = DIRECTION('',(0.,1.,0.));
#3717 = ORIENTED_EDGE('',*,*,#3718,.F.);
#3718 = EDGE_CURVE('',#3695,#3711,#3719,.T.);
#3719 = LINE('',#3720,#3721);
#3720 = CARTESIAN_POINT('',(36.4265,-4.551,5.));
#3721 = VECTOR('',#3722,1.);
#3722 = DIRECTION('',(1.,0.,0.));
#3723 = PLANE('',#3724);
#3724 = AXIS2_PLACEMENT_3D('',#3725,#3726,#3727);
#3725 = CARTESIAN_POINT('',(9.110589947643,60.,5.));
#3726 = DIRECTION('',(0.,0.,1.));
#3727 = DIRECTION('',(1.,0.,0.));
#3728 = ADVANCED_FACE('',(#3729),#3735,.T.);
#3729 = FACE_BOUND('',#3730,.T.);
#3730 = EDGE_LOOP('',(#3731,#3732,#3733,#3734));
#3731 = ORIENTED_EDGE('',*,*,#2738,.F.);
#3732 = ORIENTED_EDGE('',*,*,#2840,.T.);
#3733 = ORIENTED_EDGE('',*,*,#2812,.T.);
#3734 = ORIENTED_EDGE('',*,*,#3647,.F.);
#3735 = PLANE('',#3736);
#3736 = AXIS2_PLACEMENT_3D('',#3737,#3738,#3739);
#3737 = CARTESIAN_POINT('',(0.,0.,0.));
#3738 = DIRECTION('',(0.,1.,0.));
#3739 = DIRECTION('',(0.,0.,1.));
#3740 = ADVANCED_FACE('',(#3741),#3766,.F.);
#3741 = FACE_BOUND('',#3742,.F.);
#3742 = EDGE_LOOP('',(#3743,#3751,#3759,#3765));
#3743 = ORIENTED_EDGE('',*,*,#3744,.T.);
#3744 = EDGE_CURVE('',#2857,#3745,#3747,.T.);
#3745 = VERTEX_POINT('',#3746);
#3746 = CARTESIAN_POINT('',(44.610589947643,-5.,30.));
#3747 = LINE('',#3748,#3749);
#3748 = CARTESIAN_POINT('',(44.610589947643,-5.,5.));
#3749 = VECTOR('',#3750,1.);
#3750 = DIRECTION('',(0.,0.,1.));
#3751 = ORIENTED_EDGE('',*,*,#3752,.T.);
#3752 = EDGE_CURVE('',#3745,#3753,#3755,.T.);
#3753 = VERTEX_POINT('',#3754);
#3754 = CARTESIAN_POINT('',(44.610589947643,125.,30.));
#3755 = LINE('',#3756,#3757);
#3756 = CARTESIAN_POINT('',(44.610589947643,-5.,30.));
#3757 = VECTOR('',#3758,1.);
#3758 = DIRECTION('',(0.,1.,0.));
#3759 = ORIENTED_EDGE('',*,*,#3760,.F.);
#3760 = EDGE_CURVE('',#2859,#3753,#3761,.T.);
#3761 = LINE('',#3762,#3763);
#3762 = CARTESIAN_POINT('',(44.610589947643,125.,5.));
#3763 = VECTOR('',#3764,1.);
#3764 = DIRECTION('',(0.,0.,1.));
#3765 = ORIENTED_EDGE('',*,*,#2856,.F.);
#3766 = PLANE('',#3767);
#3767 = AXIS2_PLACEMENT_3D('',#3768,#3769,#3770);
#3768 = CARTESIAN_POINT('',(44.610589947643,-5.,5.));
#3769 = DIRECTION('',(-1.,0.,0.));
#3770 = DIRECTION('',(0.,1.,0.));
#3771 = ADVANCED_FACE('',(#3772),#3783,.T.);
#3772 = FACE_BOUND('',#3773,.T.);
#3773 = EDGE_LOOP('',(#3774,#3781,#3782));
#3774 = ORIENTED_EDGE('',*,*,#3775,.F.);
#3775 = EDGE_CURVE('',#2859,#2923,#3776,.T.);
#3776 = CIRCLE('',#3777,3.);
#3777 = AXIS2_PLACEMENT_3D('',#3778,#3779,#3780);
#3778 = CARTESIAN_POINT('',(41.610589947643,125.,5.));
#3779 = DIRECTION('',(-0.,0.,1.));
#3780 = DIRECTION('',(1.1E-16,-1.,0.));
#3781 = ORIENTED_EDGE('',*,*,#2874,.T.);
#3782 = ORIENTED_EDGE('',*,*,#2932,.F.);
#3783 = SPHERICAL_SURFACE('',#3784,3.);
#3784 = AXIS2_PLACEMENT_3D('',#3785,#3786,#3787);
#3785 = CARTESIAN_POINT('',(41.610589947643,125.,5.));
#3786 = DIRECTION('',(0.,-0.707106781187,-0.707106781187));
#3787 = DIRECTION('',(-0.57735026919,-0.57735026919,0.57735026919));
#3788 = ADVANCED_FACE('',(#3789),#3800,.T.);
#3789 = FACE_BOUND('',#3790,.T.);
#3790 = EDGE_LOOP('',(#3791,#3798,#3799));
#3791 = ORIENTED_EDGE('',*,*,#3792,.T.);
#3792 = EDGE_CURVE('',#2857,#2892,#3793,.T.);
#3793 = CIRCLE('',#3794,3.);
#3794 = AXIS2_PLACEMENT_3D('',#3795,#3796,#3797);
#3795 = CARTESIAN_POINT('',(41.610589947643,-5.,5.));
#3796 = DIRECTION('',(0.,0.,-1.));
#3797 = DIRECTION('',(1.1E-16,1.,0.));
#3798 = ORIENTED_EDGE('',*,*,#2907,.T.);
#3799 = ORIENTED_EDGE('',*,*,#2866,.F.);
#3800 = SPHERICAL_SURFACE('',#3801,3.);
#3801 = AXIS2_PLACEMENT_3D('',#3802,#3803,#3804);
#3802 = CARTESIAN_POINT('',(41.610589947643,-5.,5.));
#3803 = DIRECTION('',(0.,-0.707106781187,0.707106781187));
#3804 = DIRECTION('',(-0.57735026919,0.57735026919,0.57735026919));
#3805 = ADVANCED_FACE('',(#3806),#3863,.F.);
#3806 = FACE_BOUND('',#3807,.F.);
#3807 = EDGE_LOOP('',(#3808,#3809,#3817,#3825,#3833,#3841,#3849,#3857));
#3808 = ORIENTED_EDGE('',*,*,#2889,.F.);
#3809 = ORIENTED_EDGE('',*,*,#3810,.T.);
#3810 = EDGE_CURVE('',#2890,#3811,#3813,.T.);
#3811 = VERTEX_POINT('',#3812);
#3812 = CARTESIAN_POINT('',(-23.38941005235,-8.,30.));
#3813 = LINE('',#3814,#3815);
#3814 = CARTESIAN_POINT('',(-23.38941005235,-8.,5.));
#3815 = VECTOR('',#3816,1.);
#3816 = DIRECTION('',(0.,0.,1.));
#3817 = ORIENTED_EDGE('',*,*,#3818,.T.);
#3818 = EDGE_CURVE('',#3811,#3819,#3821,.T.);
#3819 = VERTEX_POINT('',#3820);
#3820 = CARTESIAN_POINT('',(15.11,-8.,30.));
#3821 = LINE('',#3822,#3823);
#3822 = CARTESIAN_POINT('',(-23.38941005235,-8.,30.));
#3823 = VECTOR('',#3824,1.);
#3824 = DIRECTION('',(1.,0.,0.));
#3825 = ORIENTED_EDGE('',*,*,#3826,.T.);
#3826 = EDGE_CURVE('',#3819,#3827,#3829,.T.);
#3827 = VERTEX_POINT('',#3828);
#3828 = CARTESIAN_POINT('',(15.11,-8.,25.));
#3829 = LINE('',#3830,#3831);
#3830 = CARTESIAN_POINT('',(15.11,-8.,15.));
#3831 = VECTOR('',#3832,1.);
#3832 = DIRECTION('',(0.,1.1E-16,-1.));
#3833 = ORIENTED_EDGE('',*,*,#3834,.T.);
#3834 = EDGE_CURVE('',#3827,#3835,#3837,.T.);
#3835 = VERTEX_POINT('',#3836);
#3836 = CARTESIAN_POINT('',(34.11,-8.,25.));
#3837 = LINE('',#3838,#3839);
#3838 = CARTESIAN_POINT('',(-4.139705026179,-8.,25.));
#3839 = VECTOR('',#3840,1.);
#3840 = DIRECTION('',(1.,0.,0.));
#3841 = ORIENTED_EDGE('',*,*,#3842,.F.);
#3842 = EDGE_CURVE('',#3843,#3835,#3845,.T.);
#3843 = VERTEX_POINT('',#3844);
#3844 = CARTESIAN_POINT('',(34.11,-8.,30.));
#3845 = LINE('',#3846,#3847);
#3846 = CARTESIAN_POINT('',(34.11,-8.,15.));
#3847 = VECTOR('',#3848,1.);
#3848 = DIRECTION('',(0.,1.1E-16,-1.));
#3849 = ORIENTED_EDGE('',*,*,#3850,.T.);
#3850 = EDGE_CURVE('',#3843,#3851,#3853,.T.);
#3851 = VERTEX_POINT('',#3852);
#3852 = CARTESIAN_POINT('',(41.610589947643,-8.,30.));
#3853 = LINE('',#3854,#3855);
#3854 = CARTESIAN_POINT('',(-23.38941005235,-8.,30.));
#3855 = VECTOR('',#3856,1.);
#3856 = DIRECTION('',(1.,0.,0.));
#3857 = ORIENTED_EDGE('',*,*,#3858,.F.);
#3858 = EDGE_CURVE('',#2892,#3851,#3859,.T.);
#3859 = LINE('',#3860,#3861);
#3860 = CARTESIAN_POINT('',(41.610589947643,-8.,5.));
#3861 = VECTOR('',#3862,1.);
#3862 = DIRECTION('',(0.,0.,1.));
#3863 = PLANE('',#3864);
#3864 = AXIS2_PLACEMENT_3D('',#3865,#3866,#3867);
#3865 = CARTESIAN_POINT('',(-23.38941005235,-8.,5.));
#3866 = DIRECTION('',(0.,1.,0.));
#3867 = DIRECTION('',(1.,0.,0.));
#3868 = ADVANCED_FACE('',(#3869),#3880,.T.);
#3869 = FACE_BOUND('',#3870,.T.);
#3870 = EDGE_LOOP('',(#3871,#3878,#3879));
#3871 = ORIENTED_EDGE('',*,*,#3872,.F.);
#3872 = EDGE_CURVE('',#2958,#2890,#3873,.T.);
#3873 = CIRCLE('',#3874,3.);
#3874 = AXIS2_PLACEMENT_3D('',#3875,#3876,#3877);
#3875 = CARTESIAN_POINT('',(-23.38941005235,-5.,5.));
#3876 = DIRECTION('',(0.,0.,1.));
#3877 = DIRECTION('',(-1.1E-16,1.,0.));
#3878 = ORIENTED_EDGE('',*,*,#2973,.T.);
#3879 = ORIENTED_EDGE('',*,*,#2899,.F.);
#3880 = SPHERICAL_SURFACE('',#3881,3.);
#3881 = AXIS2_PLACEMENT_3D('',#3882,#3883,#3884);
#3882 = CARTESIAN_POINT('',(-23.38941005235,-5.,5.));
#3883 = DIRECTION('',(0.,0.707106781187,-0.707106781187));
#3884 = DIRECTION('',(0.57735026919,0.57735026919,0.57735026919));
#3885 = ADVANCED_FACE('',(#3886),#3928,.F.);
#3886 = FACE_BOUND('',#3887,.F.);
#3887 = EDGE_LOOP('',(#3888,#3896,#3897,#3905,#3913,#3922));
#3888 = ORIENTED_EDGE('',*,*,#3889,.F.);
#3889 = EDGE_CURVE('',#2925,#3890,#3892,.T.);
#3890 = VERTEX_POINT('',#3891);
#3891 = CARTESIAN_POINT('',(-23.38941005235,128.,30.));
#3892 = LINE('',#3893,#3894);
#3893 = CARTESIAN_POINT('',(-23.38941005235,128.,5.));
#3894 = VECTOR('',#3895,1.);
#3895 = DIRECTION('',(0.,0.,1.));
#3896 = ORIENTED_EDGE('',*,*,#2922,.F.);
#3897 = ORIENTED_EDGE('',*,*,#3898,.T.);
#3898 = EDGE_CURVE('',#2923,#3899,#3901,.T.);
#3899 = VERTEX_POINT('',#3900);
#3900 = CARTESIAN_POINT('',(41.610589947643,128.,30.));
#3901 = LINE('',#3902,#3903);
#3902 = CARTESIAN_POINT('',(41.610589947643,128.,5.));
#3903 = VECTOR('',#3904,1.);
#3904 = DIRECTION('',(0.,0.,1.));
#3905 = ORIENTED_EDGE('',*,*,#3906,.T.);
#3906 = EDGE_CURVE('',#3899,#3907,#3909,.T.);
#3907 = VERTEX_POINT('',#3908);
#3908 = CARTESIAN_POINT('',(12.11,128.,30.));
#3909 = LINE('',#3910,#3911);
#3910 = CARTESIAN_POINT('',(41.610589947643,128.,30.));
#3911 = VECTOR('',#3912,1.);
#3912 = DIRECTION('',(-1.,0.,0.));
#3913 = ORIENTED_EDGE('',*,*,#3914,.F.);
#3914 = EDGE_CURVE('',#3915,#3907,#3917,.T.);
#3915 = VERTEX_POINT('',#3916);
#3916 = CARTESIAN_POINT('',(6.11,128.,30.));
#3917 = CIRCLE('',#3918,3.);
#3918 = AXIS2_PLACEMENT_3D('',#3919,#3920,#3921);
#3919 = CARTESIAN_POINT('',(9.11,128.,30.));
#3920 = DIRECTION('',(0.,-1.,0.));
#3921 = DIRECTION('',(1.,0.,0.));
#3922 = ORIENTED_EDGE('',*,*,#3923,.T.);
#3923 = EDGE_CURVE('',#3915,#3890,#3924,.T.);
#3924 = LINE('',#3925,#3926);
#3925 = CARTESIAN_POINT('',(41.610589947643,128.,30.));
#3926 = VECTOR('',#3927,1.);
#3927 = DIRECTION('',(-1.,0.,0.));
#3928 = PLANE('',#3929);
#3929 = AXIS2_PLACEMENT_3D('',#3930,#3931,#3932);
#3930 = CARTESIAN_POINT('',(41.610589947643,128.,5.));
#3931 = DIRECTION('',(0.,-1.,0.));
#3932 = DIRECTION('',(-1.,0.,0.));
#3933 = ADVANCED_FACE('',(#3934),#3945,.T.);
#3934 = FACE_BOUND('',#3935,.T.);
#3935 = EDGE_LOOP('',(#3936,#3943,#3944));
#3936 = ORIENTED_EDGE('',*,*,#3937,.F.);
#3937 = EDGE_CURVE('',#2925,#2956,#3938,.T.);
#3938 = CIRCLE('',#3939,3.);
#3939 = AXIS2_PLACEMENT_3D('',#3940,#3941,#3942);
#3940 = CARTESIAN_POINT('',(-23.38941005235,125.,5.));
#3941 = DIRECTION('',(0.,-0.,1.));
#3942 = DIRECTION('',(1.,1.1E-16,0.));
#3943 = ORIENTED_EDGE('',*,*,#2940,.T.);
#3944 = ORIENTED_EDGE('',*,*,#2965,.F.);
#3945 = SPHERICAL_SURFACE('',#3946,3.);
#3946 = AXIS2_PLACEMENT_3D('',#3947,#3948,#3949);
#3947 = CARTESIAN_POINT('',(-23.38941005235,125.,5.));
#3948 = DIRECTION('',(0.707106781187,0.,-0.707106781187));
#3949 = DIRECTION('',(0.57735026919,-0.57735026919,0.57735026919));
#3950 = ADVANCED_FACE('',(#3951),#3976,.F.);
#3951 = FACE_BOUND('',#3952,.F.);
#3952 = EDGE_LOOP('',(#3953,#3961,#3962,#3970));
#3953 = ORIENTED_EDGE('',*,*,#3954,.F.);
#3954 = EDGE_CURVE('',#2958,#3955,#3957,.T.);
#3955 = VERTEX_POINT('',#3956);
#3956 = CARTESIAN_POINT('',(-26.38941005235,-5.,30.));
#3957 = LINE('',#3958,#3959);
#3958 = CARTESIAN_POINT('',(-26.38941005235,-5.,5.));
#3959 = VECTOR('',#3960,1.);
#3960 = DIRECTION('',(0.,0.,1.));
#3961 = ORIENTED_EDGE('',*,*,#2955,.F.);
#3962 = ORIENTED_EDGE('',*,*,#3963,.T.);
#3963 = EDGE_CURVE('',#2956,#3964,#3966,.T.);
#3964 = VERTEX_POINT('',#3965);
#3965 = CARTESIAN_POINT('',(-26.38941005235,125.,30.));
#3966 = LINE('',#3967,#3968);
#3967 = CARTESIAN_POINT('',(-26.38941005235,125.,5.));
#3968 = VECTOR('',#3969,1.);
#3969 = DIRECTION('',(0.,0.,1.));
#3970 = ORIENTED_EDGE('',*,*,#3971,.T.);
#3971 = EDGE_CURVE('',#3964,#3955,#3972,.T.);
#3972 = LINE('',#3973,#3974);
#3973 = CARTESIAN_POINT('',(-26.38941005235,125.,30.));
#3974 = VECTOR('',#3975,1.);
#3975 = DIRECTION('',(0.,-1.,0.));
#3976 = PLANE('',#3977);
#3977 = AXIS2_PLACEMENT_3D('',#3978,#3979,#3980);
#3978 = CARTESIAN_POINT('',(-26.38941005235,125.,5.));
#3979 = DIRECTION('',(1.,0.,0.));
#3980 = DIRECTION('',(0.,-1.,0.));
#3981 = ADVANCED_FACE('',(#3982),#3988,.F.);
#3982 = FACE_BOUND('',#3983,.F.);
#3983 = EDGE_LOOP('',(#3984,#3985,#3986,#3987));
#3984 = ORIENTED_EDGE('',*,*,#2988,.F.);
#3985 = ORIENTED_EDGE('',*,*,#3040,.T.);
#3986 = ORIENTED_EDGE('',*,*,#3064,.T.);
#3987 = ORIENTED_EDGE('',*,*,#3590,.F.);
#3988 = PLANE('',#3989);
#3989 = AXIS2_PLACEMENT_3D('',#3990,#3991,#3992);
#3990 = CARTESIAN_POINT('',(-14.,20.,0.));
#3991 = DIRECTION('',(0.,1.,0.));
#3992 = DIRECTION('',(0.,0.,1.));
#3993 = ADVANCED_FACE('',(#3994),#4000,.T.);
#3994 = FACE_BOUND('',#3995,.T.);
#3995 = EDGE_LOOP('',(#3996,#3997,#3998,#3999));
#3996 = ORIENTED_EDGE('',*,*,#3006,.F.);
#3997 = ORIENTED_EDGE('',*,*,#3110,.T.);
#3998 = ORIENTED_EDGE('',*,*,#3080,.T.);
#3999 = ORIENTED_EDGE('',*,*,#3583,.F.);
#4000 = PLANE('',#4001);
#4001 = AXIS2_PLACEMENT_3D('',#4002,#4003,#4004);
#4002 = CARTESIAN_POINT('',(-14.,0.,0.));
#4003 = DIRECTION('',(0.,1.,0.));
#4004 = DIRECTION('',(0.,0.,1.));
#4005 = ADVANCED_FACE('',(#4006),#4012,.F.);
#4006 = FACE_BOUND('',#4007,.F.);
#4007 = EDGE_LOOP('',(#4008,#4009,#4010,#4011));
#4008 = ORIENTED_EDGE('',*,*,#3124,.F.);
#4009 = ORIENTED_EDGE('',*,*,#3176,.T.);
#4010 = ORIENTED_EDGE('',*,*,#3200,.T.);
#4011 = ORIENTED_EDGE('',*,*,#3606,.F.);
#4012 = PLANE('',#4013);
#4013 = AXIS2_PLACEMENT_3D('',#4014,#4015,#4016);
#4014 = CARTESIAN_POINT('',(-10.5,20.,1.));
#4015 = DIRECTION('',(0.,1.,0.));
#4016 = DIRECTION('',(0.,0.,1.));
#4017 = ADVANCED_FACE('',(#4018),#4024,.T.);
#4018 = FACE_BOUND('',#4019,.T.);
#4019 = EDGE_LOOP('',(#4020,#4021,#4022,#4023));
#4020 = ORIENTED_EDGE('',*,*,#3142,.F.);
#4021 = ORIENTED_EDGE('',*,*,#3244,.T.);
#4022 = ORIENTED_EDGE('',*,*,#3216,.T.);
#4023 = ORIENTED_EDGE('',*,*,#3599,.F.);
#4024 = PLANE('',#4025);
#4025 = AXIS2_PLACEMENT_3D('',#4026,#4027,#4028);
#4026 = CARTESIAN_POINT('',(-10.5,0.,1.));
#4027 = DIRECTION('',(0.,1.,0.));
#4028 = DIRECTION('',(0.,0.,1.));
#4029 = ADVANCED_FACE('',(#4030),#4036,.F.);
#4030 = FACE_BOUND('',#4031,.F.);
#4031 = EDGE_LOOP('',(#4032,#4033,#4034,#4035));
#4032 = ORIENTED_EDGE('',*,*,#3260,.F.);
#4033 = ORIENTED_EDGE('',*,*,#3312,.T.);
#4034 = ORIENTED_EDGE('',*,*,#3336,.T.);
#4035 = ORIENTED_EDGE('',*,*,#3622,.F.);
#4036 = PLANE('',#4037);
#4037 = AXIS2_PLACEMENT_3D('',#4038,#4039,#4040);
#4038 = CARTESIAN_POINT('',(-7.,20.,1.));
#4039 = DIRECTION('',(0.,1.,0.));
#4040 = DIRECTION('',(0.,0.,1.));
#4041 = ADVANCED_FACE('',(#4042),#4048,.T.);
#4042 = FACE_BOUND('',#4043,.T.);
#4043 = EDGE_LOOP('',(#4044,#4045,#4046,#4047));
#4044 = ORIENTED_EDGE('',*,*,#3278,.F.);
#4045 = ORIENTED_EDGE('',*,*,#3380,.T.);
#4046 = ORIENTED_EDGE('',*,*,#3352,.T.);
#4047 = ORIENTED_EDGE('',*,*,#3615,.F.);
#4048 = PLANE('',#4049);
#4049 = AXIS2_PLACEMENT_3D('',#4050,#4051,#4052);
#4050 = CARTESIAN_POINT('',(-7.,0.,1.));
#4051 = DIRECTION('',(0.,1.,0.));
#4052 = DIRECTION('',(0.,0.,1.));
#4053 = ADVANCED_FACE('',(#4054),#4060,.F.);
#4054 = FACE_BOUND('',#4055,.F.);
#4055 = EDGE_LOOP('',(#4056,#4057,#4058,#4059));
#4056 = ORIENTED_EDGE('',*,*,#3396,.F.);
#4057 = ORIENTED_EDGE('',*,*,#3448,.T.);
#4058 = ORIENTED_EDGE('',*,*,#3472,.T.);
#4059 = ORIENTED_EDGE('',*,*,#3638,.F.);
#4060 = PLANE('',#4061);
#4061 = AXIS2_PLACEMENT_3D('',#4062,#4063,#4064);
#4062 = CARTESIAN_POINT('',(-3.5,20.,1.));
#4063 = DIRECTION('',(0.,1.,0.));
#4064 = DIRECTION('',(0.,0.,1.));
#4065 = ADVANCED_FACE('',(#4066),#4072,.T.);
#4066 = FACE_BOUND('',#4067,.T.);
#4067 = EDGE_LOOP('',(#4068,#4069,#4070,#4071));
#4068 = ORIENTED_EDGE('',*,*,#3414,.F.);
#4069 = ORIENTED_EDGE('',*,*,#3516,.T.);
#4070 = ORIENTED_EDGE('',*,*,#3488,.T.);
#4071 = ORIENTED_EDGE('',*,*,#3631,.F.);
#4072 = PLANE('',#4073);
#4073 = AXIS2_PLACEMENT_3D('',#4074,#4075,#4076);
#4074 = CARTESIAN_POINT('',(-3.5,0.,1.));
#4075 = DIRECTION('',(0.,1.,0.));
#4076 = DIRECTION('',(0.,0.,1.));
#4077 = ADVANCED_FACE('',(#4078),#4103,.T.);
#4078 = FACE_BOUND('',#4079,.T.);
#4079 = EDGE_LOOP('',(#4080,#4088,#4096,#4102));
#4080 = ORIENTED_EDGE('',*,*,#4081,.T.);
#4081 = EDGE_CURVE('',#3550,#4082,#4084,.T.);
#4082 = VERTEX_POINT('',#4083);
#4083 = CARTESIAN_POINT('',(41.610589947643,-5.,30.));
#4084 = LINE('',#4085,#4086);
#4085 = CARTESIAN_POINT('',(41.610589947643,-5.,5.));
#4086 = VECTOR('',#4087,1.);
#4087 = DIRECTION('',(0.,0.,1.));
#4088 = ORIENTED_EDGE('',*,*,#4089,.T.);
#4089 = EDGE_CURVE('',#4082,#4090,#4092,.T.);
#4090 = VERTEX_POINT('',#4091);
#4091 = CARTESIAN_POINT('',(41.610589947643,125.,30.));
#4092 = LINE('',#4093,#4094);
#4093 = CARTESIAN_POINT('',(41.610589947643,-5.,30.));
#4094 = VECTOR('',#4095,1.);
#4095 = DIRECTION('',(0.,1.,0.));
#4096 = ORIENTED_EDGE('',*,*,#4097,.F.);
#4097 = EDGE_CURVE('',#3552,#4090,#4098,.T.);
#4098 = LINE('',#4099,#4100);
#4099 = CARTESIAN_POINT('',(41.610589947643,125.,5.));
#4100 = VECTOR('',#4101,1.);
#4101 = DIRECTION('',(0.,0.,1.));
#4102 = ORIENTED_EDGE('',*,*,#3549,.F.);
#4103 = PLANE('',#4104);
#4104 = AXIS2_PLACEMENT_3D('',#4105,#4106,#4107);
#4105 = CARTESIAN_POINT('',(41.610589947643,-5.,5.));
#4106 = DIRECTION('',(-1.,0.,0.));
#4107 = DIRECTION('',(0.,1.,0.));
#4108 = ADVANCED_FACE('',(#4109),#4159,.T.);
#4109 = FACE_BOUND('',#4110,.T.);
#4110 = EDGE_LOOP('',(#4111,#4112,#4120,#4128,#4136,#4144,#4152,#4158));
#4111 = ORIENTED_EDGE('',*,*,#3575,.F.);
#4112 = ORIENTED_EDGE('',*,*,#4113,.T.);
#4113 = EDGE_CURVE('',#3568,#4114,#4116,.T.);
#4114 = VERTEX_POINT('',#4115);
#4115 = CARTESIAN_POINT('',(-23.38941005235,-5.,30.));
#4116 = LINE('',#4117,#4118);
#4117 = CARTESIAN_POINT('',(-23.38941005235,-5.,5.));
#4118 = VECTOR('',#4119,1.);
#4119 = DIRECTION('',(0.,0.,1.));
#4120 = ORIENTED_EDGE('',*,*,#4121,.T.);
#4121 = EDGE_CURVE('',#4114,#4122,#4124,.T.);
#4122 = VERTEX_POINT('',#4123);
#4123 = CARTESIAN_POINT('',(15.11,-5.,30.));
#4124 = LINE('',#4125,#4126);
#4125 = CARTESIAN_POINT('',(-23.38941005235,-5.,30.));
#4126 = VECTOR('',#4127,1.);
#4127 = DIRECTION('',(1.,0.,0.));
#4128 = ORIENTED_EDGE('',*,*,#4129,.T.);
#4129 = EDGE_CURVE('',#4122,#4130,#4132,.T.);
#4130 = VERTEX_POINT('',#4131);
#4131 = CARTESIAN_POINT('',(15.11,-5.,25.));
#4132 = LINE('',#4133,#4134);
#4133 = CARTESIAN_POINT('',(15.11,-5.,15.));
#4134 = VECTOR('',#4135,1.);
#4135 = DIRECTION('',(0.,1.1E-16,-1.));
#4136 = ORIENTED_EDGE('',*,*,#4137,.T.);
#4137 = EDGE_CURVE('',#4130,#4138,#4140,.T.);
#4138 = VERTEX_POINT('',#4139);
#4139 = CARTESIAN_POINT('',(34.11,-5.,25.));
#4140 = LINE('',#4141,#4142);
#4141 = CARTESIAN_POINT('',(-4.139705026179,-5.,25.));
#4142 = VECTOR('',#4143,1.);
#4143 = DIRECTION('',(1.,0.,0.));
#4144 = ORIENTED_EDGE('',*,*,#4145,.F.);
#4145 = EDGE_CURVE('',#4146,#4138,#4148,.T.);
#4146 = VERTEX_POINT('',#4147);
#4147 = CARTESIAN_POINT('',(34.11,-5.,30.));
#4148 = LINE('',#4149,#4150);
#4149 = CARTESIAN_POINT('',(34.11,-5.,15.));
#4150 = VECTOR('',#4151,1.);
#4151 = DIRECTION('',(0.,1.1E-16,-1.));
#4152 = ORIENTED_EDGE('',*,*,#4153,.T.);
#4153 = EDGE_CURVE('',#4146,#4082,#4154,.T.);
#4154 = LINE('',#4155,#4156);
#4155 = CARTESIAN_POINT('',(-23.38941005235,-5.,30.));
#4156 = VECTOR('',#4157,1.);
#4157 = DIRECTION('',(1.,0.,0.));
#4158 = ORIENTED_EDGE('',*,*,#4081,.F.);
#4159 = PLANE('',#4160);
#4160 = AXIS2_PLACEMENT_3D('',#4161,#4162,#4163);
#4161 = CARTESIAN_POINT('',(-23.38941005235,-5.,5.));
#4162 = DIRECTION('',(0.,1.,0.));
#4163 = DIRECTION('',(1.,0.,0.));
#4164 = ADVANCED_FACE('',(#4165),#4200,.T.);
#4165 = FACE_BOUND('',#4166,.T.);
#4166 = EDGE_LOOP('',(#4167,#4168,#4169,#4177,#4186,#4194));
#4167 = ORIENTED_EDGE('',*,*,#3559,.F.);
#4168 = ORIENTED_EDGE('',*,*,#4097,.T.);
#4169 = ORIENTED_EDGE('',*,*,#4170,.T.);
#4170 = EDGE_CURVE('',#4090,#4171,#4173,.T.);
#4171 = VERTEX_POINT('',#4172);
#4172 = CARTESIAN_POINT('',(12.11,125.,30.));
#4173 = LINE('',#4174,#4175);
#4174 = CARTESIAN_POINT('',(41.610589947643,125.,30.));
#4175 = VECTOR('',#4176,1.);
#4176 = DIRECTION('',(-1.,0.,0.));
#4177 = ORIENTED_EDGE('',*,*,#4178,.F.);
#4178 = EDGE_CURVE('',#4179,#4171,#4181,.T.);
#4179 = VERTEX_POINT('',#4180);
#4180 = CARTESIAN_POINT('',(6.11,125.,30.));
#4181 = CIRCLE('',#4182,3.);
#4182 = AXIS2_PLACEMENT_3D('',#4183,#4184,#4185);
#4183 = CARTESIAN_POINT('',(9.11,125.,30.));
#4184 = DIRECTION('',(0.,-1.,0.));
#4185 = DIRECTION('',(1.,0.,0.));
#4186 = ORIENTED_EDGE('',*,*,#4187,.T.);
#4187 = EDGE_CURVE('',#4179,#4188,#4190,.T.);
#4188 = VERTEX_POINT('',#4189);
#4189 = CARTESIAN_POINT('',(-23.38941005235,125.,30.));
#4190 = LINE('',#4191,#4192);
#4191 = CARTESIAN_POINT('',(41.610589947643,125.,30.));
#4192 = VECTOR('',#4193,1.);
#4193 = DIRECTION('',(-1.,0.,0.));
#4194 = ORIENTED_EDGE('',*,*,#4195,.F.);
#4195 = EDGE_CURVE('',#3560,#4188,#4196,.T.);
#4196 = LINE('',#4197,#4198);
#4197 = CARTESIAN_POINT('',(-23.38941005235,125.,5.));
#4198 = VECTOR('',#4199,1.);
#4199 = DIRECTION('',(0.,0.,1.));
#4200 = PLANE('',#4201);
#4201 = AXIS2_PLACEMENT_3D('',#4202,#4203,#4204);
#4202 = CARTESIAN_POINT('',(41.610589947643,125.,5.));
#4203 = DIRECTION('',(0.,-1.,0.));
#4204 = DIRECTION('',(-1.,0.,0.));
#4205 = ADVANCED_FACE('',(#4206),#4217,.T.);
#4206 = FACE_BOUND('',#4207,.T.);
#4207 = EDGE_LOOP('',(#4208,#4209,#4215,#4216));
#4208 = ORIENTED_EDGE('',*,*,#4195,.T.);
#4209 = ORIENTED_EDGE('',*,*,#4210,.T.);
#4210 = EDGE_CURVE('',#4188,#4114,#4211,.T.);
#4211 = LINE('',#4212,#4213);
#4212 = CARTESIAN_POINT('',(-23.38941005235,125.,30.));
#4213 = VECTOR('',#4214,1.);
#4214 = DIRECTION('',(0.,-1.,0.));
#4215 = ORIENTED_EDGE('',*,*,#4113,.F.);
#4216 = ORIENTED_EDGE('',*,*,#3567,.F.);
#4217 = PLANE('',#4218);
#4218 = AXIS2_PLACEMENT_3D('',#4219,#4220,#4221);
#4219 = CARTESIAN_POINT('',(-23.38941005235,125.,5.));
#4220 = DIRECTION('',(1.,0.,0.));
#4221 = DIRECTION('',(0.,-1.,0.));
#4222 = ADVANCED_FACE('',(#4223),#4248,.F.);
#4223 = FACE_BOUND('',#4224,.F.);
#4224 = EDGE_LOOP('',(#4225,#4233,#4241,#4247));
#4225 = ORIENTED_EDGE('',*,*,#4226,.T.);
#4226 = EDGE_CURVE('',#3659,#4227,#4229,.T.);
#4227 = VERTEX_POINT('',#4228);
#4228 = CARTESIAN_POINT('',(-22.96669521554,62.661013947643,30.));
#4229 = LINE('',#4230,#4231);
#4230 = CARTESIAN_POINT('',(-22.96669521554,62.661013947643,5.));
#4231 = VECTOR('',#4232,1.);
#4232 = DIRECTION('',(0.,1.1E-16,1.));
#4233 = ORIENTED_EDGE('',*,*,#4234,.T.);
#4234 = EDGE_CURVE('',#4227,#4235,#4237,.T.);
#4235 = VERTEX_POINT('',#4236);
#4236 = CARTESIAN_POINT('',(-22.96669521554,-4.598986052357,30.));
#4237 = LINE('',#4238,#4239);
#4238 = CARTESIAN_POINT('',(-22.96669521554,62.661013947643,30.));
#4239 = VECTOR('',#4240,1.);
#4240 = DIRECTION('',(0.,-1.,0.));
#4241 = ORIENTED_EDGE('',*,*,#4242,.F.);
#4242 = EDGE_CURVE('',#3661,#4235,#4243,.T.);
#4243 = LINE('',#4244,#4245);
#4244 = CARTESIAN_POINT('',(-22.96669521554,-4.598986052357,5.));
#4245 = VECTOR('',#4246,1.);
#4246 = DIRECTION('',(0.,1.1E-16,1.));
#4247 = ORIENTED_EDGE('',*,*,#3658,.F.);
#4248 = PLANE('',#4249);
#4249 = AXIS2_PLACEMENT_3D('',#4250,#4251,#4252);
#4250 = CARTESIAN_POINT('',(-22.96669521554,62.661013947643,5.));
#4251 = DIRECTION('',(1.,0.,0.));
#4252 = DIRECTION('',(0.,-1.,1.1E-16));
#4253 = ADVANCED_FACE('',(#4254),#4272,.F.);
#4254 = FACE_BOUND('',#4255,.F.);
#4255 = EDGE_LOOP('',(#4256,#4264,#4270,#4271));
#4256 = ORIENTED_EDGE('',*,*,#4257,.T.);
#4257 = EDGE_CURVE('',#3669,#4258,#4260,.T.);
#4258 = VERTEX_POINT('',#4259);
#4259 = CARTESIAN_POINT('',(-15.96669521554,62.661013947643,30.));
#4260 = LINE('',#4261,#4262);
#4261 = CARTESIAN_POINT('',(-15.96669521554,62.661013947643,5.));
#4262 = VECTOR('',#4263,1.);
#4263 = DIRECTION('',(0.,1.1E-16,1.));
#4264 = ORIENTED_EDGE('',*,*,#4265,.T.);
#4265 = EDGE_CURVE('',#4258,#4227,#4266,.T.);
#4266 = LINE('',#4267,#4268);
#4267 = CARTESIAN_POINT('',(-15.96669521554,62.661013947643,30.));
#4268 = VECTOR('',#4269,1.);
#4269 = DIRECTION('',(-1.,0.,0.));
#4270 = ORIENTED_EDGE('',*,*,#4226,.F.);
#4271 = ORIENTED_EDGE('',*,*,#3668,.F.);
#4272 = PLANE('',#4273);
#4273 = AXIS2_PLACEMENT_3D('',#4274,#4275,#4276);
#4274 = CARTESIAN_POINT('',(-15.96669521554,62.661013947643,5.));
#4275 = DIRECTION('',(-0.,-1.,1.1E-16));
#4276 = DIRECTION('',(-1.,0.,0.));
#4277 = ADVANCED_FACE('',(#4278),#4296,.F.);
#4278 = FACE_BOUND('',#4279,.F.);
#4279 = EDGE_LOOP('',(#4280,#4281,#4289,#4295));
#4280 = ORIENTED_EDGE('',*,*,#4242,.T.);
#4281 = ORIENTED_EDGE('',*,*,#4282,.T.);
#4282 = EDGE_CURVE('',#4235,#4283,#4285,.T.);
#4283 = VERTEX_POINT('',#4284);
#4284 = CARTESIAN_POINT('',(-15.96669521554,-4.598986052357,30.));
#4285 = LINE('',#4286,#4287);
#4286 = CARTESIAN_POINT('',(-22.96669521554,-4.598986052357,30.));
#4287 = VECTOR('',#4288,1.);
#4288 = DIRECTION('',(1.,0.,0.));
#4289 = ORIENTED_EDGE('',*,*,#4290,.F.);
#4290 = EDGE_CURVE('',#3677,#4283,#4291,.T.);
#4291 = LINE('',#4292,#4293);
#4292 = CARTESIAN_POINT('',(-15.96669521554,-4.598986052357,5.));
#4293 = VECTOR('',#4294,1.);
#4294 = DIRECTION('',(0.,1.1E-16,1.));
#4295 = ORIENTED_EDGE('',*,*,#3684,.F.);
#4296 = PLANE('',#4297);
#4297 = AXIS2_PLACEMENT_3D('',#4298,#4299,#4300);
#4298 = CARTESIAN_POINT('',(-22.96669521554,-4.598986052357,5.));
#4299 = DIRECTION('',(0.,1.,-1.1E-16));
#4300 = DIRECTION('',(1.,0.,0.));
#4301 = ADVANCED_FACE('',(#4302),#4313,.F.);
#4302 = FACE_BOUND('',#4303,.F.);
#4303 = EDGE_LOOP('',(#4304,#4305,#4311,#4312));
#4304 = ORIENTED_EDGE('',*,*,#4290,.T.);
#4305 = ORIENTED_EDGE('',*,*,#4306,.T.);
#4306 = EDGE_CURVE('',#4283,#4258,#4307,.T.);
#4307 = LINE('',#4308,#4309);
#4308 = CARTESIAN_POINT('',(-15.96669521554,-4.598986052357,30.));
#4309 = VECTOR('',#4310,1.);
#4310 = DIRECTION('',(0.,1.,0.));
#4311 = ORIENTED_EDGE('',*,*,#4257,.F.);
#4312 = ORIENTED_EDGE('',*,*,#3676,.F.);
#4313 = PLANE('',#4314);
#4314 = AXIS2_PLACEMENT_3D('',#4315,#4316,#4317);
#4315 = CARTESIAN_POINT('',(-15.96669521554,-4.598986052357,5.));
#4316 = DIRECTION('',(-1.,0.,0.));
#4317 = DIRECTION('',(0.,1.,-1.1E-16));
#4318 = ADVANCED_FACE('',(#4319),#4344,.F.);
#4319 = FACE_BOUND('',#4320,.F.);
#4320 = EDGE_LOOP('',(#4321,#4329,#4337,#4343));
#4321 = ORIENTED_EDGE('',*,*,#4322,.T.);
#4322 = EDGE_CURVE('',#3693,#4323,#4325,.T.);
#4323 = VERTEX_POINT('',#4324);
#4324 = CARTESIAN_POINT('',(36.4265,62.709,30.));
#4325 = LINE('',#4326,#4327);
#4326 = CARTESIAN_POINT('',(36.4265,62.709,5.));
#4327 = VECTOR('',#4328,1.);
#4328 = DIRECTION('',(0.,1.1E-16,1.));
#4329 = ORIENTED_EDGE('',*,*,#4330,.T.);
#4330 = EDGE_CURVE('',#4323,#4331,#4333,.T.);
#4331 = VERTEX_POINT('',#4332);
#4332 = CARTESIAN_POINT('',(36.4265,-4.551,30.));
#4333 = LINE('',#4334,#4335);
#4334 = CARTESIAN_POINT('',(36.4265,62.709,30.));
#4335 = VECTOR('',#4336,1.);
#4336 = DIRECTION('',(0.,-1.,0.));
#4337 = ORIENTED_EDGE('',*,*,#4338,.F.);
#4338 = EDGE_CURVE('',#3695,#4331,#4339,.T.);
#4339 = LINE('',#4340,#4341);
#4340 = CARTESIAN_POINT('',(36.4265,-4.551,5.));
#4341 = VECTOR('',#4342,1.);
#4342 = DIRECTION('',(0.,1.1E-16,1.));
#4343 = ORIENTED_EDGE('',*,*,#3692,.F.);
#4344 = PLANE('',#4345);
#4345 = AXIS2_PLACEMENT_3D('',#4346,#4347,#4348);
#4346 = CARTESIAN_POINT('',(36.4265,62.709,5.));
#4347 = DIRECTION('',(1.,0.,0.));
#4348 = DIRECTION('',(0.,-1.,1.1E-16));
#4349 = ADVANCED_FACE('',(#4350),#4368,.F.);
#4350 = FACE_BOUND('',#4351,.F.);
#4351 = EDGE_LOOP('',(#4352,#4360,#4366,#4367));
#4352 = ORIENTED_EDGE('',*,*,#4353,.T.);
#4353 = EDGE_CURVE('',#3703,#4354,#4356,.T.);
#4354 = VERTEX_POINT('',#4355);
#4355 = CARTESIAN_POINT('',(41.4165,62.709,30.));
#4356 = LINE('',#4357,#4358);
#4357 = CARTESIAN_POINT('',(41.4165,62.709,5.));
#4358 = VECTOR('',#4359,1.);
#4359 = DIRECTION('',(0.,1.1E-16,1.));
#4360 = ORIENTED_EDGE('',*,*,#4361,.T.);
#4361 = EDGE_CURVE('',#4354,#4323,#4362,.T.);
#4362 = LINE('',#4363,#4364);
#4363 = CARTESIAN_POINT('',(41.4165,62.709,30.));
#4364 = VECTOR('',#4365,1.);
#4365 = DIRECTION('',(-1.,0.,0.));
#4366 = ORIENTED_EDGE('',*,*,#4322,.F.);
#4367 = ORIENTED_EDGE('',*,*,#3702,.F.);
#4368 = PLANE('',#4369);
#4369 = AXIS2_PLACEMENT_3D('',#4370,#4371,#4372);
#4370 = CARTESIAN_POINT('',(41.4165,62.709,5.));
#4371 = DIRECTION('',(-0.,-1.,1.1E-16));
#4372 = DIRECTION('',(-1.,0.,0.));
#4373 = ADVANCED_FACE('',(#4374),#4392,.F.);
#4374 = FACE_BOUND('',#4375,.F.);
#4375 = EDGE_LOOP('',(#4376,#4377,#4385,#4391));
#4376 = ORIENTED_EDGE('',*,*,#4338,.T.);
#4377 = ORIENTED_EDGE('',*,*,#4378,.T.);
#4378 = EDGE_CURVE('',#4331,#4379,#4381,.T.);
#4379 = VERTEX_POINT('',#4380);
#4380 = CARTESIAN_POINT('',(41.4165,-4.551,30.));
#4381 = LINE('',#4382,#4383);
#4382 = CARTESIAN_POINT('',(36.4265,-4.551,30.));
#4383 = VECTOR('',#4384,1.);
#4384 = DIRECTION('',(1.,0.,0.));
#4385 = ORIENTED_EDGE('',*,*,#4386,.F.);
#4386 = EDGE_CURVE('',#3711,#4379,#4387,.T.);
#4387 = LINE('',#4388,#4389);
#4388 = CARTESIAN_POINT('',(41.4165,-4.551,5.));
#4389 = VECTOR('',#4390,1.);
#4390 = DIRECTION('',(0.,1.1E-16,1.));
#4391 = ORIENTED_EDGE('',*,*,#3718,.F.);
#4392 = PLANE('',#4393);
#4393 = AXIS2_PLACEMENT_3D('',#4394,#4395,#4396);
#4394 = CARTESIAN_POINT('',(36.4265,-4.551,5.));
#4395 = DIRECTION('',(0.,1.,-1.1E-16));
#4396 = DIRECTION('',(1.,0.,0.));
#4397 = ADVANCED_FACE('',(#4398),#4409,.F.);
#4398 = FACE_BOUND('',#4399,.F.);
#4399 = EDGE_LOOP('',(#4400,#4401,#4407,#4408));
#4400 = ORIENTED_EDGE('',*,*,#4386,.T.);
#4401 = ORIENTED_EDGE('',*,*,#4402,.T.);
#4402 = EDGE_CURVE('',#4379,#4354,#4403,.T.);
#4403 = LINE('',#4404,#4405);
#4404 = CARTESIAN_POINT('',(41.4165,-4.551,30.));
#4405 = VECTOR('',#4406,1.);
#4406 = DIRECTION('',(0.,1.,0.));
#4407 = ORIENTED_EDGE('',*,*,#4353,.F.);
#4408 = ORIENTED_EDGE('',*,*,#3710,.F.);
#4409 = PLANE('',#4410);
#4410 = AXIS2_PLACEMENT_3D('',#4411,#4412,#4413);
#4411 = CARTESIAN_POINT('',(41.4165,-4.551,5.));
#4412 = DIRECTION('',(-1.,0.,0.));
#4413 = DIRECTION('',(0.,1.,-1.1E-16));
#4414 = ADVANCED_FACE('',(#4415),#4427,.T.);
#4415 = FACE_BOUND('',#4416,.F.);
#4416 = EDGE_LOOP('',(#4417,#4418,#4425,#4426));
#4417 = ORIENTED_EDGE('',*,*,#3858,.T.);
#4418 = ORIENTED_EDGE('',*,*,#4419,.F.);
#4419 = EDGE_CURVE('',#3745,#3851,#4420,.T.);
#4420 = CIRCLE('',#4421,3.);
#4421 = AXIS2_PLACEMENT_3D('',#4422,#4423,#4424);
#4422 = CARTESIAN_POINT('',(41.610589947643,-5.,30.));
#4423 = DIRECTION('',(0.,0.,-1.));
#4424 = DIRECTION('',(1.1E-16,1.,0.));
#4425 = ORIENTED_EDGE('',*,*,#3744,.F.);
#4426 = ORIENTED_EDGE('',*,*,#3792,.T.);
#4427 = CYLINDRICAL_SURFACE('',#4428,3.);
#4428 = AXIS2_PLACEMENT_3D('',#4429,#4430,#4431);
#4429 = CARTESIAN_POINT('',(41.610589947643,-5.,5.));
#4430 = DIRECTION('',(0.,0.,1.));
#4431 = DIRECTION('',(1.1E-16,1.,0.));
#4432 = ADVANCED_FACE('',(#4433),#4461,.T.);
#4433 = FACE_BOUND('',#4434,.T.);
#4434 = EDGE_LOOP('',(#4435,#4436,#4437,#4443,#4444,#4445,#4446,#4453,
    #4454,#4460));
#4435 = ORIENTED_EDGE('',*,*,#4089,.F.);
#4436 = ORIENTED_EDGE('',*,*,#4153,.F.);
#4437 = ORIENTED_EDGE('',*,*,#4438,.T.);
#4438 = EDGE_CURVE('',#4146,#3843,#4439,.T.);
#4439 = LINE('',#4440,#4441);
#4440 = CARTESIAN_POINT('',(34.11,-1.,30.));
#4441 = VECTOR('',#4442,1.);
#4442 = DIRECTION('',(0.,-1.,0.));
#4443 = ORIENTED_EDGE('',*,*,#3850,.T.);
#4444 = ORIENTED_EDGE('',*,*,#4419,.F.);
#4445 = ORIENTED_EDGE('',*,*,#3752,.T.);
#4446 = ORIENTED_EDGE('',*,*,#4447,.T.);
#4447 = EDGE_CURVE('',#3753,#3899,#4448,.T.);
#4448 = CIRCLE('',#4449,3.);
#4449 = AXIS2_PLACEMENT_3D('',#4450,#4451,#4452);
#4450 = CARTESIAN_POINT('',(41.610589947643,125.,30.));
#4451 = DIRECTION('',(-0.,0.,1.));
#4452 = DIRECTION('',(1.1E-16,-1.,0.));
#4453 = ORIENTED_EDGE('',*,*,#3906,.T.);
#4454 = ORIENTED_EDGE('',*,*,#4455,.F.);
#4455 = EDGE_CURVE('',#4171,#3907,#4456,.T.);
#4456 = LINE('',#4457,#4458);
#4457 = CARTESIAN_POINT('',(12.11,121.,30.));
#4458 = VECTOR('',#4459,1.);
#4459 = DIRECTION('',(0.,1.,0.));
#4460 = ORIENTED_EDGE('',*,*,#4170,.F.);
#4461 = PLANE('',#4462);
#4462 = AXIS2_PLACEMENT_3D('',#4463,#4464,#4465);
#4463 = CARTESIAN_POINT('',(9.110589947643,60.,30.));
#4464 = DIRECTION('',(0.,0.,1.));
#4465 = DIRECTION('',(1.,0.,0.));
#4466 = ADVANCED_FACE('',(#4467),#4473,.T.);
#4467 = FACE_BOUND('',#4468,.T.);
#4468 = EDGE_LOOP('',(#4469,#4470,#4471,#4472));
#4469 = ORIENTED_EDGE('',*,*,#3898,.T.);
#4470 = ORIENTED_EDGE('',*,*,#4447,.F.);
#4471 = ORIENTED_EDGE('',*,*,#3760,.F.);
#4472 = ORIENTED_EDGE('',*,*,#3775,.T.);
#4473 = CYLINDRICAL_SURFACE('',#4474,3.);
#4474 = AXIS2_PLACEMENT_3D('',#4475,#4476,#4477);
#4475 = CARTESIAN_POINT('',(41.610589947643,125.,5.));
#4476 = DIRECTION('',(0.,0.,1.));
#4477 = DIRECTION('',(1.1E-16,-1.,0.));
#4478 = ADVANCED_FACE('',(#4479),#4490,.F.);
#4479 = FACE_BOUND('',#4480,.F.);
#4480 = EDGE_LOOP('',(#4481,#4487,#4488,#4489));
#4481 = ORIENTED_EDGE('',*,*,#4482,.F.);
#4482 = EDGE_CURVE('',#4138,#3835,#4483,.T.);
#4483 = LINE('',#4484,#4485);
#4484 = CARTESIAN_POINT('',(34.11,-1.,25.));
#4485 = VECTOR('',#4486,1.);
#4486 = DIRECTION('',(0.,-1.,0.));
#4487 = ORIENTED_EDGE('',*,*,#4145,.F.);
#4488 = ORIENTED_EDGE('',*,*,#4438,.T.);
#4489 = ORIENTED_EDGE('',*,*,#3842,.T.);
#4490 = PLANE('',#4491);
#4491 = AXIS2_PLACEMENT_3D('',#4492,#4493,#4494);
#4492 = CARTESIAN_POINT('',(34.11,-1.,25.));
#4493 = DIRECTION('',(1.,0.,0.));
#4494 = DIRECTION('',(0.,-1.,0.));
#4495 = ADVANCED_FACE('',(#4496),#4507,.T.);
#4496 = FACE_BOUND('',#4497,.T.);
#4497 = EDGE_LOOP('',(#4498,#4499,#4500,#4506));
#4498 = ORIENTED_EDGE('',*,*,#4482,.F.);
#4499 = ORIENTED_EDGE('',*,*,#4137,.F.);
#4500 = ORIENTED_EDGE('',*,*,#4501,.T.);
#4501 = EDGE_CURVE('',#4130,#3827,#4502,.T.);
#4502 = LINE('',#4503,#4504);
#4503 = CARTESIAN_POINT('',(15.11,-1.,25.));
#4504 = VECTOR('',#4505,1.);
#4505 = DIRECTION('',(0.,-1.,0.));
#4506 = ORIENTED_EDGE('',*,*,#3834,.T.);
#4507 = PLANE('',#4508);
#4508 = AXIS2_PLACEMENT_3D('',#4509,#4510,#4511);
#4509 = CARTESIAN_POINT('',(15.11,-1.,25.));
#4510 = DIRECTION('',(0.,0.,1.));
#4511 = DIRECTION('',(0.,-1.,0.));
#4512 = ADVANCED_FACE('',(#4513),#4524,.T.);
#4513 = FACE_BOUND('',#4514,.T.);
#4514 = EDGE_LOOP('',(#4515,#4516,#4517,#4523));
#4515 = ORIENTED_EDGE('',*,*,#4501,.F.);
#4516 = ORIENTED_EDGE('',*,*,#4129,.F.);
#4517 = ORIENTED_EDGE('',*,*,#4518,.T.);
#4518 = EDGE_CURVE('',#4122,#3819,#4519,.T.);
#4519 = LINE('',#4520,#4521);
#4520 = CARTESIAN_POINT('',(15.11,-1.,30.));
#4521 = VECTOR('',#4522,1.);
#4522 = DIRECTION('',(0.,-1.,0.));
#4523 = ORIENTED_EDGE('',*,*,#3826,.T.);
#4524 = PLANE('',#4525);
#4525 = AXIS2_PLACEMENT_3D('',#4526,#4527,#4528);
#4526 = CARTESIAN_POINT('',(15.11,-1.,25.));
#4527 = DIRECTION('',(1.,0.,0.));
#4528 = DIRECTION('',(0.,-1.,0.));
#4529 = ADVANCED_FACE('',(#4530),#4559,.T.);
#4530 = FACE_BOUND('',#4531,.T.);
#4531 = EDGE_LOOP('',(#4532,#4533,#4539,#4540,#4547,#4548,#4555,#4556,
    #4557,#4558));
#4532 = ORIENTED_EDGE('',*,*,#4187,.F.);
#4533 = ORIENTED_EDGE('',*,*,#4534,.F.);
#4534 = EDGE_CURVE('',#3915,#4179,#4535,.T.);
#4535 = LINE('',#4536,#4537);
#4536 = CARTESIAN_POINT('',(6.11,121.,30.));
#4537 = VECTOR('',#4538,1.);
#4538 = DIRECTION('',(-0.,-1.,0.));
#4539 = ORIENTED_EDGE('',*,*,#3923,.T.);
#4540 = ORIENTED_EDGE('',*,*,#4541,.T.);
#4541 = EDGE_CURVE('',#3890,#3964,#4542,.T.);
#4542 = CIRCLE('',#4543,3.);
#4543 = AXIS2_PLACEMENT_3D('',#4544,#4545,#4546);
#4544 = CARTESIAN_POINT('',(-23.38941005235,125.,30.));
#4545 = DIRECTION('',(0.,-0.,1.));
#4546 = DIRECTION('',(1.,1.1E-16,0.));
#4547 = ORIENTED_EDGE('',*,*,#3971,.T.);
#4548 = ORIENTED_EDGE('',*,*,#4549,.T.);
#4549 = EDGE_CURVE('',#3955,#3811,#4550,.T.);
#4550 = CIRCLE('',#4551,3.);
#4551 = AXIS2_PLACEMENT_3D('',#4552,#4553,#4554);
#4552 = CARTESIAN_POINT('',(-23.38941005235,-5.,30.));
#4553 = DIRECTION('',(0.,0.,1.));
#4554 = DIRECTION('',(-1.1E-16,1.,0.));
#4555 = ORIENTED_EDGE('',*,*,#3818,.T.);
#4556 = ORIENTED_EDGE('',*,*,#4518,.F.);
#4557 = ORIENTED_EDGE('',*,*,#4121,.F.);
#4558 = ORIENTED_EDGE('',*,*,#4210,.F.);
#4559 = PLANE('',#4560);
#4560 = AXIS2_PLACEMENT_3D('',#4561,#4562,#4563);
#4561 = CARTESIAN_POINT('',(9.110589947643,60.,30.));
#4562 = DIRECTION('',(0.,0.,1.));
#4563 = DIRECTION('',(1.,0.,0.));
#4564 = ADVANCED_FACE('',(#4565),#4571,.T.);
#4565 = FACE_BOUND('',#4566,.T.);
#4566 = EDGE_LOOP('',(#4567,#4568,#4569,#4570));
#4567 = ORIENTED_EDGE('',*,*,#3810,.T.);
#4568 = ORIENTED_EDGE('',*,*,#4549,.F.);
#4569 = ORIENTED_EDGE('',*,*,#3954,.F.);
#4570 = ORIENTED_EDGE('',*,*,#3872,.T.);
#4571 = CYLINDRICAL_SURFACE('',#4572,3.);
#4572 = AXIS2_PLACEMENT_3D('',#4573,#4574,#4575);
#4573 = CARTESIAN_POINT('',(-23.38941005235,-5.,5.));
#4574 = DIRECTION('',(0.,0.,1.));
#4575 = DIRECTION('',(-1.1E-16,1.,0.));
#4576 = ADVANCED_FACE('',(#4577),#4583,.T.);
#4577 = FACE_BOUND('',#4578,.T.);
#4578 = EDGE_LOOP('',(#4579,#4580,#4581,#4582));
#4579 = ORIENTED_EDGE('',*,*,#3963,.T.);
#4580 = ORIENTED_EDGE('',*,*,#4541,.F.);
#4581 = ORIENTED_EDGE('',*,*,#3889,.F.);
#4582 = ORIENTED_EDGE('',*,*,#3937,.T.);
#4583 = CYLINDRICAL_SURFACE('',#4584,3.);
#4584 = AXIS2_PLACEMENT_3D('',#4585,#4586,#4587);
#4585 = CARTESIAN_POINT('',(-23.38941005235,125.,5.));
#4586 = DIRECTION('',(0.,0.,1.));
#4587 = DIRECTION('',(1.,1.1E-16,0.));
#4588 = ADVANCED_FACE('',(#4589),#4595,.F.);
#4589 = FACE_BOUND('',#4590,.T.);
#4590 = EDGE_LOOP('',(#4591,#4592,#4593,#4594));
#4591 = ORIENTED_EDGE('',*,*,#4178,.T.);
#4592 = ORIENTED_EDGE('',*,*,#4455,.T.);
#4593 = ORIENTED_EDGE('',*,*,#3914,.F.);
#4594 = ORIENTED_EDGE('',*,*,#4534,.T.);
#4595 = CYLINDRICAL_SURFACE('',#4596,3.);
#4596 = AXIS2_PLACEMENT_3D('',#4597,#4598,#4599);
#4597 = CARTESIAN_POINT('',(9.11,121.,30.));
#4598 = DIRECTION('',(-0.,-1.,0.));
#4599 = DIRECTION('',(1.,0.,0.));
#4600 = ADVANCED_FACE('',(#4601),#4607,.T.);
#4601 = FACE_BOUND('',#4602,.T.);
#4602 = EDGE_LOOP('',(#4603,#4604,#4605,#4606));
#4603 = ORIENTED_EDGE('',*,*,#4234,.T.);
#4604 = ORIENTED_EDGE('',*,*,#4282,.T.);
#4605 = ORIENTED_EDGE('',*,*,#4306,.T.);
#4606 = ORIENTED_EDGE('',*,*,#4265,.T.);
#4607 = PLANE('',#4608);
#4608 = AXIS2_PLACEMENT_3D('',#4609,#4610,#4611);
#4609 = CARTESIAN_POINT('',(9.326882726734,29.054677808695,30.));
#4610 = DIRECTION('',(0.,0.,1.));
#4611 = DIRECTION('',(1.,0.,0.));
#4612 = ADVANCED_FACE('',(#4613),#4619,.T.);
#4613 = FACE_BOUND('',#4614,.T.);
#4614 = EDGE_LOOP('',(#4615,#4616,#4617,#4618));
#4615 = ORIENTED_EDGE('',*,*,#4330,.T.);
#4616 = ORIENTED_EDGE('',*,*,#4378,.T.);
#4617 = ORIENTED_EDGE('',*,*,#4402,.T.);
#4618 = ORIENTED_EDGE('',*,*,#4361,.T.);
#4619 = PLANE('',#4620);
#4620 = AXIS2_PLACEMENT_3D('',#4621,#4622,#4623);
#4621 = CARTESIAN_POINT('',(9.326882726734,29.054677808695,30.));
#4622 = DIRECTION('',(0.,0.,1.));
#4623 = DIRECTION('',(1.,0.,0.));
#4624 = ( GEOMETRIC_REPRESENTATION_CONTEXT(3) 
GLOBAL_UNCERTAINTY_ASSIGNED_CONTEXT((#4628)) 
GLOBAL_UNIT_ASSIGNED_CONTEXT((#4625,#4626,#4627)) REPRESENTATION_CONTEXT
('Context #1','3D Context with UNIT and UNCERTAINTY') );
#4625 = ( LENGTH_UNIT() NAMED_UNIT(*) SI_UNIT(.MILLI.,.METRE.) );
#4626 = ( NAMED_UNIT(*) PLANE_ANGLE_UNIT() SI_UNIT($,.RADIAN.) );
#4627 = ( NAMED_UNIT(*) SI_UNIT($,.STERADIAN.) SOLID_ANGLE_UNIT() );
#4628 = UNCERTAINTY_MEASURE_WITH_UNIT(LENGTH_MEASURE(2.E-05),#4625,
  'distance_accuracy_value','confusion accuracy');
#4629 = CONTEXT_DEPENDENT_SHAPE_REPRESENTATION(#4630,#4632);
#4630 = ( REPRESENTATION_RELATIONSHIP('','',#2343,#10) 
REPRESENTATION_RELATIONSHIP_WITH_TRANSFORMATION(#4631) 
SHAPE_REPRESENTATION_RELATIONSHIP() );
#4631 = ITEM_DEFINED_TRANSFORMATION('','',#11,#19);
#4632 = PRODUCT_DEFINITION_SHAPE('Placement','Placement of an item',
  #4633);
#4633 = NEXT_ASSEMBLY_USAGE_OCCURRENCE('13','Fillet009','',#5,#2338,$);
#4634 = PRODUCT_RELATED_PRODUCT_CATEGORY('part',$,(#2340));
#4635 = SHAPE_DEFINITION_REPRESENTATION(#4636,#4642);
#4636 = PRODUCT_DEFINITION_SHAPE('','',#4637);
#4637 = PRODUCT_DEFINITION('design','',#4638,#4641);
#4638 = PRODUCT_DEFINITION_FORMATION('','',#4639);
#4639 = PRODUCT('Body002','Body002','',(#4640));
#4640 = PRODUCT_CONTEXT('',#2,'mechanical');
#4641 = PRODUCT_DEFINITION_CONTEXT('part definition',#2,'design');
#4642 = SHAPE_REPRESENTATION('',(#11,#4643,#4793,#4943,#5093),#5243);
#4643 = MANIFOLD_SOLID_BREP('',#4644);
#4644 = CLOSED_SHELL('',(#4645,#4685,#4725,#4747,#4769,#4781));
#4645 = ADVANCED_FACE('',(#4646),#4680,.F.);
#4646 = FACE_BOUND('',#4647,.F.);
#4647 = EDGE_LOOP('',(#4648,#4658,#4666,#4674));
#4648 = ORIENTED_EDGE('',*,*,#4649,.F.);
#4649 = EDGE_CURVE('',#4650,#4652,#4654,.T.);
#4650 = VERTEX_POINT('',#4651);
#4651 = CARTESIAN_POINT('',(32.,-13.34,25.));
#4652 = VERTEX_POINT('',#4653);
#4653 = CARTESIAN_POINT('',(32.,-13.34,35.));
#4654 = LINE('',#4655,#4656);
#4655 = CARTESIAN_POINT('',(32.,-13.34,25.));
#4656 = VECTOR('',#4657,1.);
#4657 = DIRECTION('',(0.,0.,1.));
#4658 = ORIENTED_EDGE('',*,*,#4659,.T.);
#4659 = EDGE_CURVE('',#4650,#4660,#4662,.T.);
#4660 = VERTEX_POINT('',#4661);
#4661 = CARTESIAN_POINT('',(32.,-3.34,25.));
#4662 = LINE('',#4663,#4664);
#4663 = CARTESIAN_POINT('',(32.,-13.34,25.));
#4664 = VECTOR('',#4665,1.);
#4665 = DIRECTION('',(0.,1.,0.));
#4666 = ORIENTED_EDGE('',*,*,#4667,.T.);
#4667 = EDGE_CURVE('',#4660,#4668,#4670,.T.);
#4668 = VERTEX_POINT('',#4669);
#4669 = CARTESIAN_POINT('',(32.,-3.34,35.));
#4670 = LINE('',#4671,#4672);
#4671 = CARTESIAN_POINT('',(32.,-3.34,25.));
#4672 = VECTOR('',#4673,1.);
#4673 = DIRECTION('',(0.,0.,1.));
#4674 = ORIENTED_EDGE('',*,*,#4675,.F.);
#4675 = EDGE_CURVE('',#4652,#4668,#4676,.T.);
#4676 = LINE('',#4677,#4678);
#4677 = CARTESIAN_POINT('',(32.,-13.34,35.));
#4678 = VECTOR('',#4679,1.);
#4679 = DIRECTION('',(0.,1.,0.));
#4680 = PLANE('',#4681);
#4681 = AXIS2_PLACEMENT_3D('',#4682,#4683,#4684);
#4682 = CARTESIAN_POINT('',(32.,-13.34,25.));
#4683 = DIRECTION('',(1.,0.,0.));
#4684 = DIRECTION('',(0.,0.,1.));
#4685 = ADVANCED_FACE('',(#4686),#4720,.T.);
#4686 = FACE_BOUND('',#4687,.T.);
#4687 = EDGE_LOOP('',(#4688,#4698,#4706,#4714));
#4688 = ORIENTED_EDGE('',*,*,#4689,.F.);
#4689 = EDGE_CURVE('',#4690,#4692,#4694,.T.);
#4690 = VERTEX_POINT('',#4691);
#4691 = CARTESIAN_POINT('',(35.49,-13.34,25.));
#4692 = VERTEX_POINT('',#4693);
#4693 = CARTESIAN_POINT('',(35.49,-13.34,35.));
#4694 = LINE('',#4695,#4696);
#4695 = CARTESIAN_POINT('',(35.49,-13.34,25.));
#4696 = VECTOR('',#4697,1.);
#4697 = DIRECTION('',(0.,0.,1.));
#4698 = ORIENTED_EDGE('',*,*,#4699,.T.);
#4699 = EDGE_CURVE('',#4690,#4700,#4702,.T.);
#4700 = VERTEX_POINT('',#4701);
#4701 = CARTESIAN_POINT('',(35.49,-3.34,25.));
#4702 = LINE('',#4703,#4704);
#4703 = CARTESIAN_POINT('',(35.49,-13.34,25.));
#4704 = VECTOR('',#4705,1.);
#4705 = DIRECTION('',(0.,1.,0.));
#4706 = ORIENTED_EDGE('',*,*,#4707,.T.);
#4707 = EDGE_CURVE('',#4700,#4708,#4710,.T.);
#4708 = VERTEX_POINT('',#4709);
#4709 = CARTESIAN_POINT('',(35.49,-3.34,35.));
#4710 = LINE('',#4711,#4712);
#4711 = CARTESIAN_POINT('',(35.49,-3.34,25.));
#4712 = VECTOR('',#4713,1.);
#4713 = DIRECTION('',(0.,0.,1.));
#4714 = ORIENTED_EDGE('',*,*,#4715,.F.);
#4715 = EDGE_CURVE('',#4692,#4708,#4716,.T.);
#4716 = LINE('',#4717,#4718);
#4717 = CARTESIAN_POINT('',(35.49,-13.34,35.));
#4718 = VECTOR('',#4719,1.);
#4719 = DIRECTION('',(0.,1.,0.));
#4720 = PLANE('',#4721);
#4721 = AXIS2_PLACEMENT_3D('',#4722,#4723,#4724);
#4722 = CARTESIAN_POINT('',(35.49,-13.34,25.));
#4723 = DIRECTION('',(1.,0.,0.));
#4724 = DIRECTION('',(0.,0.,1.));
#4725 = ADVANCED_FACE('',(#4726),#4742,.F.);
#4726 = FACE_BOUND('',#4727,.F.);
#4727 = EDGE_LOOP('',(#4728,#4734,#4735,#4741));
#4728 = ORIENTED_EDGE('',*,*,#4729,.F.);
#4729 = EDGE_CURVE('',#4650,#4690,#4730,.T.);
#4730 = LINE('',#4731,#4732);
#4731 = CARTESIAN_POINT('',(32.,-13.34,25.));
#4732 = VECTOR('',#4733,1.);
#4733 = DIRECTION('',(1.,0.,0.));
#4734 = ORIENTED_EDGE('',*,*,#4649,.T.);
#4735 = ORIENTED_EDGE('',*,*,#4736,.T.);
#4736 = EDGE_CURVE('',#4652,#4692,#4737,.T.);
#4737 = LINE('',#4738,#4739);
#4738 = CARTESIAN_POINT('',(32.,-13.34,35.));
#4739 = VECTOR('',#4740,1.);
#4740 = DIRECTION('',(1.,0.,0.));
#4741 = ORIENTED_EDGE('',*,*,#4689,.F.);
#4742 = PLANE('',#4743);
#4743 = AXIS2_PLACEMENT_3D('',#4744,#4745,#4746);
#4744 = CARTESIAN_POINT('',(32.,-13.34,25.));
#4745 = DIRECTION('',(0.,1.,0.));
#4746 = DIRECTION('',(0.,0.,1.));
#4747 = ADVANCED_FACE('',(#4748),#4764,.T.);
#4748 = FACE_BOUND('',#4749,.T.);
#4749 = EDGE_LOOP('',(#4750,#4756,#4757,#4763));
#4750 = ORIENTED_EDGE('',*,*,#4751,.F.);
#4751 = EDGE_CURVE('',#4660,#4700,#4752,.T.);
#4752 = LINE('',#4753,#4754);
#4753 = CARTESIAN_POINT('',(32.,-3.34,25.));
#4754 = VECTOR('',#4755,1.);
#4755 = DIRECTION('',(1.,0.,0.));
#4756 = ORIENTED_EDGE('',*,*,#4667,.T.);
#4757 = ORIENTED_EDGE('',*,*,#4758,.T.);
#4758 = EDGE_CURVE('',#4668,#4708,#4759,.T.);
#4759 = LINE('',#4760,#4761);
#4760 = CARTESIAN_POINT('',(32.,-3.34,35.));
#4761 = VECTOR('',#4762,1.);
#4762 = DIRECTION('',(1.,0.,0.));
#4763 = ORIENTED_EDGE('',*,*,#4707,.F.);
#4764 = PLANE('',#4765);
#4765 = AXIS2_PLACEMENT_3D('',#4766,#4767,#4768);
#4766 = CARTESIAN_POINT('',(32.,-3.34,25.));
#4767 = DIRECTION('',(0.,1.,0.));
#4768 = DIRECTION('',(0.,0.,1.));
#4769 = ADVANCED_FACE('',(#4770),#4776,.F.);
#4770 = FACE_BOUND('',#4771,.F.);
#4771 = EDGE_LOOP('',(#4772,#4773,#4774,#4775));
#4772 = ORIENTED_EDGE('',*,*,#4659,.F.);
#4773 = ORIENTED_EDGE('',*,*,#4729,.T.);
#4774 = ORIENTED_EDGE('',*,*,#4699,.T.);
#4775 = ORIENTED_EDGE('',*,*,#4751,.F.);
#4776 = PLANE('',#4777);
#4777 = AXIS2_PLACEMENT_3D('',#4778,#4779,#4780);
#4778 = CARTESIAN_POINT('',(32.,-13.34,25.));
#4779 = DIRECTION('',(0.,0.,1.));
#4780 = DIRECTION('',(1.,0.,0.));
#4781 = ADVANCED_FACE('',(#4782),#4788,.T.);
#4782 = FACE_BOUND('',#4783,.T.);
#4783 = EDGE_LOOP('',(#4784,#4785,#4786,#4787));
#4784 = ORIENTED_EDGE('',*,*,#4675,.F.);
#4785 = ORIENTED_EDGE('',*,*,#4736,.T.);
#4786 = ORIENTED_EDGE('',*,*,#4715,.T.);
#4787 = ORIENTED_EDGE('',*,*,#4758,.F.);
#4788 = PLANE('',#4789);
#4789 = AXIS2_PLACEMENT_3D('',#4790,#4791,#4792);
#4790 = CARTESIAN_POINT('',(32.,-13.34,35.));
#4791 = DIRECTION('',(0.,0.,1.));
#4792 = DIRECTION('',(1.,0.,0.));
#4793 = MANIFOLD_SOLID_BREP('',#4794);
#4794 = CLOSED_SHELL('',(#4795,#4835,#4875,#4897,#4919,#4931));
#4795 = ADVANCED_FACE('',(#4796),#4830,.F.);
#4796 = FACE_BOUND('',#4797,.F.);
#4797 = EDGE_LOOP('',(#4798,#4808,#4816,#4824));
#4798 = ORIENTED_EDGE('',*,*,#4799,.F.);
#4799 = EDGE_CURVE('',#4800,#4802,#4804,.T.);
#4800 = VERTEX_POINT('',#4801);
#4801 = CARTESIAN_POINT('',(-29.,-42.34,25.));
#4802 = VERTEX_POINT('',#4803);
#4803 = CARTESIAN_POINT('',(-29.,-42.34,34.));
#4804 = LINE('',#4805,#4806);
#4805 = CARTESIAN_POINT('',(-29.,-42.34,25.));
#4806 = VECTOR('',#4807,1.);
#4807 = DIRECTION('',(0.,0.,1.));
#4808 = ORIENTED_EDGE('',*,*,#4809,.T.);
#4809 = EDGE_CURVE('',#4800,#4810,#4812,.T.);
#4810 = VERTEX_POINT('',#4811);
#4811 = CARTESIAN_POINT('',(-29.,-32.34,25.));
#4812 = LINE('',#4813,#4814);
#4813 = CARTESIAN_POINT('',(-29.,-42.34,25.));
#4814 = VECTOR('',#4815,1.);
#4815 = DIRECTION('',(0.,1.,0.));
#4816 = ORIENTED_EDGE('',*,*,#4817,.T.);
#4817 = EDGE_CURVE('',#4810,#4818,#4820,.T.);
#4818 = VERTEX_POINT('',#4819);
#4819 = CARTESIAN_POINT('',(-29.,-32.34,34.));
#4820 = LINE('',#4821,#4822);
#4821 = CARTESIAN_POINT('',(-29.,-32.34,25.));
#4822 = VECTOR('',#4823,1.);
#4823 = DIRECTION('',(0.,0.,1.));
#4824 = ORIENTED_EDGE('',*,*,#4825,.F.);
#4825 = EDGE_CURVE('',#4802,#4818,#4826,.T.);
#4826 = LINE('',#4827,#4828);
#4827 = CARTESIAN_POINT('',(-29.,-42.34,34.));
#4828 = VECTOR('',#4829,1.);
#4829 = DIRECTION('',(0.,1.,0.));
#4830 = PLANE('',#4831);
#4831 = AXIS2_PLACEMENT_3D('',#4832,#4833,#4834);
#4832 = CARTESIAN_POINT('',(-29.,-42.34,25.));
#4833 = DIRECTION('',(1.,0.,0.));
#4834 = DIRECTION('',(0.,0.,1.));
#4835 = ADVANCED_FACE('',(#4836),#4870,.T.);
#4836 = FACE_BOUND('',#4837,.T.);
#4837 = EDGE_LOOP('',(#4838,#4848,#4856,#4864));
#4838 = ORIENTED_EDGE('',*,*,#4839,.F.);
#4839 = EDGE_CURVE('',#4840,#4842,#4844,.T.);
#4840 = VERTEX_POINT('',#4841);
#4841 = CARTESIAN_POINT('',(-25.,-42.34,25.));
#4842 = VERTEX_POINT('',#4843);
#4843 = CARTESIAN_POINT('',(-25.,-42.34,34.));
#4844 = LINE('',#4845,#4846);
#4845 = CARTESIAN_POINT('',(-25.,-42.34,25.));
#4846 = VECTOR('',#4847,1.);
#4847 = DIRECTION('',(0.,0.,1.));
#4848 = ORIENTED_EDGE('',*,*,#4849,.T.);
#4849 = EDGE_CURVE('',#4840,#4850,#4852,.T.);
#4850 = VERTEX_POINT('',#4851);
#4851 = CARTESIAN_POINT('',(-25.,-32.34,25.));
#4852 = LINE('',#4853,#4854);
#4853 = CARTESIAN_POINT('',(-25.,-42.34,25.));
#4854 = VECTOR('',#4855,1.);
#4855 = DIRECTION('',(0.,1.,0.));
#4856 = ORIENTED_EDGE('',*,*,#4857,.T.);
#4857 = EDGE_CURVE('',#4850,#4858,#4860,.T.);
#4858 = VERTEX_POINT('',#4859);
#4859 = CARTESIAN_POINT('',(-25.,-32.34,34.));
#4860 = LINE('',#4861,#4862);
#4861 = CARTESIAN_POINT('',(-25.,-32.34,25.));
#4862 = VECTOR('',#4863,1.);
#4863 = DIRECTION('',(0.,0.,1.));
#4864 = ORIENTED_EDGE('',*,*,#4865,.F.);
#4865 = EDGE_CURVE('',#4842,#4858,#4866,.T.);
#4866 = LINE('',#4867,#4868);
#4867 = CARTESIAN_POINT('',(-25.,-42.34,34.));
#4868 = VECTOR('',#4869,1.);
#4869 = DIRECTION('',(0.,1.,0.));
#4870 = PLANE('',#4871);
#4871 = AXIS2_PLACEMENT_3D('',#4872,#4873,#4874);
#4872 = CARTESIAN_POINT('',(-25.,-42.34,25.));
#4873 = DIRECTION('',(1.,0.,0.));
#4874 = DIRECTION('',(0.,0.,1.));
#4875 = ADVANCED_FACE('',(#4876),#4892,.F.);
#4876 = FACE_BOUND('',#4877,.F.);
#4877 = EDGE_LOOP('',(#4878,#4884,#4885,#4891));
#4878 = ORIENTED_EDGE('',*,*,#4879,.F.);
#4879 = EDGE_CURVE('',#4800,#4840,#4880,.T.);
#4880 = LINE('',#4881,#4882);
#4881 = CARTESIAN_POINT('',(-29.,-42.34,25.));
#4882 = VECTOR('',#4883,1.);
#4883 = DIRECTION('',(1.,0.,0.));
#4884 = ORIENTED_EDGE('',*,*,#4799,.T.);
#4885 = ORIENTED_EDGE('',*,*,#4886,.T.);
#4886 = EDGE_CURVE('',#4802,#4842,#4887,.T.);
#4887 = LINE('',#4888,#4889);
#4888 = CARTESIAN_POINT('',(-29.,-42.34,34.));
#4889 = VECTOR('',#4890,1.);
#4890 = DIRECTION('',(1.,0.,0.));
#4891 = ORIENTED_EDGE('',*,*,#4839,.F.);
#4892 = PLANE('',#4893);
#4893 = AXIS2_PLACEMENT_3D('',#4894,#4895,#4896);
#4894 = CARTESIAN_POINT('',(-29.,-42.34,25.));
#4895 = DIRECTION('',(0.,1.,0.));
#4896 = DIRECTION('',(0.,0.,1.));
#4897 = ADVANCED_FACE('',(#4898),#4914,.T.);
#4898 = FACE_BOUND('',#4899,.T.);
#4899 = EDGE_LOOP('',(#4900,#4906,#4907,#4913));
#4900 = ORIENTED_EDGE('',*,*,#4901,.F.);
#4901 = EDGE_CURVE('',#4810,#4850,#4902,.T.);
#4902 = LINE('',#4903,#4904);
#4903 = CARTESIAN_POINT('',(-29.,-32.34,25.));
#4904 = VECTOR('',#4905,1.);
#4905 = DIRECTION('',(1.,0.,0.));
#4906 = ORIENTED_EDGE('',*,*,#4817,.T.);
#4907 = ORIENTED_EDGE('',*,*,#4908,.T.);
#4908 = EDGE_CURVE('',#4818,#4858,#4909,.T.);
#4909 = LINE('',#4910,#4911);
#4910 = CARTESIAN_POINT('',(-29.,-32.34,34.));
#4911 = VECTOR('',#4912,1.);
#4912 = DIRECTION('',(1.,0.,0.));
#4913 = ORIENTED_EDGE('',*,*,#4857,.F.);
#4914 = PLANE('',#4915);
#4915 = AXIS2_PLACEMENT_3D('',#4916,#4917,#4918);
#4916 = CARTESIAN_POINT('',(-29.,-32.34,25.));
#4917 = DIRECTION('',(0.,1.,0.));
#4918 = DIRECTION('',(0.,0.,1.));
#4919 = ADVANCED_FACE('',(#4920),#4926,.F.);
#4920 = FACE_BOUND('',#4921,.F.);
#4921 = EDGE_LOOP('',(#4922,#4923,#4924,#4925));
#4922 = ORIENTED_EDGE('',*,*,#4809,.F.);
#4923 = ORIENTED_EDGE('',*,*,#4879,.T.);
#4924 = ORIENTED_EDGE('',*,*,#4849,.T.);
#4925 = ORIENTED_EDGE('',*,*,#4901,.F.);
#4926 = PLANE('',#4927);
#4927 = AXIS2_PLACEMENT_3D('',#4928,#4929,#4930);
#4928 = CARTESIAN_POINT('',(-29.,-42.34,25.));
#4929 = DIRECTION('',(0.,0.,1.));
#4930 = DIRECTION('',(1.,0.,0.));
#4931 = ADVANCED_FACE('',(#4932),#4938,.T.);
#4932 = FACE_BOUND('',#4933,.T.);
#4933 = EDGE_LOOP('',(#4934,#4935,#4936,#4937));
#4934 = ORIENTED_EDGE('',*,*,#4825,.F.);
#4935 = ORIENTED_EDGE('',*,*,#4886,.T.);
#4936 = ORIENTED_EDGE('',*,*,#4865,.T.);
#4937 = ORIENTED_EDGE('',*,*,#4908,.F.);
#4938 = PLANE('',#4939);
#4939 = AXIS2_PLACEMENT_3D('',#4940,#4941,#4942);
#4940 = CARTESIAN_POINT('',(-29.,-42.34,34.));
#4941 = DIRECTION('',(0.,0.,1.));
#4942 = DIRECTION('',(1.,0.,0.));
#4943 = MANIFOLD_SOLID_BREP('',#4944);
#4944 = CLOSED_SHELL('',(#4945,#4985,#5025,#5047,#5069,#5081));
#4945 = ADVANCED_FACE('',(#4946),#4980,.F.);
#4946 = FACE_BOUND('',#4947,.F.);
#4947 = EDGE_LOOP('',(#4948,#4958,#4966,#4974));
#4948 = ORIENTED_EDGE('',*,*,#4949,.F.);
#4949 = EDGE_CURVE('',#4950,#4952,#4954,.T.);
#4950 = VERTEX_POINT('',#4951);
#4951 = CARTESIAN_POINT('',(-29.,-13.34,25.));
#4952 = VERTEX_POINT('',#4953);
#4953 = CARTESIAN_POINT('',(-29.,-13.34,35.));
#4954 = LINE('',#4955,#4956);
#4955 = CARTESIAN_POINT('',(-29.,-13.34,25.));
#4956 = VECTOR('',#4957,1.);
#4957 = DIRECTION('',(0.,0.,1.));
#4958 = ORIENTED_EDGE('',*,*,#4959,.T.);
#4959 = EDGE_CURVE('',#4950,#4960,#4962,.T.);
#4960 = VERTEX_POINT('',#4961);
#4961 = CARTESIAN_POINT('',(-29.,-3.34,25.));
#4962 = LINE('',#4963,#4964);
#4963 = CARTESIAN_POINT('',(-29.,-13.34,25.));
#4964 = VECTOR('',#4965,1.);
#4965 = DIRECTION('',(0.,1.,0.));
#4966 = ORIENTED_EDGE('',*,*,#4967,.T.);
#4967 = EDGE_CURVE('',#4960,#4968,#4970,.T.);
#4968 = VERTEX_POINT('',#4969);
#4969 = CARTESIAN_POINT('',(-29.,-3.34,35.));
#4970 = LINE('',#4971,#4972);
#4971 = CARTESIAN_POINT('',(-29.,-3.34,25.));
#4972 = VECTOR('',#4973,1.);
#4973 = DIRECTION('',(0.,0.,1.));
#4974 = ORIENTED_EDGE('',*,*,#4975,.F.);
#4975 = EDGE_CURVE('',#4952,#4968,#4976,.T.);
#4976 = LINE('',#4977,#4978);
#4977 = CARTESIAN_POINT('',(-29.,-13.34,35.));
#4978 = VECTOR('',#4979,1.);
#4979 = DIRECTION('',(0.,1.,0.));
#4980 = PLANE('',#4981);
#4981 = AXIS2_PLACEMENT_3D('',#4982,#4983,#4984);
#4982 = CARTESIAN_POINT('',(-29.,-13.34,25.));
#4983 = DIRECTION('',(1.,0.,0.));
#4984 = DIRECTION('',(0.,0.,1.));
#4985 = ADVANCED_FACE('',(#4986),#5020,.T.);
#4986 = FACE_BOUND('',#4987,.T.);
#4987 = EDGE_LOOP('',(#4988,#4998,#5006,#5014));
#4988 = ORIENTED_EDGE('',*,*,#4989,.F.);
#4989 = EDGE_CURVE('',#4990,#4992,#4994,.T.);
#4990 = VERTEX_POINT('',#4991);
#4991 = CARTESIAN_POINT('',(-25.,-13.34,25.));
#4992 = VERTEX_POINT('',#4993);
#4993 = CARTESIAN_POINT('',(-25.,-13.34,35.));
#4994 = LINE('',#4995,#4996);
#4995 = CARTESIAN_POINT('',(-25.,-13.34,25.));
#4996 = VECTOR('',#4997,1.);
#4997 = DIRECTION('',(0.,0.,1.));
#4998 = ORIENTED_EDGE('',*,*,#4999,.T.);
#4999 = EDGE_CURVE('',#4990,#5000,#5002,.T.);
#5000 = VERTEX_POINT('',#5001);
#5001 = CARTESIAN_POINT('',(-25.,-3.34,25.));
#5002 = LINE('',#5003,#5004);
#5003 = CARTESIAN_POINT('',(-25.,-13.34,25.));
#5004 = VECTOR('',#5005,1.);
#5005 = DIRECTION('',(0.,1.,0.));
#5006 = ORIENTED_EDGE('',*,*,#5007,.T.);
#5007 = EDGE_CURVE('',#5000,#5008,#5010,.T.);
#5008 = VERTEX_POINT('',#5009);
#5009 = CARTESIAN_POINT('',(-25.,-3.34,35.));
#5010 = LINE('',#5011,#5012);
#5011 = CARTESIAN_POINT('',(-25.,-3.34,25.));
#5012 = VECTOR('',#5013,1.);
#5013 = DIRECTION('',(0.,0.,1.));
#5014 = ORIENTED_EDGE('',*,*,#5015,.F.);
#5015 = EDGE_CURVE('',#4992,#5008,#5016,.T.);
#5016 = LINE('',#5017,#5018);
#5017 = CARTESIAN_POINT('',(-25.,-13.34,35.));
#5018 = VECTOR('',#5019,1.);
#5019 = DIRECTION('',(0.,1.,0.));
#5020 = PLANE('',#5021);
#5021 = AXIS2_PLACEMENT_3D('',#5022,#5023,#5024);
#5022 = CARTESIAN_POINT('',(-25.,-13.34,25.));
#5023 = DIRECTION('',(1.,0.,0.));
#5024 = DIRECTION('',(0.,0.,1.));
#5025 = ADVANCED_FACE('',(#5026),#5042,.F.);
#5026 = FACE_BOUND('',#5027,.F.);
#5027 = EDGE_LOOP('',(#5028,#5034,#5035,#5041));
#5028 = ORIENTED_EDGE('',*,*,#5029,.F.);
#5029 = EDGE_CURVE('',#4950,#4990,#5030,.T.);
#5030 = LINE('',#5031,#5032);
#5031 = CARTESIAN_POINT('',(-29.,-13.34,25.));
#5032 = VECTOR('',#5033,1.);
#5033 = DIRECTION('',(1.,0.,0.));
#5034 = ORIENTED_EDGE('',*,*,#4949,.T.);
#5035 = ORIENTED_EDGE('',*,*,#5036,.T.);
#5036 = EDGE_CURVE('',#4952,#4992,#5037,.T.);
#5037 = LINE('',#5038,#5039);
#5038 = CARTESIAN_POINT('',(-29.,-13.34,35.));
#5039 = VECTOR('',#5040,1.);
#5040 = DIRECTION('',(1.,0.,0.));
#5041 = ORIENTED_EDGE('',*,*,#4989,.F.);
#5042 = PLANE('',#5043);
#5043 = AXIS2_PLACEMENT_3D('',#5044,#5045,#5046);
#5044 = CARTESIAN_POINT('',(-29.,-13.34,25.));
#5045 = DIRECTION('',(0.,1.,0.));
#5046 = DIRECTION('',(0.,0.,1.));
#5047 = ADVANCED_FACE('',(#5048),#5064,.T.);
#5048 = FACE_BOUND('',#5049,.T.);
#5049 = EDGE_LOOP('',(#5050,#5056,#5057,#5063));
#5050 = ORIENTED_EDGE('',*,*,#5051,.F.);
#5051 = EDGE_CURVE('',#4960,#5000,#5052,.T.);
#5052 = LINE('',#5053,#5054);
#5053 = CARTESIAN_POINT('',(-29.,-3.34,25.));
#5054 = VECTOR('',#5055,1.);
#5055 = DIRECTION('',(1.,0.,0.));
#5056 = ORIENTED_EDGE('',*,*,#4967,.T.);
#5057 = ORIENTED_EDGE('',*,*,#5058,.T.);
#5058 = EDGE_CURVE('',#4968,#5008,#5059,.T.);
#5059 = LINE('',#5060,#5061);
#5060 = CARTESIAN_POINT('',(-29.,-3.34,35.));
#5061 = VECTOR('',#5062,1.);
#5062 = DIRECTION('',(1.,0.,0.));
#5063 = ORIENTED_EDGE('',*,*,#5007,.F.);
#5064 = PLANE('',#5065);
#5065 = AXIS2_PLACEMENT_3D('',#5066,#5067,#5068);
#5066 = CARTESIAN_POINT('',(-29.,-3.34,25.));
#5067 = DIRECTION('',(0.,1.,0.));
#5068 = DIRECTION('',(0.,0.,1.));
#5069 = ADVANCED_FACE('',(#5070),#5076,.F.);
#5070 = FACE_BOUND('',#5071,.F.);
#5071 = EDGE_LOOP('',(#5072,#5073,#5074,#5075));
#5072 = ORIENTED_EDGE('',*,*,#4959,.F.);
#5073 = ORIENTED_EDGE('',*,*,#5029,.T.);
#5074 = ORIENTED_EDGE('',*,*,#4999,.T.);
#5075 = ORIENTED_EDGE('',*,*,#5051,.F.);
#5076 = PLANE('',#5077);
#5077 = AXIS2_PLACEMENT_3D('',#5078,#5079,#5080);
#5078 = CARTESIAN_POINT('',(-29.,-13.34,25.));
#5079 = DIRECTION('',(0.,0.,1.));
#5080 = DIRECTION('',(1.,0.,0.));
#5081 = ADVANCED_FACE('',(#5082),#5088,.T.);
#5082 = FACE_BOUND('',#5083,.T.);
#5083 = EDGE_LOOP('',(#5084,#5085,#5086,#5087));
#5084 = ORIENTED_EDGE('',*,*,#4975,.F.);
#5085 = ORIENTED_EDGE('',*,*,#5036,.T.);
#5086 = ORIENTED_EDGE('',*,*,#5015,.T.);
#5087 = ORIENTED_EDGE('',*,*,#5058,.F.);
#5088 = PLANE('',#5089);
#5089 = AXIS2_PLACEMENT_3D('',#5090,#5091,#5092);
#5090 = CARTESIAN_POINT('',(-29.,-13.34,35.));
#5091 = DIRECTION('',(0.,0.,1.));
#5092 = DIRECTION('',(1.,0.,0.));
#5093 = MANIFOLD_SOLID_BREP('',#5094);
#5094 = CLOSED_SHELL('',(#5095,#5135,#5175,#5197,#5219,#5231));
#5095 = ADVANCED_FACE('',(#5096),#5130,.F.);
#5096 = FACE_BOUND('',#5097,.F.);
#5097 = EDGE_LOOP('',(#5098,#5108,#5116,#5124));
#5098 = ORIENTED_EDGE('',*,*,#5099,.F.);
#5099 = EDGE_CURVE('',#5100,#5102,#5104,.T.);
#5100 = VERTEX_POINT('',#5101);
#5101 = CARTESIAN_POINT('',(32.,-42.34,25.));
#5102 = VERTEX_POINT('',#5103);
#5103 = CARTESIAN_POINT('',(32.,-42.34,35.));
#5104 = LINE('',#5105,#5106);
#5105 = CARTESIAN_POINT('',(32.,-42.34,25.));
#5106 = VECTOR('',#5107,1.);
#5107 = DIRECTION('',(0.,0.,1.));
#5108 = ORIENTED_EDGE('',*,*,#5109,.T.);
#5109 = EDGE_CURVE('',#5100,#5110,#5112,.T.);
#5110 = VERTEX_POINT('',#5111);
#5111 = CARTESIAN_POINT('',(32.,-32.34,25.));
#5112 = LINE('',#5113,#5114);
#5113 = CARTESIAN_POINT('',(32.,-42.34,25.));
#5114 = VECTOR('',#5115,1.);
#5115 = DIRECTION('',(0.,1.,0.));
#5116 = ORIENTED_EDGE('',*,*,#5117,.T.);
#5117 = EDGE_CURVE('',#5110,#5118,#5120,.T.);
#5118 = VERTEX_POINT('',#5119);
#5119 = CARTESIAN_POINT('',(32.,-32.34,35.));
#5120 = LINE('',#5121,#5122);
#5121 = CARTESIAN_POINT('',(32.,-32.34,25.));
#5122 = VECTOR('',#5123,1.);
#5123 = DIRECTION('',(0.,0.,1.));
#5124 = ORIENTED_EDGE('',*,*,#5125,.F.);
#5125 = EDGE_CURVE('',#5102,#5118,#5126,.T.);
#5126 = LINE('',#5127,#5128);
#5127 = CARTESIAN_POINT('',(32.,-42.34,35.));
#5128 = VECTOR('',#5129,1.);
#5129 = DIRECTION('',(0.,1.,0.));
#5130 = PLANE('',#5131);
#5131 = AXIS2_PLACEMENT_3D('',#5132,#5133,#5134);
#5132 = CARTESIAN_POINT('',(32.,-42.34,25.));
#5133 = DIRECTION('',(1.,0.,0.));
#5134 = DIRECTION('',(0.,0.,1.));
#5135 = ADVANCED_FACE('',(#5136),#5170,.T.);
#5136 = FACE_BOUND('',#5137,.T.);
#5137 = EDGE_LOOP('',(#5138,#5148,#5156,#5164));
#5138 = ORIENTED_EDGE('',*,*,#5139,.F.);
#5139 = EDGE_CURVE('',#5140,#5142,#5144,.T.);
#5140 = VERTEX_POINT('',#5141);
#5141 = CARTESIAN_POINT('',(35.49,-42.34,25.));
#5142 = VERTEX_POINT('',#5143);
#5143 = CARTESIAN_POINT('',(35.49,-42.34,35.));
#5144 = LINE('',#5145,#5146);
#5145 = CARTESIAN_POINT('',(35.49,-42.34,25.));
#5146 = VECTOR('',#5147,1.);
#5147 = DIRECTION('',(0.,0.,1.));
#5148 = ORIENTED_EDGE('',*,*,#5149,.T.);
#5149 = EDGE_CURVE('',#5140,#5150,#5152,.T.);
#5150 = VERTEX_POINT('',#5151);
#5151 = CARTESIAN_POINT('',(35.49,-32.34,25.));
#5152 = LINE('',#5153,#5154);
#5153 = CARTESIAN_POINT('',(35.49,-42.34,25.));
#5154 = VECTOR('',#5155,1.);
#5155 = DIRECTION('',(0.,1.,0.));
#5156 = ORIENTED_EDGE('',*,*,#5157,.T.);
#5157 = EDGE_CURVE('',#5150,#5158,#5160,.T.);
#5158 = VERTEX_POINT('',#5159);
#5159 = CARTESIAN_POINT('',(35.49,-32.34,35.));
#5160 = LINE('',#5161,#5162);
#5161 = CARTESIAN_POINT('',(35.49,-32.34,25.));
#5162 = VECTOR('',#5163,1.);
#5163 = DIRECTION('',(0.,0.,1.));
#5164 = ORIENTED_EDGE('',*,*,#5165,.F.);
#5165 = EDGE_CURVE('',#5142,#5158,#5166,.T.);
#5166 = LINE('',#5167,#5168);
#5167 = CARTESIAN_POINT('',(35.49,-42.34,35.));
#5168 = VECTOR('',#5169,1.);
#5169 = DIRECTION('',(0.,1.,0.));
#5170 = PLANE('',#5171);
#5171 = AXIS2_PLACEMENT_3D('',#5172,#5173,#5174);
#5172 = CARTESIAN_POINT('',(35.49,-42.34,25.));
#5173 = DIRECTION('',(1.,0.,0.));
#5174 = DIRECTION('',(0.,0.,1.));
#5175 = ADVANCED_FACE('',(#5176),#5192,.F.);
#5176 = FACE_BOUND('',#5177,.F.);
#5177 = EDGE_LOOP('',(#5178,#5184,#5185,#5191));
#5178 = ORIENTED_EDGE('',*,*,#5179,.F.);
#5179 = EDGE_CURVE('',#5100,#5140,#5180,.T.);
#5180 = LINE('',#5181,#5182);
#5181 = CARTESIAN_POINT('',(32.,-42.34,25.));
#5182 = VECTOR('',#5183,1.);
#5183 = DIRECTION('',(1.,0.,0.));
#5184 = ORIENTED_EDGE('',*,*,#5099,.T.);
#5185 = ORIENTED_EDGE('',*,*,#5186,.T.);
#5186 = EDGE_CURVE('',#5102,#5142,#5187,.T.);
#5187 = LINE('',#5188,#5189);
#5188 = CARTESIAN_POINT('',(32.,-42.34,35.));
#5189 = VECTOR('',#5190,1.);
#5190 = DIRECTION('',(1.,0.,0.));
#5191 = ORIENTED_EDGE('',*,*,#5139,.F.);
#5192 = PLANE('',#5193);
#5193 = AXIS2_PLACEMENT_3D('',#5194,#5195,#5196);
#5194 = CARTESIAN_POINT('',(32.,-42.34,25.));
#5195 = DIRECTION('',(0.,1.,0.));
#5196 = DIRECTION('',(0.,-0.,1.));
#5197 = ADVANCED_FACE('',(#5198),#5214,.T.);
#5198 = FACE_BOUND('',#5199,.T.);
#5199 = EDGE_LOOP('',(#5200,#5206,#5207,#5213));
#5200 = ORIENTED_EDGE('',*,*,#5201,.F.);
#5201 = EDGE_CURVE('',#5110,#5150,#5202,.T.);
#5202 = LINE('',#5203,#5204);
#5203 = CARTESIAN_POINT('',(32.,-32.34,25.));
#5204 = VECTOR('',#5205,1.);
#5205 = DIRECTION('',(1.,0.,0.));
#5206 = ORIENTED_EDGE('',*,*,#5117,.T.);
#5207 = ORIENTED_EDGE('',*,*,#5208,.T.);
#5208 = EDGE_CURVE('',#5118,#5158,#5209,.T.);
#5209 = LINE('',#5210,#5211);
#5210 = CARTESIAN_POINT('',(32.,-32.34,35.));
#5211 = VECTOR('',#5212,1.);
#5212 = DIRECTION('',(1.,0.,0.));
#5213 = ORIENTED_EDGE('',*,*,#5157,.F.);
#5214 = PLANE('',#5215);
#5215 = AXIS2_PLACEMENT_3D('',#5216,#5217,#5218);
#5216 = CARTESIAN_POINT('',(32.,-32.34,25.));
#5217 = DIRECTION('',(0.,1.,0.));
#5218 = DIRECTION('',(0.,-0.,1.));
#5219 = ADVANCED_FACE('',(#5220),#5226,.F.);
#5220 = FACE_BOUND('',#5221,.F.);
#5221 = EDGE_LOOP('',(#5222,#5223,#5224,#5225));
#5222 = ORIENTED_EDGE('',*,*,#5109,.F.);
#5223 = ORIENTED_EDGE('',*,*,#5179,.T.);
#5224 = ORIENTED_EDGE('',*,*,#5149,.T.);
#5225 = ORIENTED_EDGE('',*,*,#5201,.F.);
#5226 = PLANE('',#5227);
#5227 = AXIS2_PLACEMENT_3D('',#5228,#5229,#5230);
#5228 = CARTESIAN_POINT('',(32.,-42.34,25.));
#5229 = DIRECTION('',(0.,0.,1.));
#5230 = DIRECTION('',(1.,0.,-0.));
#5231 = ADVANCED_FACE('',(#5232),#5238,.T.);
#5232 = FACE_BOUND('',#5233,.T.);
#5233 = EDGE_LOOP('',(#5234,#5235,#5236,#5237));
#5234 = ORIENTED_EDGE('',*,*,#5125,.F.);
#5235 = ORIENTED_EDGE('',*,*,#5186,.T.);
#5236 = ORIENTED_EDGE('',*,*,#5165,.T.);
#5237 = ORIENTED_EDGE('',*,*,#5208,.F.);
#5238 = PLANE('',#5239);
#5239 = AXIS2_PLACEMENT_3D('',#5240,#5241,#5242);
#5240 = CARTESIAN_POINT('',(32.,-42.34,35.));
#5241 = DIRECTION('',(0.,0.,1.));
#5242 = DIRECTION('',(1.,0.,-0.));
#5243 = ( GEOMETRIC_REPRESENTATION_CONTEXT(3) 
GLOBAL_UNCERTAINTY_ASSIGNED_CONTEXT((#5247)) 
GLOBAL_UNIT_ASSIGNED_CONTEXT((#5244,#5245,#5246)) REPRESENTATION_CONTEXT
('Context #1','3D Context with UNIT and UNCERTAINTY') );
#5244 = ( LENGTH_UNIT() NAMED_UNIT(*) SI_UNIT(.MILLI.,.METRE.) );
#5245 = ( NAMED_UNIT(*) PLANE_ANGLE_UNIT() SI_UNIT($,.RADIAN.) );
#5246 = ( NAMED_UNIT(*) SI_UNIT($,.STERADIAN.) SOLID_ANGLE_UNIT() );
#5247 = UNCERTAINTY_MEASURE_WITH_UNIT(LENGTH_MEASURE(1.E-07),#5244,
  'distance_accuracy_value','confusion accuracy');
#5248 = CONTEXT_DEPENDENT_SHAPE_REPRESENTATION(#5249,#5251);
#5249 = ( REPRESENTATION_RELATIONSHIP('','',#4642,#10) 
REPRESENTATION_RELATIONSHIP_WITH_TRANSFORMATION(#5250) 
SHAPE_REPRESENTATION_RELATIONSHIP() );
#5250 = ITEM_DEFINED_TRANSFORMATION('','',#11,#23);
#5251 = PRODUCT_DEFINITION_SHAPE('Placement','Placement of an item',
  #5252);
#5252 = NEXT_ASSEMBLY_USAGE_OCCURRENCE('14','Body002','',#5,#4637,$);
#5253 = PRODUCT_RELATED_PRODUCT_CATEGORY('part',$,(#4639));
#5254 = SHAPE_DEFINITION_REPRESENTATION(#5255,#5261);
#5255 = PRODUCT_DEFINITION_SHAPE('','',#5256);
#5256 = PRODUCT_DEFINITION('design','',#5257,#5260);
#5257 = PRODUCT_DEFINITION_FORMATION('','',#5258);
#5258 = PRODUCT('Box005','Box005','',(#5259));
#5259 = PRODUCT_CONTEXT('',#2,'mechanical');
#5260 = PRODUCT_DEFINITION_CONTEXT('part definition',#2,'design');
#5261 = SHAPE_REPRESENTATION('',(#11,#5262,#5412,#5562,#5712),#5862);
#5262 = MANIFOLD_SOLID_BREP('',#5263);
#5263 = CLOSED_SHELL('',(#5264,#5304,#5344,#5366,#5388,#5400));
#5264 = ADVANCED_FACE('',(#5265),#5299,.F.);
#5265 = FACE_BOUND('',#5266,.F.);
#5266 = EDGE_LOOP('',(#5267,#5277,#5285,#5293));
#5267 = ORIENTED_EDGE('',*,*,#5268,.F.);
#5268 = EDGE_CURVE('',#5269,#5271,#5273,.T.);
#5269 = VERTEX_POINT('',#5270);
#5270 = CARTESIAN_POINT('',(0.,29.,0.));
#5271 = VERTEX_POINT('',#5272);
#5272 = CARTESIAN_POINT('',(0.,29.,10.));
#5273 = LINE('',#5274,#5275);
#5274 = CARTESIAN_POINT('',(0.,29.,0.));
#5275 = VECTOR('',#5276,1.);
#5276 = DIRECTION('',(0.,0.,1.));
#5277 = ORIENTED_EDGE('',*,*,#5278,.T.);
#5278 = EDGE_CURVE('',#5269,#5279,#5281,.T.);
#5279 = VERTEX_POINT('',#5280);
#5280 = CARTESIAN_POINT('',(0.,39.,0.));
#5281 = LINE('',#5282,#5283);
#5282 = CARTESIAN_POINT('',(0.,29.,0.));
#5283 = VECTOR('',#5284,1.);
#5284 = DIRECTION('',(0.,1.,0.));
#5285 = ORIENTED_EDGE('',*,*,#5286,.T.);
#5286 = EDGE_CURVE('',#5279,#5287,#5289,.T.);
#5287 = VERTEX_POINT('',#5288);
#5288 = CARTESIAN_POINT('',(0.,39.,10.));
#5289 = LINE('',#5290,#5291);
#5290 = CARTESIAN_POINT('',(0.,39.,0.));
#5291 = VECTOR('',#5292,1.);
#5292 = DIRECTION('',(0.,0.,1.));
#5293 = ORIENTED_EDGE('',*,*,#5294,.F.);
#5294 = EDGE_CURVE('',#5271,#5287,#5295,.T.);
#5295 = LINE('',#5296,#5297);
#5296 = CARTESIAN_POINT('',(0.,29.,10.));
#5297 = VECTOR('',#5298,1.);
#5298 = DIRECTION('',(0.,1.,0.));
#5299 = PLANE('',#5300);
#5300 = AXIS2_PLACEMENT_3D('',#5301,#5302,#5303);
#5301 = CARTESIAN_POINT('',(0.,29.,0.));
#5302 = DIRECTION('',(1.,0.,0.));
#5303 = DIRECTION('',(0.,0.,1.));
#5304 = ADVANCED_FACE('',(#5305),#5339,.T.);
#5305 = FACE_BOUND('',#5306,.T.);
#5306 = EDGE_LOOP('',(#5307,#5317,#5325,#5333));
#5307 = ORIENTED_EDGE('',*,*,#5308,.F.);
#5308 = EDGE_CURVE('',#5309,#5311,#5313,.T.);
#5309 = VERTEX_POINT('',#5310);
#5310 = CARTESIAN_POINT('',(3.49,29.,0.));
#5311 = VERTEX_POINT('',#5312);
#5312 = CARTESIAN_POINT('',(3.49,29.,10.));
#5313 = LINE('',#5314,#5315);
#5314 = CARTESIAN_POINT('',(3.49,29.,0.));
#5315 = VECTOR('',#5316,1.);
#5316 = DIRECTION('',(0.,0.,1.));
#5317 = ORIENTED_EDGE('',*,*,#5318,.T.);
#5318 = EDGE_CURVE('',#5309,#5319,#5321,.T.);
#5319 = VERTEX_POINT('',#5320);
#5320 = CARTESIAN_POINT('',(3.49,39.,0.));
#5321 = LINE('',#5322,#5323);
#5322 = CARTESIAN_POINT('',(3.49,29.,0.));
#5323 = VECTOR('',#5324,1.);
#5324 = DIRECTION('',(0.,1.,0.));
#5325 = ORIENTED_EDGE('',*,*,#5326,.T.);
#5326 = EDGE_CURVE('',#5319,#5327,#5329,.T.);
#5327 = VERTEX_POINT('',#5328);
#5328 = CARTESIAN_POINT('',(3.49,39.,10.));
#5329 = LINE('',#5330,#5331);
#5330 = CARTESIAN_POINT('',(3.49,39.,0.));
#5331 = VECTOR('',#5332,1.);
#5332 = DIRECTION('',(0.,0.,1.));
#5333 = ORIENTED_EDGE('',*,*,#5334,.F.);
#5334 = EDGE_CURVE('',#5311,#5327,#5335,.T.);
#5335 = LINE('',#5336,#5337);
#5336 = CARTESIAN_POINT('',(3.49,29.,10.));
#5337 = VECTOR('',#5338,1.);
#5338 = DIRECTION('',(0.,1.,0.));
#5339 = PLANE('',#5340);
#5340 = AXIS2_PLACEMENT_3D('',#5341,#5342,#5343);
#5341 = CARTESIAN_POINT('',(3.49,29.,0.));
#5342 = DIRECTION('',(1.,0.,0.));
#5343 = DIRECTION('',(0.,0.,1.));
#5344 = ADVANCED_FACE('',(#5345),#5361,.F.);
#5345 = FACE_BOUND('',#5346,.F.);
#5346 = EDGE_LOOP('',(#5347,#5353,#5354,#5360));
#5347 = ORIENTED_EDGE('',*,*,#5348,.F.);
#5348 = EDGE_CURVE('',#5269,#5309,#5349,.T.);
#5349 = LINE('',#5350,#5351);
#5350 = CARTESIAN_POINT('',(0.,29.,0.));
#5351 = VECTOR('',#5352,1.);
#5352 = DIRECTION('',(1.,0.,0.));
#5353 = ORIENTED_EDGE('',*,*,#5268,.T.);
#5354 = ORIENTED_EDGE('',*,*,#5355,.T.);
#5355 = EDGE_CURVE('',#5271,#5311,#5356,.T.);
#5356 = LINE('',#5357,#5358);
#5357 = CARTESIAN_POINT('',(0.,29.,10.));
#5358 = VECTOR('',#5359,1.);
#5359 = DIRECTION('',(1.,0.,0.));
#5360 = ORIENTED_EDGE('',*,*,#5308,.F.);
#5361 = PLANE('',#5362);
#5362 = AXIS2_PLACEMENT_3D('',#5363,#5364,#5365);
#5363 = CARTESIAN_POINT('',(0.,29.,0.));
#5364 = DIRECTION('',(0.,1.,0.));
#5365 = DIRECTION('',(0.,0.,1.));
#5366 = ADVANCED_FACE('',(#5367),#5383,.T.);
#5367 = FACE_BOUND('',#5368,.T.);
#5368 = EDGE_LOOP('',(#5369,#5375,#5376,#5382));
#5369 = ORIENTED_EDGE('',*,*,#5370,.F.);
#5370 = EDGE_CURVE('',#5279,#5319,#5371,.T.);
#5371 = LINE('',#5372,#5373);
#5372 = CARTESIAN_POINT('',(0.,39.,0.));
#5373 = VECTOR('',#5374,1.);
#5374 = DIRECTION('',(1.,0.,0.));
#5375 = ORIENTED_EDGE('',*,*,#5286,.T.);
#5376 = ORIENTED_EDGE('',*,*,#5377,.T.);
#5377 = EDGE_CURVE('',#5287,#5327,#5378,.T.);
#5378 = LINE('',#5379,#5380);
#5379 = CARTESIAN_POINT('',(0.,39.,10.));
#5380 = VECTOR('',#5381,1.);
#5381 = DIRECTION('',(1.,0.,0.));
#5382 = ORIENTED_EDGE('',*,*,#5326,.F.);
#5383 = PLANE('',#5384);
#5384 = AXIS2_PLACEMENT_3D('',#5385,#5386,#5387);
#5385 = CARTESIAN_POINT('',(0.,39.,0.));
#5386 = DIRECTION('',(0.,1.,0.));
#5387 = DIRECTION('',(0.,0.,1.));
#5388 = ADVANCED_FACE('',(#5389),#5395,.F.);
#5389 = FACE_BOUND('',#5390,.F.);
#5390 = EDGE_LOOP('',(#5391,#5392,#5393,#5394));
#5391 = ORIENTED_EDGE('',*,*,#5278,.F.);
#5392 = ORIENTED_EDGE('',*,*,#5348,.T.);
#5393 = ORIENTED_EDGE('',*,*,#5318,.T.);
#5394 = ORIENTED_EDGE('',*,*,#5370,.F.);
#5395 = PLANE('',#5396);
#5396 = AXIS2_PLACEMENT_3D('',#5397,#5398,#5399);
#5397 = CARTESIAN_POINT('',(0.,29.,0.));
#5398 = DIRECTION('',(0.,0.,1.));
#5399 = DIRECTION('',(1.,0.,0.));
#5400 = ADVANCED_FACE('',(#5401),#5407,.T.);
#5401 = FACE_BOUND('',#5402,.T.);
#5402 = EDGE_LOOP('',(#5403,#5404,#5405,#5406));
#5403 = ORIENTED_EDGE('',*,*,#5294,.F.);
#5404 = ORIENTED_EDGE('',*,*,#5355,.T.);
#5405 = ORIENTED_EDGE('',*,*,#5334,.T.);
#5406 = ORIENTED_EDGE('',*,*,#5377,.F.);
#5407 = PLANE('',#5408);
#5408 = AXIS2_PLACEMENT_3D('',#5409,#5410,#5411);
#5409 = CARTESIAN_POINT('',(0.,29.,10.));
#5410 = DIRECTION('',(0.,0.,1.));
#5411 = DIRECTION('',(1.,0.,0.));
#5412 = MANIFOLD_SOLID_BREP('',#5413);
#5413 = CLOSED_SHELL('',(#5414,#5454,#5494,#5516,#5538,#5550));
#5414 = ADVANCED_FACE('',(#5415),#5449,.F.);
#5415 = FACE_BOUND('',#5416,.F.);
#5416 = EDGE_LOOP('',(#5417,#5427,#5435,#5443));
#5417 = ORIENTED_EDGE('',*,*,#5418,.F.);
#5418 = EDGE_CURVE('',#5419,#5421,#5423,.T.);
#5419 = VERTEX_POINT('',#5420);
#5420 = CARTESIAN_POINT('',(-61.,0.,0.));
#5421 = VERTEX_POINT('',#5422);
#5422 = CARTESIAN_POINT('',(-61.,0.,9.));
#5423 = LINE('',#5424,#5425);
#5424 = CARTESIAN_POINT('',(-61.,0.,0.));
#5425 = VECTOR('',#5426,1.);
#5426 = DIRECTION('',(0.,0.,1.));
#5427 = ORIENTED_EDGE('',*,*,#5428,.T.);
#5428 = EDGE_CURVE('',#5419,#5429,#5431,.T.);
#5429 = VERTEX_POINT('',#5430);
#5430 = CARTESIAN_POINT('',(-61.,10.,0.));
#5431 = LINE('',#5432,#5433);
#5432 = CARTESIAN_POINT('',(-61.,0.,0.));
#5433 = VECTOR('',#5434,1.);
#5434 = DIRECTION('',(0.,1.,0.));
#5435 = ORIENTED_EDGE('',*,*,#5436,.T.);
#5436 = EDGE_CURVE('',#5429,#5437,#5439,.T.);
#5437 = VERTEX_POINT('',#5438);
#5438 = CARTESIAN_POINT('',(-61.,10.,9.));
#5439 = LINE('',#5440,#5441);
#5440 = CARTESIAN_POINT('',(-61.,10.,0.));
#5441 = VECTOR('',#5442,1.);
#5442 = DIRECTION('',(0.,0.,1.));
#5443 = ORIENTED_EDGE('',*,*,#5444,.F.);
#5444 = EDGE_CURVE('',#5421,#5437,#5445,.T.);
#5445 = LINE('',#5446,#5447);
#5446 = CARTESIAN_POINT('',(-61.,0.,9.));
#5447 = VECTOR('',#5448,1.);
#5448 = DIRECTION('',(0.,1.,0.));
#5449 = PLANE('',#5450);
#5450 = AXIS2_PLACEMENT_3D('',#5451,#5452,#5453);
#5451 = CARTESIAN_POINT('',(-61.,0.,0.));
#5452 = DIRECTION('',(1.,0.,0.));
#5453 = DIRECTION('',(0.,0.,1.));
#5454 = ADVANCED_FACE('',(#5455),#5489,.T.);
#5455 = FACE_BOUND('',#5456,.T.);
#5456 = EDGE_LOOP('',(#5457,#5467,#5475,#5483));
#5457 = ORIENTED_EDGE('',*,*,#5458,.F.);
#5458 = EDGE_CURVE('',#5459,#5461,#5463,.T.);
#5459 = VERTEX_POINT('',#5460);
#5460 = CARTESIAN_POINT('',(-57.,0.,0.));
#5461 = VERTEX_POINT('',#5462);
#5462 = CARTESIAN_POINT('',(-57.,0.,9.));
#5463 = LINE('',#5464,#5465);
#5464 = CARTESIAN_POINT('',(-57.,0.,0.));
#5465 = VECTOR('',#5466,1.);
#5466 = DIRECTION('',(0.,0.,1.));
#5467 = ORIENTED_EDGE('',*,*,#5468,.T.);
#5468 = EDGE_CURVE('',#5459,#5469,#5471,.T.);
#5469 = VERTEX_POINT('',#5470);
#5470 = CARTESIAN_POINT('',(-57.,10.,0.));
#5471 = LINE('',#5472,#5473);
#5472 = CARTESIAN_POINT('',(-57.,0.,0.));
#5473 = VECTOR('',#5474,1.);
#5474 = DIRECTION('',(0.,1.,0.));
#5475 = ORIENTED_EDGE('',*,*,#5476,.T.);
#5476 = EDGE_CURVE('',#5469,#5477,#5479,.T.);
#5477 = VERTEX_POINT('',#5478);
#5478 = CARTESIAN_POINT('',(-57.,10.,9.));
#5479 = LINE('',#5480,#5481);
#5480 = CARTESIAN_POINT('',(-57.,10.,0.));
#5481 = VECTOR('',#5482,1.);
#5482 = DIRECTION('',(0.,0.,1.));
#5483 = ORIENTED_EDGE('',*,*,#5484,.F.);
#5484 = EDGE_CURVE('',#5461,#5477,#5485,.T.);
#5485 = LINE('',#5486,#5487);
#5486 = CARTESIAN_POINT('',(-57.,0.,9.));
#5487 = VECTOR('',#5488,1.);
#5488 = DIRECTION('',(0.,1.,0.));
#5489 = PLANE('',#5490);
#5490 = AXIS2_PLACEMENT_3D('',#5491,#5492,#5493);
#5491 = CARTESIAN_POINT('',(-57.,0.,0.));
#5492 = DIRECTION('',(1.,0.,0.));
#5493 = DIRECTION('',(0.,0.,1.));
#5494 = ADVANCED_FACE('',(#5495),#5511,.F.);
#5495 = FACE_BOUND('',#5496,.F.);
#5496 = EDGE_LOOP('',(#5497,#5503,#5504,#5510));
#5497 = ORIENTED_EDGE('',*,*,#5498,.F.);
#5498 = EDGE_CURVE('',#5419,#5459,#5499,.T.);
#5499 = LINE('',#5500,#5501);
#5500 = CARTESIAN_POINT('',(-61.,0.,0.));
#5501 = VECTOR('',#5502,1.);
#5502 = DIRECTION('',(1.,0.,0.));
#5503 = ORIENTED_EDGE('',*,*,#5418,.T.);
#5504 = ORIENTED_EDGE('',*,*,#5505,.T.);
#5505 = EDGE_CURVE('',#5421,#5461,#5506,.T.);
#5506 = LINE('',#5507,#5508);
#5507 = CARTESIAN_POINT('',(-61.,0.,9.));
#5508 = VECTOR('',#5509,1.);
#5509 = DIRECTION('',(1.,0.,0.));
#5510 = ORIENTED_EDGE('',*,*,#5458,.F.);
#5511 = PLANE('',#5512);
#5512 = AXIS2_PLACEMENT_3D('',#5513,#5514,#5515);
#5513 = CARTESIAN_POINT('',(-61.,0.,0.));
#5514 = DIRECTION('',(0.,1.,0.));
#5515 = DIRECTION('',(0.,0.,1.));
#5516 = ADVANCED_FACE('',(#5517),#5533,.T.);
#5517 = FACE_BOUND('',#5518,.T.);
#5518 = EDGE_LOOP('',(#5519,#5525,#5526,#5532));
#5519 = ORIENTED_EDGE('',*,*,#5520,.F.);
#5520 = EDGE_CURVE('',#5429,#5469,#5521,.T.);
#5521 = LINE('',#5522,#5523);
#5522 = CARTESIAN_POINT('',(-61.,10.,0.));
#5523 = VECTOR('',#5524,1.);
#5524 = DIRECTION('',(1.,0.,0.));
#5525 = ORIENTED_EDGE('',*,*,#5436,.T.);
#5526 = ORIENTED_EDGE('',*,*,#5527,.T.);
#5527 = EDGE_CURVE('',#5437,#5477,#5528,.T.);
#5528 = LINE('',#5529,#5530);
#5529 = CARTESIAN_POINT('',(-61.,10.,9.));
#5530 = VECTOR('',#5531,1.);
#5531 = DIRECTION('',(1.,0.,0.));
#5532 = ORIENTED_EDGE('',*,*,#5476,.F.);
#5533 = PLANE('',#5534);
#5534 = AXIS2_PLACEMENT_3D('',#5535,#5536,#5537);
#5535 = CARTESIAN_POINT('',(-61.,10.,0.));
#5536 = DIRECTION('',(0.,1.,0.));
#5537 = DIRECTION('',(0.,0.,1.));
#5538 = ADVANCED_FACE('',(#5539),#5545,.F.);
#5539 = FACE_BOUND('',#5540,.F.);
#5540 = EDGE_LOOP('',(#5541,#5542,#5543,#5544));
#5541 = ORIENTED_EDGE('',*,*,#5428,.F.);
#5542 = ORIENTED_EDGE('',*,*,#5498,.T.);
#5543 = ORIENTED_EDGE('',*,*,#5468,.T.);
#5544 = ORIENTED_EDGE('',*,*,#5520,.F.);
#5545 = PLANE('',#5546);
#5546 = AXIS2_PLACEMENT_3D('',#5547,#5548,#5549);
#5547 = CARTESIAN_POINT('',(-61.,0.,0.));
#5548 = DIRECTION('',(0.,0.,1.));
#5549 = DIRECTION('',(1.,0.,0.));
#5550 = ADVANCED_FACE('',(#5551),#5557,.T.);
#5551 = FACE_BOUND('',#5552,.T.);
#5552 = EDGE_LOOP('',(#5553,#5554,#5555,#5556));
#5553 = ORIENTED_EDGE('',*,*,#5444,.F.);
#5554 = ORIENTED_EDGE('',*,*,#5505,.T.);
#5555 = ORIENTED_EDGE('',*,*,#5484,.T.);
#5556 = ORIENTED_EDGE('',*,*,#5527,.F.);
#5557 = PLANE('',#5558);
#5558 = AXIS2_PLACEMENT_3D('',#5559,#5560,#5561);
#5559 = CARTESIAN_POINT('',(-61.,0.,9.));
#5560 = DIRECTION('',(0.,0.,1.));
#5561 = DIRECTION('',(1.,0.,0.));
#5562 = MANIFOLD_SOLID_BREP('',#5563);
#5563 = CLOSED_SHELL('',(#5564,#5604,#5644,#5666,#5688,#5700));
#5564 = ADVANCED_FACE('',(#5565),#5599,.F.);
#5565 = FACE_BOUND('',#5566,.F.);
#5566 = EDGE_LOOP('',(#5567,#5577,#5585,#5593));
#5567 = ORIENTED_EDGE('',*,*,#5568,.F.);
#5568 = EDGE_CURVE('',#5569,#5571,#5573,.T.);
#5569 = VERTEX_POINT('',#5570);
#5570 = CARTESIAN_POINT('',(-61.,29.,0.));
#5571 = VERTEX_POINT('',#5572);
#5572 = CARTESIAN_POINT('',(-61.,29.,10.));
#5573 = LINE('',#5574,#5575);
#5574 = CARTESIAN_POINT('',(-61.,29.,0.));
#5575 = VECTOR('',#5576,1.);
#5576 = DIRECTION('',(0.,0.,1.));
#5577 = ORIENTED_EDGE('',*,*,#5578,.T.);
#5578 = EDGE_CURVE('',#5569,#5579,#5581,.T.);
#5579 = VERTEX_POINT('',#5580);
#5580 = CARTESIAN_POINT('',(-61.,39.,0.));
#5581 = LINE('',#5582,#5583);
#5582 = CARTESIAN_POINT('',(-61.,29.,0.));
#5583 = VECTOR('',#5584,1.);
#5584 = DIRECTION('',(0.,1.,0.));
#5585 = ORIENTED_EDGE('',*,*,#5586,.T.);
#5586 = EDGE_CURVE('',#5579,#5587,#5589,.T.);
#5587 = VERTEX_POINT('',#5588);
#5588 = CARTESIAN_POINT('',(-61.,39.,10.));
#5589 = LINE('',#5590,#5591);
#5590 = CARTESIAN_POINT('',(-61.,39.,0.));
#5591 = VECTOR('',#5592,1.);
#5592 = DIRECTION('',(0.,0.,1.));
#5593 = ORIENTED_EDGE('',*,*,#5594,.F.);
#5594 = EDGE_CURVE('',#5571,#5587,#5595,.T.);
#5595 = LINE('',#5596,#5597);
#5596 = CARTESIAN_POINT('',(-61.,29.,10.));
#5597 = VECTOR('',#5598,1.);
#5598 = DIRECTION('',(0.,1.,0.));
#5599 = PLANE('',#5600);
#5600 = AXIS2_PLACEMENT_3D('',#5601,#5602,#5603);
#5601 = CARTESIAN_POINT('',(-61.,29.,0.));
#5602 = DIRECTION('',(1.,0.,0.));
#5603 = DIRECTION('',(0.,0.,1.));
#5604 = ADVANCED_FACE('',(#5605),#5639,.T.);
#5605 = FACE_BOUND('',#5606,.T.);
#5606 = EDGE_LOOP('',(#5607,#5617,#5625,#5633));
#5607 = ORIENTED_EDGE('',*,*,#5608,.F.);
#5608 = EDGE_CURVE('',#5609,#5611,#5613,.T.);
#5609 = VERTEX_POINT('',#5610);
#5610 = CARTESIAN_POINT('',(-57.,29.,0.));
#5611 = VERTEX_POINT('',#5612);
#5612 = CARTESIAN_POINT('',(-57.,29.,10.));
#5613 = LINE('',#5614,#5615);
#5614 = CARTESIAN_POINT('',(-57.,29.,0.));
#5615 = VECTOR('',#5616,1.);
#5616 = DIRECTION('',(0.,0.,1.));
#5617 = ORIENTED_EDGE('',*,*,#5618,.T.);
#5618 = EDGE_CURVE('',#5609,#5619,#5621,.T.);
#5619 = VERTEX_POINT('',#5620);
#5620 = CARTESIAN_POINT('',(-57.,39.,0.));
#5621 = LINE('',#5622,#5623);
#5622 = CARTESIAN_POINT('',(-57.,29.,0.));
#5623 = VECTOR('',#5624,1.);
#5624 = DIRECTION('',(0.,1.,0.));
#5625 = ORIENTED_EDGE('',*,*,#5626,.T.);
#5626 = EDGE_CURVE('',#5619,#5627,#5629,.T.);
#5627 = VERTEX_POINT('',#5628);
#5628 = CARTESIAN_POINT('',(-57.,39.,10.));
#5629 = LINE('',#5630,#5631);
#5630 = CARTESIAN_POINT('',(-57.,39.,0.));
#5631 = VECTOR('',#5632,1.);
#5632 = DIRECTION('',(0.,0.,1.));
#5633 = ORIENTED_EDGE('',*,*,#5634,.F.);
#5634 = EDGE_CURVE('',#5611,#5627,#5635,.T.);
#5635 = LINE('',#5636,#5637);
#5636 = CARTESIAN_POINT('',(-57.,29.,10.));
#5637 = VECTOR('',#5638,1.);
#5638 = DIRECTION('',(0.,1.,0.));
#5639 = PLANE('',#5640);
#5640 = AXIS2_PLACEMENT_3D('',#5641,#5642,#5643);
#5641 = CARTESIAN_POINT('',(-57.,29.,0.));
#5642 = DIRECTION('',(1.,0.,0.));
#5643 = DIRECTION('',(0.,0.,1.));
#5644 = ADVANCED_FACE('',(#5645),#5661,.F.);
#5645 = FACE_BOUND('',#5646,.F.);
#5646 = EDGE_LOOP('',(#5647,#5653,#5654,#5660));
#5647 = ORIENTED_EDGE('',*,*,#5648,.F.);
#5648 = EDGE_CURVE('',#5569,#5609,#5649,.T.);
#5649 = LINE('',#5650,#5651);
#5650 = CARTESIAN_POINT('',(-61.,29.,0.));
#5651 = VECTOR('',#5652,1.);
#5652 = DIRECTION('',(1.,0.,0.));
#5653 = ORIENTED_EDGE('',*,*,#5568,.T.);
#5654 = ORIENTED_EDGE('',*,*,#5655,.T.);
#5655 = EDGE_CURVE('',#5571,#5611,#5656,.T.);
#5656 = LINE('',#5657,#5658);
#5657 = CARTESIAN_POINT('',(-61.,29.,10.));
#5658 = VECTOR('',#5659,1.);
#5659 = DIRECTION('',(1.,0.,0.));
#5660 = ORIENTED_EDGE('',*,*,#5608,.F.);
#5661 = PLANE('',#5662);
#5662 = AXIS2_PLACEMENT_3D('',#5663,#5664,#5665);
#5663 = CARTESIAN_POINT('',(-61.,29.,0.));
#5664 = DIRECTION('',(0.,1.,0.));
#5665 = DIRECTION('',(0.,0.,1.));
#5666 = ADVANCED_FACE('',(#5667),#5683,.T.);
#5667 = FACE_BOUND('',#5668,.T.);
#5668 = EDGE_LOOP('',(#5669,#5675,#5676,#5682));
#5669 = ORIENTED_EDGE('',*,*,#5670,.F.);
#5670 = EDGE_CURVE('',#5579,#5619,#5671,.T.);
#5671 = LINE('',#5672,#5673);
#5672 = CARTESIAN_POINT('',(-61.,39.,0.));
#5673 = VECTOR('',#5674,1.);
#5674 = DIRECTION('',(1.,0.,0.));
#5675 = ORIENTED_EDGE('',*,*,#5586,.T.);
#5676 = ORIENTED_EDGE('',*,*,#5677,.T.);
#5677 = EDGE_CURVE('',#5587,#5627,#5678,.T.);
#5678 = LINE('',#5679,#5680);
#5679 = CARTESIAN_POINT('',(-61.,39.,10.));
#5680 = VECTOR('',#5681,1.);
#5681 = DIRECTION('',(1.,0.,0.));
#5682 = ORIENTED_EDGE('',*,*,#5626,.F.);
#5683 = PLANE('',#5684);
#5684 = AXIS2_PLACEMENT_3D('',#5685,#5686,#5687);
#5685 = CARTESIAN_POINT('',(-61.,39.,0.));
#5686 = DIRECTION('',(0.,1.,0.));
#5687 = DIRECTION('',(0.,0.,1.));
#5688 = ADVANCED_FACE('',(#5689),#5695,.F.);
#5689 = FACE_BOUND('',#5690,.F.);
#5690 = EDGE_LOOP('',(#5691,#5692,#5693,#5694));
#5691 = ORIENTED_EDGE('',*,*,#5578,.F.);
#5692 = ORIENTED_EDGE('',*,*,#5648,.T.);
#5693 = ORIENTED_EDGE('',*,*,#5618,.T.);
#5694 = ORIENTED_EDGE('',*,*,#5670,.F.);
#5695 = PLANE('',#5696);
#5696 = AXIS2_PLACEMENT_3D('',#5697,#5698,#5699);
#5697 = CARTESIAN_POINT('',(-61.,29.,0.));
#5698 = DIRECTION('',(0.,0.,1.));
#5699 = DIRECTION('',(1.,0.,0.));
#5700 = ADVANCED_FACE('',(#5701),#5707,.T.);
#5701 = FACE_BOUND('',#5702,.T.);
#5702 = EDGE_LOOP('',(#5703,#5704,#5705,#5706));
#5703 = ORIENTED_EDGE('',*,*,#5594,.F.);
#5704 = ORIENTED_EDGE('',*,*,#5655,.T.);
#5705 = ORIENTED_EDGE('',*,*,#5634,.T.);
#5706 = ORIENTED_EDGE('',*,*,#5677,.F.);
#5707 = PLANE('',#5708);
#5708 = AXIS2_PLACEMENT_3D('',#5709,#5710,#5711);
#5709 = CARTESIAN_POINT('',(-61.,29.,10.));
#5710 = DIRECTION('',(0.,0.,1.));
#5711 = DIRECTION('',(1.,0.,0.));
#5712 = MANIFOLD_SOLID_BREP('',#5713);
#5713 = CLOSED_SHELL('',(#5714,#5754,#5794,#5816,#5838,#5850));
#5714 = ADVANCED_FACE('',(#5715),#5749,.F.);
#5715 = FACE_BOUND('',#5716,.F.);
#5716 = EDGE_LOOP('',(#5717,#5727,#5735,#5743));
#5717 = ORIENTED_EDGE('',*,*,#5718,.F.);
#5718 = EDGE_CURVE('',#5719,#5721,#5723,.T.);
#5719 = VERTEX_POINT('',#5720);
#5720 = CARTESIAN_POINT('',(0.,0.,0.));
#5721 = VERTEX_POINT('',#5722);
#5722 = CARTESIAN_POINT('',(0.,0.,10.));
#5723 = LINE('',#5724,#5725);
#5724 = CARTESIAN_POINT('',(0.,0.,0.));
#5725 = VECTOR('',#5726,1.);
#5726 = DIRECTION('',(0.,0.,1.));
#5727 = ORIENTED_EDGE('',*,*,#5728,.T.);
#5728 = EDGE_CURVE('',#5719,#5729,#5731,.T.);
#5729 = VERTEX_POINT('',#5730);
#5730 = CARTESIAN_POINT('',(0.,10.,0.));
#5731 = LINE('',#5732,#5733);
#5732 = CARTESIAN_POINT('',(0.,0.,0.));
#5733 = VECTOR('',#5734,1.);
#5734 = DIRECTION('',(-0.,1.,0.));
#5735 = ORIENTED_EDGE('',*,*,#5736,.T.);
#5736 = EDGE_CURVE('',#5729,#5737,#5739,.T.);
#5737 = VERTEX_POINT('',#5738);
#5738 = CARTESIAN_POINT('',(0.,10.,10.));
#5739 = LINE('',#5740,#5741);
#5740 = CARTESIAN_POINT('',(0.,10.,0.));
#5741 = VECTOR('',#5742,1.);
#5742 = DIRECTION('',(0.,0.,1.));
#5743 = ORIENTED_EDGE('',*,*,#5744,.F.);
#5744 = EDGE_CURVE('',#5721,#5737,#5745,.T.);
#5745 = LINE('',#5746,#5747);
#5746 = CARTESIAN_POINT('',(0.,0.,10.));
#5747 = VECTOR('',#5748,1.);
#5748 = DIRECTION('',(-0.,1.,0.));
#5749 = PLANE('',#5750);
#5750 = AXIS2_PLACEMENT_3D('',#5751,#5752,#5753);
#5751 = CARTESIAN_POINT('',(0.,0.,0.));
#5752 = DIRECTION('',(1.,0.,-0.));
#5753 = DIRECTION('',(0.,0.,1.));
#5754 = ADVANCED_FACE('',(#5755),#5789,.T.);
#5755 = FACE_BOUND('',#5756,.T.);
#5756 = EDGE_LOOP('',(#5757,#5767,#5775,#5783));
#5757 = ORIENTED_EDGE('',*,*,#5758,.F.);
#5758 = EDGE_CURVE('',#5759,#5761,#5763,.T.);
#5759 = VERTEX_POINT('',#5760);
#5760 = CARTESIAN_POINT('',(3.49,0.,0.));
#5761 = VERTEX_POINT('',#5762);
#5762 = CARTESIAN_POINT('',(3.49,0.,10.));
#5763 = LINE('',#5764,#5765);
#5764 = CARTESIAN_POINT('',(3.49,0.,0.));
#5765 = VECTOR('',#5766,1.);
#5766 = DIRECTION('',(0.,0.,1.));
#5767 = ORIENTED_EDGE('',*,*,#5768,.T.);
#5768 = EDGE_CURVE('',#5759,#5769,#5771,.T.);
#5769 = VERTEX_POINT('',#5770);
#5770 = CARTESIAN_POINT('',(3.49,10.,0.));
#5771 = LINE('',#5772,#5773);
#5772 = CARTESIAN_POINT('',(3.49,0.,0.));
#5773 = VECTOR('',#5774,1.);
#5774 = DIRECTION('',(-0.,1.,0.));
#5775 = ORIENTED_EDGE('',*,*,#5776,.T.);
#5776 = EDGE_CURVE('',#5769,#5777,#5779,.T.);
#5777 = VERTEX_POINT('',#5778);
#5778 = CARTESIAN_POINT('',(3.49,10.,10.));
#5779 = LINE('',#5780,#5781);
#5780 = CARTESIAN_POINT('',(3.49,10.,0.));
#5781 = VECTOR('',#5782,1.);
#5782 = DIRECTION('',(0.,0.,1.));
#5783 = ORIENTED_EDGE('',*,*,#5784,.F.);
#5784 = EDGE_CURVE('',#5761,#5777,#5785,.T.);
#5785 = LINE('',#5786,#5787);
#5786 = CARTESIAN_POINT('',(3.49,0.,10.));
#5787 = VECTOR('',#5788,1.);
#5788 = DIRECTION('',(-0.,1.,0.));
#5789 = PLANE('',#5790);
#5790 = AXIS2_PLACEMENT_3D('',#5791,#5792,#5793);
#5791 = CARTESIAN_POINT('',(3.49,0.,0.));
#5792 = DIRECTION('',(1.,0.,-0.));
#5793 = DIRECTION('',(0.,0.,1.));
#5794 = ADVANCED_FACE('',(#5795),#5811,.F.);
#5795 = FACE_BOUND('',#5796,.F.);
#5796 = EDGE_LOOP('',(#5797,#5803,#5804,#5810));
#5797 = ORIENTED_EDGE('',*,*,#5798,.F.);
#5798 = EDGE_CURVE('',#5719,#5759,#5799,.T.);
#5799 = LINE('',#5800,#5801);
#5800 = CARTESIAN_POINT('',(0.,0.,0.));
#5801 = VECTOR('',#5802,1.);
#5802 = DIRECTION('',(1.,0.,-0.));
#5803 = ORIENTED_EDGE('',*,*,#5718,.T.);
#5804 = ORIENTED_EDGE('',*,*,#5805,.T.);
#5805 = EDGE_CURVE('',#5721,#5761,#5806,.T.);
#5806 = LINE('',#5807,#5808);
#5807 = CARTESIAN_POINT('',(0.,0.,10.));
#5808 = VECTOR('',#5809,1.);
#5809 = DIRECTION('',(1.,0.,-0.));
#5810 = ORIENTED_EDGE('',*,*,#5758,.F.);
#5811 = PLANE('',#5812);
#5812 = AXIS2_PLACEMENT_3D('',#5813,#5814,#5815);
#5813 = CARTESIAN_POINT('',(0.,0.,0.));
#5814 = DIRECTION('',(-0.,1.,0.));
#5815 = DIRECTION('',(0.,0.,1.));
#5816 = ADVANCED_FACE('',(#5817),#5833,.T.);
#5817 = FACE_BOUND('',#5818,.T.);
#5818 = EDGE_LOOP('',(#5819,#5825,#5826,#5832));
#5819 = ORIENTED_EDGE('',*,*,#5820,.F.);
#5820 = EDGE_CURVE('',#5729,#5769,#5821,.T.);
#5821 = LINE('',#5822,#5823);
#5822 = CARTESIAN_POINT('',(0.,10.,0.));
#5823 = VECTOR('',#5824,1.);
#5824 = DIRECTION('',(1.,0.,-0.));
#5825 = ORIENTED_EDGE('',*,*,#5736,.T.);
#5826 = ORIENTED_EDGE('',*,*,#5827,.T.);
#5827 = EDGE_CURVE('',#5737,#5777,#5828,.T.);
#5828 = LINE('',#5829,#5830);
#5829 = CARTESIAN_POINT('',(0.,10.,10.));
#5830 = VECTOR('',#5831,1.);
#5831 = DIRECTION('',(1.,0.,-0.));
#5832 = ORIENTED_EDGE('',*,*,#5776,.F.);
#5833 = PLANE('',#5834);
#5834 = AXIS2_PLACEMENT_3D('',#5835,#5836,#5837);
#5835 = CARTESIAN_POINT('',(0.,10.,0.));
#5836 = DIRECTION('',(-0.,1.,0.));
#5837 = DIRECTION('',(0.,0.,1.));
#5838 = ADVANCED_FACE('',(#5839),#5845,.F.);
#5839 = FACE_BOUND('',#5840,.F.);
#5840 = EDGE_LOOP('',(#5841,#5842,#5843,#5844));
#5841 = ORIENTED_EDGE('',*,*,#5728,.F.);
#5842 = ORIENTED_EDGE('',*,*,#5798,.T.);
#5843 = ORIENTED_EDGE('',*,*,#5768,.T.);
#5844 = ORIENTED_EDGE('',*,*,#5820,.F.);
#5845 = PLANE('',#5846);
#5846 = AXIS2_PLACEMENT_3D('',#5847,#5848,#5849);
#5847 = CARTESIAN_POINT('',(0.,0.,0.));
#5848 = DIRECTION('',(0.,0.,1.));
#5849 = DIRECTION('',(1.,0.,-0.));
#5850 = ADVANCED_FACE('',(#5851),#5857,.T.);
#5851 = FACE_BOUND('',#5852,.T.);
#5852 = EDGE_LOOP('',(#5853,#5854,#5855,#5856));
#5853 = ORIENTED_EDGE('',*,*,#5744,.F.);
#5854 = ORIENTED_EDGE('',*,*,#5805,.T.);
#5855 = ORIENTED_EDGE('',*,*,#5784,.T.);
#5856 = ORIENTED_EDGE('',*,*,#5827,.F.);
#5857 = PLANE('',#5858);
#5858 = AXIS2_PLACEMENT_3D('',#5859,#5860,#5861);
#5859 = CARTESIAN_POINT('',(0.,0.,10.));
#5860 = DIRECTION('',(0.,0.,1.));
#5861 = DIRECTION('',(1.,0.,-0.));
#5862 = ( GEOMETRIC_REPRESENTATION_CONTEXT(3) 
GLOBAL_UNCERTAINTY_ASSIGNED_CONTEXT((#5866)) 
GLOBAL_UNIT_ASSIGNED_CONTEXT((#5863,#5864,#5865)) REPRESENTATION_CONTEXT
('Context #1','3D Context with UNIT and UNCERTAINTY') );
#5863 = ( LENGTH_UNIT() NAMED_UNIT(*) SI_UNIT(.MILLI.,.METRE.) );
#5864 = ( NAMED_UNIT(*) PLANE_ANGLE_UNIT() SI_UNIT($,.RADIAN.) );
#5865 = ( NAMED_UNIT(*) SI_UNIT($,.STERADIAN.) SOLID_ANGLE_UNIT() );
#5866 = UNCERTAINTY_MEASURE_WITH_UNIT(LENGTH_MEASURE(1.E-07),#5863,
  'distance_accuracy_value','confusion accuracy');
#5867 = CONTEXT_DEPENDENT_SHAPE_REPRESENTATION(#5868,#5870);
#5868 = ( REPRESENTATION_RELATIONSHIP('','',#5261,#10) 
REPRESENTATION_RELATIONSHIP_WITH_TRANSFORMATION(#5869) 
SHAPE_REPRESENTATION_RELATIONSHIP() );
#5869 = ITEM_DEFINED_TRANSFORMATION('','',#11,#27);
#5870 = PRODUCT_DEFINITION_SHAPE('Placement','Placement of an item',
  #5871);
#5871 = NEXT_ASSEMBLY_USAGE_OCCURRENCE('15','Box005','',#5,#5256,$);
#5872 = PRODUCT_RELATED_PRODUCT_CATEGORY('part',$,(#5258));
#5873 = MECHANICAL_DESIGN_GEOMETRIC_PRESENTATION_REPRESENTATION('',(
    #5874,#5885,#5894,#5903),#5862);
#5874 = STYLED_ITEM('color',(#5875),#5262);
#5875 = PRESENTATION_STYLE_ASSIGNMENT((#5876,#5882));
#5876 = SURFACE_STYLE_USAGE(.BOTH.,#5877);
#5877 = SURFACE_SIDE_STYLE('',(#5878));
#5878 = SURFACE_STYLE_FILL_AREA(#5879);
#5879 = FILL_AREA_STYLE('',(#5880));
#5880 = FILL_AREA_STYLE_COLOUR('',#5881);
#5881 = COLOUR_RGB('',0.447058818107,0.474509808674,0.501960817233);
#5882 = CURVE_STYLE('',#5883,POSITIVE_LENGTH_MEASURE(0.1),#5884);
#5883 = DRAUGHTING_PRE_DEFINED_CURVE_FONT('continuous');
#5884 = COLOUR_RGB('',9.803921802644E-02,9.803921802644E-02,
  9.803921802644E-02);
#5885 = STYLED_ITEM('color',(#5886),#5412);
#5886 = PRESENTATION_STYLE_ASSIGNMENT((#5887,#5892));
#5887 = SURFACE_STYLE_USAGE(.BOTH.,#5888);
#5888 = SURFACE_SIDE_STYLE('',(#5889));
#5889 = SURFACE_STYLE_FILL_AREA(#5890);
#5890 = FILL_AREA_STYLE('',(#5891));
#5891 = FILL_AREA_STYLE_COLOUR('',#5881);
#5892 = CURVE_STYLE('',#5893,POSITIVE_LENGTH_MEASURE(0.1),#5884);
#5893 = DRAUGHTING_PRE_DEFINED_CURVE_FONT('continuous');
#5894 = STYLED_ITEM('color',(#5895),#5562);
#5895 = PRESENTATION_STYLE_ASSIGNMENT((#5896,#5901));
#5896 = SURFACE_STYLE_USAGE(.BOTH.,#5897);
#5897 = SURFACE_SIDE_STYLE('',(#5898));
#5898 = SURFACE_STYLE_FILL_AREA(#5899);
#5899 = FILL_AREA_STYLE('',(#5900));
#5900 = FILL_AREA_STYLE_COLOUR('',#5881);
#5901 = CURVE_STYLE('',#5902,POSITIVE_LENGTH_MEASURE(0.1),#5884);
#5902 = DRAUGHTING_PRE_DEFINED_CURVE_FONT('continuous');
#5903 = STYLED_ITEM('color',(#5904),#5712);
#5904 = PRESENTATION_STYLE_ASSIGNMENT((#5905,#5910));
#5905 = SURFACE_STYLE_USAGE(.BOTH.,#5906);
#5906 = SURFACE_SIDE_STYLE('',(#5907));
#5907 = SURFACE_STYLE_FILL_AREA(#5908);
#5908 = FILL_AREA_STYLE('',(#5909));
#5909 = FILL_AREA_STYLE_COLOUR('',#5881);
#5910 = CURVE_STYLE('',#5911,POSITIVE_LENGTH_MEASURE(0.1),#5884);
#5911 = DRAUGHTING_PRE_DEFINED_CURVE_FONT('continuous');
#5912 = MECHANICAL_DESIGN_GEOMETRIC_PRESENTATION_REPRESENTATION('',(
    #5913,#5922,#5931,#5940),#5243);
#5913 = STYLED_ITEM('color',(#5914),#4643);
#5914 = PRESENTATION_STYLE_ASSIGNMENT((#5915,#5920));
#5915 = SURFACE_STYLE_USAGE(.BOTH.,#5916);
#5916 = SURFACE_SIDE_STYLE('',(#5917));
#5917 = SURFACE_STYLE_FILL_AREA(#5918);
#5918 = FILL_AREA_STYLE('',(#5919));
#5919 = FILL_AREA_STYLE_COLOUR('',#5881);
#5920 = CURVE_STYLE('',#5921,POSITIVE_LENGTH_MEASURE(0.1),#5884);
#5921 = DRAUGHTING_PRE_DEFINED_CURVE_FONT('continuous');
#5922 = STYLED_ITEM('color',(#5923),#4793);
#5923 = PRESENTATION_STYLE_ASSIGNMENT((#5924,#5929));
#5924 = SURFACE_STYLE_USAGE(.BOTH.,#5925);
#5925 = SURFACE_SIDE_STYLE('',(#5926));
#5926 = SURFACE_STYLE_FILL_AREA(#5927);
#5927 = FILL_AREA_STYLE('',(#5928));
#5928 = FILL_AREA_STYLE_COLOUR('',#5881);
#5929 = CURVE_STYLE('',#5930,POSITIVE_LENGTH_MEASURE(0.1),#5884);
#5930 = DRAUGHTING_PRE_DEFINED_CURVE_FONT('continuous');
#5931 = STYLED_ITEM('color',(#5932),#4943);
#5932 = PRESENTATION_STYLE_ASSIGNMENT((#5933,#5938));
#5933 = SURFACE_STYLE_USAGE(.BOTH.,#5934);
#5934 = SURFACE_SIDE_STYLE('',(#5935));
#5935 = SURFACE_STYLE_FILL_AREA(#5936);
#5936 = FILL_AREA_STYLE('',(#5937));
#5937 = FILL_AREA_STYLE_COLOUR('',#5881);
#5938 = CURVE_STYLE('',#5939,POSITIVE_LENGTH_MEASURE(0.1),#5884);
#5939 = DRAUGHTING_PRE_DEFINED_CURVE_FONT('continuous');
#5940 = STYLED_ITEM('color',(#5941),#5093);
#5941 = PRESENTATION_STYLE_ASSIGNMENT((#5942,#5947));
#5942 = SURFACE_STYLE_USAGE(.BOTH.,#5943);
#5943 = SURFACE_SIDE_STYLE('',(#5944));
#5944 = SURFACE_STYLE_FILL_AREA(#5945);
#5945 = FILL_AREA_STYLE('',(#5946));
#5946 = FILL_AREA_STYLE_COLOUR('',#5881);
#5947 = CURVE_STYLE('',#5948,POSITIVE_LENGTH_MEASURE(0.1),#5884);
#5948 = DRAUGHTING_PRE_DEFINED_CURVE_FONT('continuous');
#5949 = MECHANICAL_DESIGN_GEOMETRIC_PRESENTATION_REPRESENTATION('',(
    #5950),#4624);
#5950 = STYLED_ITEM('color',(#5951),#2344);
#5951 = PRESENTATION_STYLE_ASSIGNMENT((#5952,#5957));
#5952 = SURFACE_STYLE_USAGE(.BOTH.,#5953);
#5953 = SURFACE_SIDE_STYLE('',(#5954));
#5954 = SURFACE_STYLE_FILL_AREA(#5955);
#5955 = FILL_AREA_STYLE('',(#5956));
#5956 = FILL_AREA_STYLE_COLOUR('',#5881);
#5957 = CURVE_STYLE('',#5958,POSITIVE_LENGTH_MEASURE(0.1),#5884);
#5958 = DRAUGHTING_PRE_DEFINED_CURVE_FONT('continuous');
#5959 = MECHANICAL_DESIGN_GEOMETRIC_PRESENTATION_REPRESENTATION('',(
    #5960),#2325);
#5960 = STYLED_ITEM('color',(#5961),#45);
#5961 = PRESENTATION_STYLE_ASSIGNMENT((#5962,#5967));
#5962 = SURFACE_STYLE_USAGE(.BOTH.,#5963);
#5963 = SURFACE_SIDE_STYLE('',(#5964));
#5964 = SURFACE_STYLE_FILL_AREA(#5965);
#5965 = FILL_AREA_STYLE('',(#5966));
#5966 = FILL_AREA_STYLE_COLOUR('',#5881);
#5967 = CURVE_STYLE('',#5968,POSITIVE_LENGTH_MEASURE(0.1),#5884);
#5968 = DRAUGHTING_PRE_DEFINED_CURVE_FONT('continuous');
ENDSEC;
END-ISO-10303-21;
